日期,分類,商品,價格,原價,折價金額,優惠說明,庫存狀態,商品網址,圖片網址,資料來源
2026-09-25,其他,普利司通輪胎/ 限時優惠折扣中,$800,,,,狀態未知,https://www.costco.com.tw/Bridgestone/Bridgestone-Tire-Exclusive-Limited-Time-Offer/p/110563,https://www.costco.com.tw/medias/sys_master/images/h78/hb0/455933833805854.jpg,https://www.costco.com.tw/c/hot-buys?q=:relevance
2026-09-25,其他,倍耐力輪胎 / 限時優惠折扣中,$800,,,,狀態未知,https://www.costco.com.tw/Pirelli/Pirelli-Tire-Exclusive-Limited-Time-Offer/p/117416,https://www.costco.com.tw/medias/sys_master/images/hb2/h8f/275511568728094.jpg,https://www.costco.com.tw/c/hot-buys?q=:relevance
2026-09-25,家電 3C,飛利浦 75吋 4K QLED Google TV 顯示器 75PQT8530/96,"$26,999","$34,999","$8,000","商品已折價$8,000 含運",有貨,https://www.costco.com.tw/Televisions-Appliances/TV-Home-Entertainment/Televisions-TV-Accessories/70-79-TVs/Philips-75-inch-4K-QLED-Google-TV-Monitor-75PQT853096/p/153525,https://www.costco.com.tw/medias/sys_master/images/he0/hf2/438072169365534.jpg,https://www.costco.com.tw/c/hot-buys?q=:relevance
2026-09-25,其他,BOSCH 4系列 60公分 獨立式洗碗機 13人份,"$26,999","$33,999","$7,000","商品已折價$7,000 含運",有貨,https://www.costco.com.tw/p/159885,https://www.costco.com.tw/medias/sys_master/images/hfc/h3a/449275394326558.jpg,https://www.costco.com.tw/c/hot-buys?q=:relevance
2026-09-25,日用品／母嬰／玩具,橘子工坊 除臭酵素洗衣精 4公升 X 2入,$859,"$1,099",$240,商品已折價 $240 含運,有貨,https://www.costco.com.tw/Household-Baby-Toys/Household-Essentials/Laundry-Care/Orange-House-Odor-Remover-Enzyme-Laundry-Detergent-4-L-X-2-Count/p/218559,https://www.costco.com.tw/medias/sys_master/images/hba/he7/260838176423966.jpg,https://www.costco.com.tw/c/hot-buys?q=:relevance
2026-09-25,食品飲料,大成 冷凍炙烤雞肉串 480公克,$434,$529,$95,商品已折價$95 含運,有貨,https://www.costco.com.tw/Food-Dining/Frozen-Fresh-Food/Frozen-Meals/p/8500806,https://www.costco.com.tw/medias/sys_master/images/h5c/h2e/242858086989854.jpg,https://www.costco.com.tw/c/hot-buys?q=:relevance
2026-09-25,食品飲料,冷凍薄鹽白腹鯖魚片 800公克,$425,$525,$100,商品已折價 $100 含運,有貨,https://www.costco.com.tw/Food-Dining/Frozen-Fresh-Food/Frozen-Seafood-Meat/Frozen-Lightly-Salted-Mackerel-800-g/p/463663,https://www.costco.com.tw/medias/sys_master/images/h8f/h3a/449275468152862.jpg,https://www.costco.com.tw/c/hot-buys?q=:relevance
2026-09-25,其他,茶屋樂將軍牛蒡茶 5公克 X 60入,$379,$479,$100,商品已折價$100 含運,有貨,https://www.costco.com.tw/Cha-Wu-Le/Cha-Wu-Le-Burdock-Tea-5-g-X-60-Count/p/106150,https://www.costco.com.tw/medias/sys_master/images/hc0/h1e/31569513316382.jpg,https://www.costco.com.tw/c/hot-buys?q=:relevance
2026-09-25,食品飲料,IF 純椰子汁 1公升 X 6入,$369,$449,$80,商品已折價$80 含運,有貨,https://www.costco.com.tw/Food-Dining/Drinks/Beverages-Juice/IF-Pure-Coconut-Water-1-L-X-6-Count/p/145957,https://www.costco.com.tw/medias/sys_master/images/h30/hcb/240433864802334.jpg,https://www.costco.com.tw/c/hot-buys?q=:relevance
2026-09-25,食品飲料,士力架 迷你花生巧克力隨手包 9公克 X 126條,$449,$559,$110,商品已折價$110 含運,有貨,https://www.costco.com.tw/Food-Dining/Snacks/p/63005,https://www.costco.com.tw/medias/sys_master/images/hfb/h49/26606254719006.jpg,https://www.costco.com.tw/c/hot-buys?q=:relevance
2026-09-25,其他,愛之味 純濃燕麥 340毫升 X 12入,$229,$289,$60,商品已折價$60 含運,有貨,https://www.costco.com.tw/c/AGV-100-Oatmeal-Drink-340-ml-X-12-Count/p/97313,https://www.costco.com.tw/medias/sys_master/images/h9f/hc7/223676730114078.jpg,https://www.costco.com.tw/c/hot-buys?q=:relevance
2026-09-25,日用品／母嬰／玩具,Ariel 極致雙效洗衣精補充包 1100公克 X 6 入,$749,$949,$200,商品已折價 $200 含運,有貨,https://www.costco.com.tw/Household-Baby-Toys/Household-Essentials/Laundry-Care/Ariel-Laundry-Detergent-Liquid-Refill-1100-g-X-6-Count/p/417455,https://www.costco.com.tw/medias/sys_master/images/h1a/hc8/438035520225310.jpg,https://www.costco.com.tw/c/hot-buys?q=:relevance
2026-09-25,保健美容,益節 加強型迷你錠 60錠,"$1,119","$1,399",$280,商品已折價 $280 含運,有貨,https://www.costco.com.tw/Health-Beauty/Supplements/Bone-Joint-Support/Schiff-Move-Free-Ultra-with-UC-II-60-Tablet/p/363985,https://www.costco.com.tw/medias/sys_master/images/he4/hee/62314531160094.jpg,https://www.costco.com.tw/c/hot-buys?q=:relevance
2026-09-25,保健美容,天地合補 龜鹿雙寶飲 68毫升 X 30入,"$1,219","$1,529",$310,商品已折價 $310 含運,有貨,https://www.costco.com.tw/Health-Beauty/Supplements/Bone-Joint-Support/Essence-of-Guilu-68-ml-X-30-Count/p/103719,https://www.costco.com.tw/medias/sys_master/images/hc5/h54/203141574033438.jpg,https://www.costco.com.tw/c/hot-buys?q=:relevance
2026-09-25,日用品／母嬰／玩具,五月花 妙用綿柔抽取衛生紙 輕巧包 130抽 X 108入,$899,"$1,129",$230,商品已折價 $230 含運；商品已折價 $230；2026/07/20-08/02期間購買指定家具，買1件享85折，買2件享8折優惠。,有貨,https://www.costco.com.tw/Household-Baby-Toys/Household-Essentials/Toilet-Paper-Paper-Towels/Mayflower-Multi-Function-Mini-Interfold-Tissue-Paper-130-Sheet-X-108-Count/p/187901,https://www.costco.com.tw/medias/sys_master/images/h95/hdc/65294096039966.jpg,https://www.costco.com.tw/c/hot-buys?q=:relevance
2026-09-25,食品飲料,蜜蜂工坊 Beelove 高山蜂蜜禮盒 700公克 X 2入,$669,$849,$180,商品已折價$180 含運,有貨,https://www.costco.com.tw/Food-Dining/Groceries/Baking-Dried-Goods/BeeTouched-Beelove-Taiwan-Mountains-Honey-Gift-Pack-700-g-X-2-Pack/p/307304,https://www.costco.com.tw/medias/sys_master/images/h56/h00/361386815160350.jpg,https://www.costco.com.tw/c/hot-buys?q=:relevance
2026-09-25,保健美容,Youth Light 優識立新複方金盞花萃取葉黃素 130粒,$799,$999,$200,商品已折價 $200 含運,有貨,https://www.costco.com.tw/Health-Beauty/Supplements/Supplements-Digestive-Support/Youth-Light-New-Lutein-130-Softgel/p/998437,https://www.costco.com.tw/medias/sys_master/images/hb0/hca/383036656320542.jpg,https://www.costco.com.tw/c/hot-buys?q=:relevance
2026-09-25,食品飲料,UCC 職人精選濾掛式咖啡 7公克 X 75入,$581,$725,$144,商品已折價$144 含運,有貨,https://www.costco.com.tw/Food-Dining/Drinks/Coffee/UCC-Drip-Coffee-7-g-X-75-Count/p/398703,https://www.costco.com.tw/medias/sys_master/images/hd0/h0b/328848187523102.jpg,https://www.costco.com.tw/c/hot-buys?q=:relevance
2026-09-25,食品飲料,大成 冷凍十三香烤雞翅 2公斤,$445,$559,$114,商品已折價 $114 含運,有貨,https://www.costco.com.tw/Food-Dining/Frozen-Fresh-Food/Frozen-Meals/Dachan-Frozen-BBQ-Chicken-Wings-with-13-Spices-2-kg/p/152230,https://www.costco.com.tw/medias/sys_master/images/h77/h0f/368495166652446.jpg,https://www.costco.com.tw/c/hot-buys?q=:relevance
2026-09-25,食品飲料,鮮一杯 曼特寧濾掛咖啡 11公克 X 50入,$475,$615,$140,商品已折價$140 含運,有貨,https://www.costco.com.tw/Food-Dining/Drinks/Coffee/Onefreshcup-Gayo-Mandheling-Drip-Coffee-11-g-X-50-Count/p/101329,https://www.costco.com.tw/medias/sys_master/images/h15/hae/33329112743966.jpg,https://www.costco.com.tw/c/hot-buys?q=:relevance
2026-09-25,其他,白蘭氏鷄精 68毫升 X 30入 + 41毫升 X 2入,"$1,179","$1,479",$300,商品已折價 $300 含運,有貨,https://www.costco.com.tw/c/Brands-Essence-of-Chicken-68-ml-X-30-Count-41-ml-X-2-Count/p/145184,https://www.costco.com.tw/medias/sys_master/images/hac/ha5/413801221193758.jpg,https://www.costco.com.tw/c/hot-buys?q=:relevance
2026-09-25,其他,老協珍 冷凍熬雞精 68毫升 X 30入,"$3,199","$3,999",$800,商品已折價$800 含運,有貨,https://www.costco.com.tw/Elderly-Care/p/118552,https://www.costco.com.tw/medias/sys_master/images/hf8/h1e/34495710363678.jpg,https://www.costco.com.tw/c/hot-buys?q=:relevance
2026-09-25,保健美容,Charmnap 女性漏尿墊 50cc 72片,$159,$205,$46,商品已折價$46 含運,有貨,https://www.costco.com.tw/Health-Beauty/Personal-Care/Adult-Diapers-Incontinence/Charmnap-Incontinence-Pad-50-cc-72-Piece/p/116343,https://www.costco.com.tw/medias/sys_master/images/hc2/h59/308411236548638.jpg,https://www.costco.com.tw/c/hot-buys?q=:relevance
2026-09-25,其他,Charmnap 女性漏尿墊 3 cc X 160片,$159,$205,$46,商品已折價$46 含運,有貨,https://www.costco.com.tw/p/118786,https://www.costco.com.tw/medias/sys_master/images/hca/hed/308411236679710.jpg,https://www.costco.com.tw/c/hot-buys?q=:relevance
2026-09-25,保健美容,Redoxon 力度伸 維他命 C + D + 鈣 發泡錠 45錠(15錠 X 3條),$609,$769,$160,商品已折價 $160 含運,有貨,https://www.costco.com.tw/Health-Beauty/Supplements/Multi-Letter-Vitamins/Redoxon-C-D-Calcium-Effervescent-45-Tablet-15-Tablet-X-3-Pack/p/100762,https://www.costco.com.tw/medias/sys_master/images/hbc/ha8/386019903307806.jpg,https://www.costco.com.tw/c/hot-buys?q=:relevance
2026-09-25,其他,來復易 輕快活力褲 內褲型成人紙尿褲 L號 80片,"$1,169","$1,469",$300,商品已折價$300 含運；商品已折價 $300；2026/07/20-08/02期間購買指定家具，買1件享85折，買2件享8折優惠。,有貨,https://www.costco.com.tw/c/Lifree-Lightweight-Adult-Diaper-Pants-L-Size-80-Piece/p/200967,https://www.costco.com.tw/medias/sys_master/images/h8a/hee/97209112821790.jpg,https://www.costco.com.tw/c/hot-buys?q=:relevance
2026-09-25,食品飲料,Tree Top 蘋果汁 320毫升 X 24入,$404,$499,$95,商品已折價$95 含運,有貨,https://www.costco.com.tw/Food-Dining/Drinks/Beverages-Juice/Tree-Top-Apple-Juice-320-ml-X-24-Count/p/140770,https://www.costco.com.tw/medias/sys_master/images/h02/hed/15234312437790.jpg,https://www.costco.com.tw/c/hot-buys?q=:relevance
2026-09-25,食品飲料,北海 鱈魚香絲 青花椒辣味 600公克,$279,$349,$70,商品已折價$70 含運,有貨,https://www.costco.com.tw/Food-Dining/Snacks/Cookies-Chips/North-Sea-Fish-Snack-Sichuan-Green-Peppercorn-Spicy-Flavor-600-g/p/336249,https://www.costco.com.tw/medias/sys_master/images/h6a/h3e/382254248099870.jpg,https://www.costco.com.tw/c/hot-buys?q=:relevance
2026-09-25,保健美容,威德 維生素 K2+D3 膠囊 120粒,$429,$529,$100,商品已折價 $100 含運,有貨,https://www.costco.com.tw/Health-Beauty/Supplements/Multi-Letter-Vitamins/Weider-Vitamin-K2-D3-120-Capsule/p/144635,https://www.costco.com.tw/medias/sys_master/images/h07/h84/470130278989854.jpg,https://www.costco.com.tw/c/hot-buys?q=:relevance
2026-09-25,食品飲料,日本手工黃金芝麻醬 405公克,$299,$389,$90,商品已折價$90 含運,有貨,https://www.costco.com.tw/Food-Dining/Groceries/Cooking-Oil-Sauces/Kingmori-Sesame-Dressing-405-g/p/76482,https://www.costco.com.tw/medias/sys_master/images/h1e/h2d/35053465305118.jpg,https://www.costco.com.tw/c/hot-buys?q=:relevance
2026-09-25,其他,桂格 即沖即食大燕麥片隨身包 37.5公克 X 44入,$459,$569,$110,商品已折價$110 含運,有貨,https://www.costco.com.tw/c/Quaker-Instant-Whole-Oats-375-g-X-44-Pack/p/204989,https://www.costco.com.tw/medias/sys_master/images/hcf/h9a/362805000110110.jpg,https://www.costco.com.tw/c/hot-buys?q=:relevance
2026-09-25,食品飲料,科克蘭 核桃 1.36公斤,$479,$529,$50,商品已折價$50 含運,有貨,https://www.costco.com.tw/Food-Dining/Snacks/Nuts-Jerky/Kirkland-Signature-Shelled-Walnuts-136-kg/p/999987,https://www.costco.com.tw/medias/sys_master/images/h5a/hdd/117962439327774.jpg,https://www.costco.com.tw/c/hot-buys?q=:relevance
2026-09-25,食品飲料,奇多 隨口脆玉米脆 28公克 X 25包 共700公克,$225,$275,$50,商品已折價$50 含運,有貨,https://www.costco.com.tw/Food-Dining/Snacks/Cookies-Chips/Cheetos-Shots-Multi-Pack-28-g-X-25-Pack/p/558988,https://www.costco.com.tw/medias/sys_master/images/h93/h56/434799002255390.jpg,https://www.costco.com.tw/c/hot-buys?q=:relevance
2026-09-25,食品飲料,CJ 韓式醃烤調味醬 840公克 X 2入,$199,$249,$50,商品已折價$50 含運,有貨,https://www.costco.com.tw/Food-Dining/Groceries/Cooking-Oil-Sauces/p/39053,https://www.costco.com.tw/medias/sys_master/images/hac/h94/291632927473694.jpg,https://www.costco.com.tw/c/hot-buys?q=:relevance
2026-09-25,其他,徠芬 高速吹風機 SE,"$2,119","$2,659",$540,商品已折價$540 含運,缺貨,https://www.costco.com.tw/Hair-Skin-Care-Tools/p/156484,https://www.costco.com.tw/medias/sys_master/images/h00/h6f/401755812266014.jpg,https://www.costco.com.tw/c/hot-buys?q=:relevance
2026-09-25,其他,來復易 輕快活力褲 內褲型成人紙尿褲 LL號 72片,"$1,169","$1,469",$300,商品已折價$300 含運；商品已折價 $300；2026/07/20-08/02期間購買指定家具，買1件享85折，買2件享8折優惠。,有貨,https://www.costco.com.tw/c/Lifree-Lightweight-Adult-Diaper-Pants-LL-Size-72-Piece/p/200970,https://www.costco.com.tw/medias/sys_master/images/hd3/h11/97209114394654.jpg,https://www.costco.com.tw/c/hot-buys?q=:relevance
2026-09-25,保健美容,Charmnap 女性漏尿墊 15cc 128片,$239,$299,$60,商品已折價$60 含運；商品已折價 $60；2026/07/20-08/02期間購買指定家具，買1件享85折，買2件享8折優惠。,有貨,https://www.costco.com.tw/Health-Beauty/Personal-Care/Adult-Diapers-Incontinence/Charmnap-Incontinence-Pad-15-cc-128-Piece/p/116342,https://www.costco.com.tw/medias/sys_master/images/h46/hd8/308411236941854.jpg,https://www.costco.com.tw/c/hot-buys?q=:relevance
2026-09-25,食品飲料,立頓 茗閒情台灣茶 活綠茶三角茶包 2.5公克 X 120入,$319,$399,$80,商品已折價$80 含運,有貨,https://www.costco.com.tw/Food-Dining/Drinks/Tea/Lipton-Taiwan-Green-Tea-Triangle-Tea-Bag-25-g-X-120-Piece/p/398704,https://www.costco.com.tw/medias/sys_master/images/h37/hba/116669445701662.jpg,https://www.costco.com.tw/c/hot-buys?q=:relevance
2026-09-25,其他,天地合補 玫瑰四物飲葡萄籽配方 120毫升 X 18入,$639,$799,$160,商品已折價 $160 含運,有貨,https://www.costco.com.tw/Elderly-Care/p/83091,https://www.costco.com.tw/medias/sys_master/images/h1c/h77/26784627982366.jpg,https://www.costco.com.tw/c/hot-buys?q=:relevance
2026-09-25,其他,來復易 輕快活力褲 內褲型成人紙尿褲 M號 88片,"$1,119","$1,399",$280,商品已折價$280 含運,有貨,https://www.costco.com.tw/c/p/143712,https://www.costco.com.tw/medias/sys_master/images/he7/hd0/206736909238302.jpg,https://www.costco.com.tw/c/hot-buys?q=:relevance
2026-09-25,食品飲料,科克蘭 無籽加州李乾 1.58公斤,$339,$379,,需一次購買活動組數才可享受此優惠 含運,有貨,https://www.costco.com.tw/Food-Dining/Snacks/Nuts-Jerky/Kirkland-Signature-Sunsweet-Dried-Plums-158-kg/p/583577,https://www.costco.com.tw/medias/sys_master/images/hc2/h94/167692471894046.jpg,https://www.costco.com.tw/c/hot-buys?q=:relevance
2026-09-25,其他,老協珍 人蔘精 GABA Plus 麥蘆卡蜂蜜口味 70毫升 X 33入,"$1,125","$1,399",$274,商品已折價 $274 含運,有貨,https://www.costco.com.tw/Elderly-Care/p/241835,https://www.costco.com.tw/medias/sys_master/images/h22/hb0/261774602469406.jpg,https://www.costco.com.tw/c/hot-buys?q=:relevance
2026-09-25,食品飲料,灣仔碼頭 冷凍金選高麗菜豬肉水餃 750公克 X 4包,$519,$639,$120,商品已折價$120 含運,有貨,https://www.costco.com.tw/Food-Dining/Frozen-Fresh-Food/Frozen-Meals/Wanchai-Ferry-Frozen-Golden-Selected-Cabbage-Pork-Dumplings-750-g-X-4-Pack/p/435364,https://www.costco.com.tw/medias/sys_master/images/h6a/h8b/471216559325214.jpg,https://www.costco.com.tw/c/hot-buys?q=:relevance
2026-09-25,食品飲料,百奇 巧克力棒 40公克 X 12入,$325,$399,$74,商品已折價$74 含運,有貨,https://www.costco.com.tw/Food-Dining/Snacks/Candies-Chocolates/Pocky-Chocolate-Biscuit-Sticks-40-g-X-12-Pack/p/103454,https://www.costco.com.tw/medias/sys_master/images/h33/hc0/69511096762398.jpg,https://www.costco.com.tw/c/hot-buys?q=:relevance
2026-09-25,保健美容,Ozi Choice A2牛奶鈣片咀嚼錠 288錠,$629,$779,$150,商品已折價 $150 含運,有貨,https://www.costco.com.tw/Health-Beauty/Supplements/Kids-Health/Ozi-Choice-A2-Australian-Milky-Bites-Vanilla-288-Tablet/p/505050,https://www.costco.com.tw/medias/sys_master/images/h5f/h28/298414611955742.jpg,https://www.costco.com.tw/c/hot-buys?q=:relevance
2026-09-25,服飾配件,Cole Haan 男短襪十入組,$439,$549,$110,商品已折價$110 含運,缺貨,https://www.costco.com.tw/Clothing-Accessories/p/926341,https://www.costco.com.tw/medias/sys_master/images/hbe/h6e/471216592781342.jpg,https://www.costco.com.tw/c/hot-buys?q=:relevance
2026-09-25,家具家居,3M 平單式雙人保潔墊 3件組 150公分 X 186公分 X 32公分,"$1,295","$1,679",$384,商品已折價$384 含運；商品已折價 $384；2026/07/20-08/02期間購買指定家具，買1件享85折，買2件享8折優惠。,有貨,https://www.costco.com.tw/Furniture-Kitchen/Bedding/Mattress-Toppers/3M-Protective-Pad-Bed-Cover-3-Piece-150-cm-X-186-cm-X-32-cm/p/107147,https://www.costco.com.tw/medias/sys_master/images/h7f/hb0/175686347653150.jpg,https://www.costco.com.tw/c/hot-buys?q=:relevance
2026-09-25,日用品／母嬰／玩具,鱷魚 水性液體電蚊香 X6入 + 智能定時電蚊香器 X2入,$559,$699,$140,商品已折價$140 含運,有貨,https://www.costco.com.tw/Household-Baby-Toys/p/160721,https://www.costco.com.tw/medias/sys_master/images/h2f/h2f/454001846386718.jpg,https://www.costco.com.tw/c/hot-buys?q=:relevance
2026-09-25,家電 3C,SHOKZ OpenSwim Pro S710 水陸兩用專業藍牙運動耳機 頁岩灰,"$3,729","$4,669",$940,商品已折價$940 含運,有貨,https://www.costco.com.tw/Digital-Mobile/Wearables-Audio/Headphones-Audio-Devices/SHOKZ-OpenSwim-Pro-S710-Waterproof-and-Land-Compatible-Bluetooth-Sport-Headphones-Grey/p/150874,https://www.costco.com.tw/medias/sys_master/images/hef/hd0/312616231993374.jpg,https://www.costco.com.tw/c/hot-buys?q=:relevance
2026-09-25,家具家居,3M 平單式雙人加大保潔墊 3件組 180公分 X 186公分 X 35公分,"$1,445","$1,829",$384,商品已折價$384 含運；商品已折價 $384；2026/07/20-08/02期間購買指定家具，買1件享85折，買2件享8折優惠。,有貨,https://www.costco.com.tw/Furniture-Kitchen/Bedding/Mattress-Toppers/3M-Protective-Pad-Bed-Cover-3-Piece-180-cm-X-186-cm-X-35-cm/p/107148,https://www.costco.com.tw/medias/sys_master/images/h9f/hc0/175686347718686.jpg,https://www.costco.com.tw/c/hot-buys?q=:relevance
2026-09-25,食品飲料,ASC 冷凍吳郭魚片 1.3公斤,$599,$739,$140,商品已折價$140 含運,有貨,https://www.costco.com.tw/Food-Dining/Frozen-Fresh-Food/Frozen-Seafood-Meat/ASC-Frozen-Tilapia-Fillet-13KG/p/484596,https://www.costco.com.tw/medias/sys_master/images/h0e/h0d/363705051938846.jpg,https://www.costco.com.tw/c/hot-buys?q=:relevance
2026-09-25,家具家居,Brita Flow 桌上型濾水箱 8.2公升 附6入 Maxtra Pro 濾芯,"$1,645","$2,059",$414,商品已折價$414 含運,有貨,https://www.costco.com.tw/Furniture-Kitchen/Kitchen-Dining/Water-Filtration/Brita-Flow-Tabletop-82-L-with-Maxtra-Pro-Filters-X-6-Count/p/146057,https://www.costco.com.tw/medias/sys_master/images/h3c/h86/245391134031902.jpg,https://www.costco.com.tw/c/hot-buys?q=:relevance
2026-09-25,服飾配件,SWISS MILITARY 24吋行李箱,"$2,399","$2,999",$600,商品已折價$600 含運,缺貨,https://www.costco.com.tw/Clothing-Accessories/Luggage-Backpacks/Luggage/SWISS-MILITARY-24-inch-Luggage/p/615812,https://www.costco.com.tw/medias/sys_master/images/h32/he6/188147733987358.jpg,https://www.costco.com.tw/c/hot-buys?q=:relevance
2026-09-25,家電 3C,惠而浦 198公升臥式冷凍櫃 WCFZ2000W,"$7,199","$8,999","$1,800","商品已折價$1,800 含運；商品已折價 $1,800；2026/07/20-08/02期間購買指定家具，買1件享85折，買2件享8折優惠。",有貨,https://www.costco.com.tw/Televisions-Appliances/Large-Appliances/Fridges-Freezers/Overall-Capacity-100-200-L/Whirlpool-198-L-Chest-Freezer-WCFZ2000W/p/135448,https://www.costco.com.tw/medias/sys_master/images/h7c/he9/103644746842142.jpg,https://www.costco.com.tw/c/hot-buys?q=:relevance
2026-09-25,其他,科克蘭 高爾夫三層球24入 白球,$869,"$1,099",$230,商品已折價$230 含運,有貨,https://www.costco.com.tw/Sports-Lifestyle/Sports-Fitness/Team-Sports/Kirkland-Signature-3-Piece-Golf-Ball-24-Count-White/p/1819440,https://www.costco.com.tw/medias/sys_master/images/hea/hc8/436453711839262.jpg,https://www.costco.com.tw/c/hot-buys?q=:relevance
2026-09-25,其他,科克蘭 真皮高爾夫手套 4入左手套適用於右手打者,$759,$949,$190,商品已折價$190 含運,缺貨,https://www.costco.com.tw/Sports-Lifestyle/Sports-Fitness/Team-Sports/Kirkland-Signature-Leather-Golf-Glove-4-Pack-Right-Handed/p/1418682,https://www.costco.com.tw/medias/sys_master/images/hc3/h2d/87954007621662.jpg,https://www.costco.com.tw/c/hot-buys?q=:relevance
2026-09-25,食品飲料,克寧 紐西蘭全脂奶粉 2.5公斤,$575,$719,$144,商品已折價$144 含運,有貨,https://www.costco.com.tw/Food-Dining/Drinks/Powdered-Drink-Mix-Cereal-Oats/KLIM-New-Zealand-Full-Cream-Milk-Powder-25-kg/p/130352,https://www.costco.com.tw/medias/sys_master/images/h5a/hfa/99114369974302.jpg,https://www.costco.com.tw/c/hot-buys?q=:relevance
2026-09-25,食品飲料,本味誠現 綜合乳酥餅 (原味與巧克力風味) 1207.5公克,$325,$399,$74,商品已折價$74 含運,有貨,https://www.costco.com.tw/Food-Dining/Snacks/Cookies-Chips/Assorted-Shortbread-Original-Chocolate-12075-g/p/160015,https://www.costco.com.tw/medias/sys_master/images/h18/h61/466558754127902.jpg,https://www.costco.com.tw/c/hot-buys?q=:relevance
2026-09-25,保健美容,Fiesta Pure Shine 洗臉洗手慕絲 280毫升 + 2公升補充瓶,$529,$669,,需一次購買活動組數才可享受此優惠 含運,有貨,https://www.costco.com.tw/Health-Beauty/Personal-Care/Facial-Cleansers-Hand-Washes/Fiesta-Pure-Shine-Face-Hand-Foam-280-ml-and-2-L-Refill/p/125194,https://www.costco.com.tw/medias/sys_master/images/hc9/h9a/117828151541790.jpg,https://www.costco.com.tw/c/hot-buys?q=:relevance
2026-09-25,食品飲料,盛香珍 蒜片青豆 760公克,$209,$259,$50,商品已折價$50 含運,有貨,https://www.costco.com.tw/Food-Dining/Snacks/Nuts-Jerky/SHJ-Green-Peas-With-Garlic-Slices-760-g/p/106657,https://www.costco.com.tw/medias/sys_master/images/h56/h9b/65765251383326.jpg,https://www.costco.com.tw/c/hot-buys?q=:relevance
2026-09-25,食品飲料,碧歐星球 初榨亞麻仁油 500毫升,$299,$369,$70,商品已折價$70 含運,有貨,https://www.costco.com.tw/Food-Dining/Groceries/Cooking-Oil-Sauces/Bio-Planete-Virgin-Flaxseed-Oil-500-ml/p/153283,https://www.costco.com.tw/medias/sys_master/images/hcd/h31/350741227143198.jpg,https://www.costco.com.tw/c/hot-buys?q=:relevance
2026-09-25,其他,大成 台灣冷凍雞清胸肉 2.7公斤 X 5入,"$2,349","$2,679",$330,商品已折價$330 含運,有貨,https://www.costco.com.tw/Business-Delivery/Food-Beverages-Pet-Supplies/Frozen-Food/Dachan-Taiwan-Frozen-Chicken-Breast-27-kg-X-5-Count/p/119169,https://www.costco.com.tw/medias/sys_master/images/hca/he5/168536086675486.jpg,https://www.costco.com.tw/c/hot-buys?q=:relevance
2026-09-25,食品飲料,桂格 蛋白可可燕麥脆穀 750克,$259,$319,$60,商品已折價$60 含運,有貨,https://www.costco.com.tw/Food-Dining/Drinks/Powdered-Drink-Mix-Cereal-Oats/Quaker-Protein-Cocoa-Oat-Granola-750-g/p/145177,https://www.costco.com.tw/medias/sys_master/images/h4f/he8/240433812996126.jpg,https://www.costco.com.tw/c/hot-buys?q=:relevance
2026-09-25,食品飲料,Airwaves 極酷嗆涼無糖口香糖 462公克,$389,$489,$100,商品已折價$100 含運,有貨,https://www.costco.com.tw/Food-Dining/Snacks/Candies-Chocolates/Airwaves-Super-Menthol-Eucalyptus-Flavor-Sugarfree-Chewing-Gum-462-g/p/195827,https://www.costco.com.tw/medias/sys_master/images/hfa/h0e/118693302763550.jpg,https://www.costco.com.tw/c/hot-buys?q=:relevance
2026-09-25,食品飲料,奧利奧 迷你奧利奧巧克力夾心餅乾香草口味 20.4公克 X 60入,$394,$519,,需一次購買活動組數才可享受此優惠 含運,有貨,https://www.costco.com.tw/Food-Dining/Snacks/Cookies-Chips/OREO-Mini-Chocolate-Sandwich-Cookies-with-Vanilla-flavored-Cream-204-g-X-60-Count/p/426451,https://www.costco.com.tw/medias/sys_master/images/h81/h17/351316711931934.jpg,https://www.costco.com.tw/c/hot-buys?q=:relevance
2026-09-25,日用品／母嬰／玩具,威滅滅蟑隊-s,$239,$299,$60,商品已折價$60 含運,有貨,https://www.costco.com.tw/Household-Baby-Toys/Household-Essentials/Pest-Control-Air-Care/-s/p/73655,https://www.costco.com.tw/medias/sys_master/images/hdb/h5a/223927011901470.jpg,https://www.costco.com.tw/c/hot-buys?q=:relevance
2026-09-25,食品飲料,卡迪那 玉米糙米脆片原味 70公克 X 10包,$269,$339,$70,商品已折價$70 含運,有貨,https://www.costco.com.tw/Food-Dining/Snacks/Cookies-Chips/Cadina-Popped-Corn-Rice-Chips-Original-Flavor-70-g-X-10-Pack/p/886600,https://www.costco.com.tw/medias/sys_master/images/hf2/h52/295029065154590.jpg,https://www.costco.com.tw/c/hot-buys?q=:relevance
2026-09-25,食品飲料,原萃 白毫烏龍茶 580毫升 X 24入,$409,$499,$90,商品已折價$90 含運,有貨,https://www.costco.com.tw/Food-Dining/Drinks/Tea/Real-Leaf-White-Tipped-Oolong-Tea-580-ml-X-24-Count/p/200892,https://www.costco.com.tw/medias/sys_master/images/h40/h24/223927011311646.jpg,https://www.costco.com.tw/c/hot-buys?q=:relevance
2026-09-25,食品飲料,雀巢 金牌冰萃濾袋雙口味組 10公克 X 40入,$319,$449,$130,商品已折價$130 含運,有貨,https://www.costco.com.tw/Food-Dining/Drinks/Coffee/Nescafe-Gold-Cold-Brew-Mix-Pack-10-g-X-40-Pack/p/332545,https://www.costco.com.tw/medias/sys_master/images/h5a/h30/438876389703710.jpg,https://www.costco.com.tw/c/hot-buys?q=:relevance
2026-09-25,日用品／母嬰／玩具,風倍清 織物除菌消臭噴霧 高效除臭 370毫升 + 補充包 320毫升 X 4入,$425,$525,$100,商品已折價$100 含運,有貨,https://www.costco.com.tw/Household-Baby-Toys/Household-Essentials/Pest-Control-Air-Care/Febreze-Fabric-Refresher-Gold-370-ml-Refill-320-ml-X-4-Count/p/215928,https://www.costco.com.tw/medias/sys_master/images/h51/hbc/505969141383198.jpg,https://www.costco.com.tw/c/hot-buys?q=:relevance
2026-09-25,其他,INFINITY X1 2000 流明露營燈,$849,"$1,099",$250,商品已折價$250 含運,有貨,https://www.costco.com.tw/Sports-Lifestyle/Camping-Outdoors/Tents-Camping-Gear/INFINITY-X1-2000-Lumen-Camp-Light/p/1872247,https://www.costco.com.tw/medias/sys_master/images/hb4/h59/438876268855326.jpg,https://www.costco.com.tw/c/hot-buys?q=:relevance
2026-09-25,食品飲料,硬咖啡 濾掛咖啡禮盒組 10公克 X 30入,$379,$469,$90,商品已折價$90 含運,有貨,https://www.costco.com.tw/Food-Dining/Drinks/Coffee/CAFEN-Drip-Bag-Coffee-Gift-Pack-10-g-X-30-Pack/p/449717,https://www.costco.com.tw/medias/sys_master/images/h9c/hfe/491698201198622.jpg,https://www.costco.com.tw/c/hot-buys?q=:relevance
2026-09-25,其他,白蘭氏 黑醋栗+金盞花葉黃素精華飲 60毫升 X 30入,"$1,149","$1,429",$280,商品已折價$280 含運,有貨,https://www.costco.com.tw/p/130584,https://www.costco.com.tw/medias/sys_master/images/h4c/h54/333377464500254.jpg,https://www.costco.com.tw/c/hot-buys?q=:relevance
2026-09-25,食品飲料,味滋康柑橘醋醬汁 1公升,$145,$185,,需一次購買活動組數才可享受此優惠 含運,有貨,https://www.costco.com.tw/Food-Dining/Groceries/Cooking-Oil-Sauces/p/126820,https://www.costco.com.tw/medias/sys_master/images/h2d/h99/67984461299742.jpg,https://www.costco.com.tw/c/hot-buys?q=:relevance
2026-09-25,食品飲料,三幸 雪宿米果 北海道濃厚牛奶卡士達風味 78公克 X 6包,$269,$329,$60,商品已折價$60 含運,有貨,https://www.costco.com.tw/Food-Dining/Snacks/Cookies-Chips/Sanko-Yuki-No-Yado-Rice-Cracker-Hokkaido-Milk-Custard-Flavored-78-g-X-6-Pack/p/453830,https://www.costco.com.tw/medias/sys_master/images/h57/hdd/454769551769630.jpg,https://www.costco.com.tw/c/hot-buys?q=:relevance
2026-09-25,家具家居,Purely Indulgent 印度純棉浴巾 76公分 X 147公分 綠色,$199,$265,$66,商品已折價$66 含運,有貨,https://www.costco.com.tw/Furniture-Kitchen/Bedding/Towels/Purely-Indulgent-100-Hygro-Cotton-Bath-Towel-76-cm-X-147-cm-Green/p/1851163,https://www.costco.com.tw/medias/sys_master/images/hda/h04/351316169621534.jpg,https://www.costco.com.tw/c/hot-buys?q=:relevance
2026-09-25,家電 3C,Iris Woozoo 空氣循環扇 STF-360DC-N,"$1,679","$2,099",$420,商品已折價$420 含運,有貨,https://www.costco.com.tw/Televisions-Appliances/Cooling-Heating-Air-Treatment/Heating-Cooling/Iris-Woozoo-DC-Circulator-Fan-STF-360DC-N/p/1747373,https://www.costco.com.tw/medias/sys_master/images/h82/h5a/468568732925982.jpg,https://www.costco.com.tw/c/hot-buys?q=:relevance
2026-09-25,食品飲料,安永 鱸魚精 (原味) 65毫升 X 30入,"$3,189","$3,969",$780,商品已折價$780 含運,有貨,https://www.costco.com.tw/Food-Dining/Groceries/Canned-Prepared-Food/Anyoung-Sante-Premium-Perch-Essence-Original-65-ml-x-30-Pack/p/157118,https://www.costco.com.tw/medias/sys_master/images/h73/h52/413801348562974.jpg,https://www.costco.com.tw/c/hot-buys?q=:relevance
2026-09-25,保健美容,舒特膚 SPF50+ 高效防曬凝露 50毫升 X 2入,$819,"$1,029",$210,商品已折價$210 含運,有貨,https://www.costco.com.tw/Health-Beauty/Beauty-Skin-Care/Sun-Care/Cetaphil-Sun-SPF50-Light-Gel-50-ml-X-2-Pack/p/142601,https://www.costco.com.tw/medias/sys_master/images/h15/h77/450045165994014.jpg,https://www.costco.com.tw/c/hot-buys?q=:relevance
2026-09-25,食品飲料,健達奇趣蛋 20公克 X 12顆,$275,$345,$70,商品已折價$70 含運,缺貨,https://www.costco.com.tw/Food-Dining/Snacks/p/110333,https://www.costco.com.tw/medias/sys_master/images/h18/ha4/491324167880734.jpg,https://www.costco.com.tw/c/hot-buys?q=:relevance
2026-09-25,食品飲料,哈根達斯 冰淇淋 473毫升 X 6入,"$1,059","$1,299",$240,商品已折價$240 含運,有貨,https://www.costco.com.tw/Food-Dining/Frozen-Fresh-Food/Frozen-Meals/Haagen-Dazs-Ice-Cream-473-ml-X-6-Count/p/326800,https://www.costco.com.tw/medias/sys_master/images/h64/hfc/313983086788638.jpg,https://www.costco.com.tw/c/hot-buys?q=:relevance
2026-09-25,其他,刷樂 全效護理漱口水攜帶包 12毫升 X 90入,$439,$549,,需一次購買活動組數才可享受此優惠 含運,有貨,https://www.costco.com.tw/p/157254,https://www.costco.com.tw/medias/sys_master/images/hef/hc4/402145281966110.jpg,https://www.costco.com.tw/c/hot-buys?q=:relevance
2026-09-25,其他,曼秀雷敦 強效防蚊噴霧 120毫升 X 2入,$660,$825,$165,商品已折價$165 含運,有貨,https://www.costco.com.tw/p/138412,https://www.costco.com.tw/medias/sys_master/images/h6f/he6/137650252546078.jpg,https://www.costco.com.tw/c/hot-buys?q=:relevance
2026-09-25,食品飲料,陳稼莊 果汁吸凍飲 百香果+芭樂 220公克 X 12入,$329,$399,$70,商品已折價$70 含運,有貨,https://www.costco.com.tw/Food-Dining/Drinks/Beverages-Juice/p/130245,https://www.costco.com.tw/medias/sys_master/images/h00/hb3/80074774478878.webp,https://www.costco.com.tw/c/hot-buys?q=:relevance
2026-09-25,家電 3C,FoodSaver 食物保存真空卷 5入裝,$655,$825,$170,商品已折價$170 含運,有貨,https://www.costco.com.tw/Televisions-Appliances/Kitchen-Appliances/Cookers-Oven-Microwaves-Food-Waste-Machine/FoodSaver-Food-Seal-Roll-5-Pack/p/82891,https://www.costco.com.tw/medias/sys_master/images/h4f/hf9/62224370958366.jpg,https://www.costco.com.tw/c/hot-buys?q=:relevance
2026-09-25,食品飲料,冷凍龍虎石斑下巴 3公斤,$979,"$1,129",$150,商品已折價$150 含運,有貨,https://www.costco.com.tw/Food-Dining/Frozen-Fresh-Food/Frozen-Seafood-Meat/Frozen-Tiger-Grouper-Jaw-3Kg/p/486793,https://www.costco.com.tw/medias/sys_master/images/ha4/hcd/61645677527070.jpg,https://www.costco.com.tw/c/hot-buys?q=:relevance
2026-09-25,家具家居,Panasonic Eneloop 4號充電電池 10入,$859,"$1,059",$200,商品已折價$200 含運,有貨,https://www.costco.com.tw/Furniture-Kitchen/Hardware-DIY/Power-Tools-Electrical/Panasonic-Eneloop-AAA-Rechargeable-Batteries-10-Pack/p/137510,https://www.costco.com.tw/medias/sys_master/images/h28/h42/155423692881950.jpg,https://www.costco.com.tw/c/hot-buys?q=:relevance
2026-09-25,食品飲料,源鮮智慧農場 綜合萵苣盒 200公克 X 4入,$619,$779,$160,商品已折價$160 含運,有貨,https://www.costco.com.tw/Food-Dining/Frozen-Fresh-Food/Chilled-Fresh-Food/p/960217,https://www.costco.com.tw/medias/sys_master/images/hbf/hfc/99943243055134.jpg,https://www.costco.com.tw/c/hot-buys?q=:relevance
2026-09-25,其他,3M 文具用透明膠帶 16入 1.8公分 X 40公尺,$129,$189,$60,商品已折價$60 含運,有貨,https://www.costco.com.tw/Office-School/Office-Stationary/Tapes-Scissors/3M-Office-Tape-16-Row-18-cm-X-40-m/p/64500,https://www.costco.com.tw/medias/sys_master/images/h05/h45/11953612193822.jpg,https://www.costco.com.tw/c/hot-buys?q=:relevance
2026-09-25,其他,Samsung 65吋 Neo QLED 4K AI 量子智慧顯示器 QA65QN1EHAXXZW,"$25,599","$31,999","$6,400","商品已折價$6,400 含運",有貨,https://www.costco.com.tw/Televisions-TV-Accessories/p/161509,https://www.costco.com.tw/medias/sys_master/images/h41/ha8/505969061396510.jpg,https://www.costco.com.tw/c/hot-buys?q=:relevance
2026-09-25,其他,USii優系 高效鎖鮮夾鏈袋組 57入,$299,$369,$70,商品已折價$70 含運,有貨,https://www.costco.com.tw/p/122672,https://www.costco.com.tw/medias/sys_master/images/hc8/hb2/379897716867102.jpg,https://www.costco.com.tw/c/hot-buys?q=:relevance
2026-09-25,食品飲料,IRIS OHYAMA 富士山檸檬風味強氣泡水 環保無標籤款 500毫升 X 24瓶,$359,$459,$100,商品已折價 $100 含運,有貨,https://www.costco.com.tw/Food-Dining/Drinks/Water-Sparkling-Water/IRIS-OHYAMA-MtFuji-Lemon-Flavor-Strong-Sparkling-Water-ECO-Friendly-No-Label-500-ml-X-24-Count/p/150350,https://www.costco.com.tw/medias/sys_master/images/h52/h58/350052579541022.jpg,https://www.costco.com.tw/c/hot-buys?q=:relevance
2026-09-25,食品飲料,北田 海鮮捲蒜香蝦口味 120公克 X 6包,$289,$349,$60,商品已折價$60 含運,有貨,https://www.costco.com.tw/Food-Dining/Snacks/Cookies-Chips/Pei-Tien-Seafood-Roll-Garlic-Shrimp-Flavor-120-g-X-6-Pack/p/860659,https://www.costco.com.tw/medias/sys_master/images/hf5/haa/346356085948446.jpg,https://www.costco.com.tw/c/hot-buys?q=:relevance
2026-09-25,其他,FoodSaver 食物真空保鮮機 VS2150,"$2,439","$3,059",$620,商品已折價$620 含運,有貨,https://www.costco.com.tw/p/142898,https://www.costco.com.tw/medias/sys_master/images/hd1/hf9/209599786844190.jpg,https://www.costco.com.tw/c/hot-buys?q=:relevance
2026-09-25,服飾配件,Puma 女性內褲五入組,$629,$789,$160,商品已折價$160 含運,缺貨,https://www.costco.com.tw/Clothing-Accessories/p/156903,https://www.costco.com.tw/medias/sys_master/images/hc7/h72/451293261430814.jpg,https://www.costco.com.tw/c/hot-buys?q=:relevance
2026-09-25,日用品／母嬰／玩具,西莎 鮮肉主食碗 雞肉及蔬菜 85公克 X 10入,$449,$559,$110,商品已折價$110 含運,有貨,https://www.costco.com.tw/Household-Baby-Toys/Pet-Supplies/Pet-Dry-Wet-Food/Cesar-Wholesome-Bowl-Dog-Wet-Food-Chicken-with-Vegetables-85-g-X-10-Pack/p/147503,https://www.costco.com.tw/medias/sys_master/images/hf7/hf4/295028597784606.jpg,https://www.costco.com.tw/c/hot-buys?q=:relevance
2026-09-25,其他,SunnyFeel 山扉 可調節露營椅,$489,$719,$230,商品已折價$230 含運,有貨,https://www.costco.com.tw/p/8527298,https://www.costco.com.tw/medias/sys_master/images/h04/h17/487711295438878.jpg,https://www.costco.com.tw/c/hot-buys?q=:relevance
2026-09-25,食品飲料,不二家 經典牛奶糖 520公克,$259,$319,$60,商品已折價$60 含運,有貨,https://www.costco.com.tw/Food-Dining/Snacks/Candies-Chocolates/Fujiya-Peko-Milk-Soft-Candy-520-g/p/155247,https://www.costco.com.tw/medias/sys_master/images/h2f/h79/381660478636062.jpg,https://www.costco.com.tw/c/hot-buys?q=:relevance
2026-09-25,家具家居,Panasonic Eneloop 3號充電電池 10入,$859,"$1,059",$200,商品已折價$200 含運,有貨,https://www.costco.com.tw/Furniture-Kitchen/Hardware-DIY/Power-Tools-Electrical/Panasonic-Eneloop-AA-Rechargeable-Batteries-10-Pack/p/137494,https://www.costco.com.tw/medias/sys_master/images/hd2/h76/155423692980254.jpg,https://www.costco.com.tw/c/hot-buys?q=:relevance
2026-09-25,其他,九陽 多功能豆漿機 SMM55,"$2,349","$2,959",$610,商品已折價$610 含運,有貨,https://www.costco.com.tw/p/147018,https://www.costco.com.tw/medias/sys_master/images/h6c/h2a/330166850682910.jpg,https://www.costco.com.tw/c/hot-buys?q=:relevance
2026-09-25,日用品／母嬰／玩具,橘子工坊 蔬果碗盤洗潔液 2.7公升,$389,$469,$80,商品已折價$80 含運,有貨,https://www.costco.com.tw/Household-Baby-Toys/Household-Essentials/Dish-Detergents/Orange-House-Fruit-and-Vegetable-Dishwashing-Liquid-27-L/p/238003,https://www.costco.com.tw/medias/sys_master/images/hcd/h5c/452750404845598.jpg,https://www.costco.com.tw/c/hot-buys?q=:relevance
2026-09-25,服飾配件,GAP 男短袖Logo上衣,"$1,379",,,,狀態未知,https://www.costco.com.tw/Clothing-Accessories/p/1943125,https://www.costco.com.tw/medias/sys_master/images/h90/h70/472591846277150.jpg,https://www.costco.com.tw/c/hot-buys?q=:relevance
2026-09-25,食品飲料,王德傳 原葉研磨濾掛茶禮盒30包入,$579,$719,$140,商品已折價$140 含運,有貨,https://www.costco.com.tw/Food-Dining/Groceries/p/162449,https://www.costco.com.tw/medias/sys_master/images/h26/hf7/502266181812254.jpg,https://www.costco.com.tw/c/hot-buys?q=:relevance
2026-09-25,保健美容,天地合補 微分子膠原美顏飲 50毫升 X 20入,"$1,199","$1,499",$300,商品已折價$300 含運,有貨,https://www.costco.com.tw/Health-Beauty/Supplements/Supplements-Digestive-Support/Micromolecular-Collagen-Drink-50-ml-X-20-Pack/p/158885,https://www.costco.com.tw/medias/sys_master/images/h31/h0c/434451473891358.jpg,https://www.costco.com.tw/c/hot-buys?q=:relevance
2026-09-25,家具家居,歐司朗 朗德萬斯 16W LED 恆星雙臂檯燈 座夾兩用,"$2,549","$3,199",$650,商品已折價$650 含運,有貨,https://www.costco.com.tw/Furniture-Kitchen/Hardware-DIY/Lighting-Light-Bulbs/OSRAM-LEDVANCE-16W-LED-Table-Lamp-Stellar/p/138356,https://www.costco.com.tw/medias/sys_master/images/ha1/he2/222184712667166.jpg,https://www.costco.com.tw/c/hot-buys?q=:relevance
2026-09-25,其他,Bayside Furnishings 可升降吧檯椅,"$2,899","$3,699",$800,商品已折價$800 含運,有貨,https://www.costco.com.tw/p/1862009,https://www.costco.com.tw/medias/sys_master/images/h09/h73/401756136734750.jpg,https://www.costco.com.tw/c/hot-buys?q=:relevance
2026-09-25,食品飲料,雀巢 西西里風檸檬咖啡 15公克 X 40入,$369,$469,$100,商品已折價$100 含運,有貨,https://www.costco.com.tw/Food-Dining/Drinks/p/150636,https://www.costco.com.tw/medias/sys_master/images/hb6/he6/414650589544478.jpg,https://www.costco.com.tw/c/hot-buys?q=:relevance
2026-09-25,服飾配件,Columbia 男防風防潑水外套,"$1,199","$1,499",$300,商品已折價$300 含運,缺貨,https://www.costco.com.tw/Clothing-Accessories/Mens-Clothing/Mens-Coats-Jackets/Columbia-Mens-Shell-Jacket/p/159781,https://www.costco.com.tw/medias/sys_master/images/he4/h01/488918674931742.jpg,https://www.costco.com.tw/c/hot-buys?q=:relevance
2026-09-25,保健美容,台糖蜆精 62毫升 X 20罐,$699,$879,$180,商品已折價$180 含運,有貨,https://www.costco.com.tw/Health-Beauty/Supplements/Supplements-Digestive-Support/Taisugar-Essence-of-Clam-62-ml-X-20-Bottle/p/158332,https://www.costco.com.tw/medias/sys_master/images/h57/hb3/455933306929182.jpg,https://www.costco.com.tw/c/hot-buys?q=:relevance
2026-09-25,服飾配件,Herschel 女刺繡短袖上衣,$359,$449,$90,商品已折價$90 含運,缺貨,https://www.costco.com.tw/Clothing-Accessories/Womens-Clothing/Womens-Tops/Herschel-Ladies-Embroidered-Short-Sleeve-T-Shirt/p/160516,https://www.costco.com.tw/medias/sys_master/images/h1e/hea/485751016194078.jpg,https://www.costco.com.tw/c/hot-buys?q=:relevance
2026-09-25,其他,九陽 沸萃溫控養生燉煮壺 TP15Q,"$1,599","$1,999",$400,商品已折價$400 含運,有貨,https://www.costco.com.tw/p/147020,https://www.costco.com.tw/medias/sys_master/images/h5b/h44/330166853861406.jpg,https://www.costco.com.tw/c/hot-buys?q=:relevance
2026-09-25,其他,50惠 養髮精華液 160毫升 + 補充包150毫升,"$1,519","$1,899",$380,商品已折價$380 含運,有貨,https://www.costco.com.tw/p/157761,https://www.costco.com.tw/medias/sys_master/images/h32/he5/450045210951710.jpg,https://www.costco.com.tw/c/hot-buys?q=:relevance
2026-09-25,食品飲料,Natori 魚肉起司棒 957公克,$325,$399,$74,商品已折價$74 含運,有貨,https://www.costco.com.tw/Food-Dining/Snacks/Nuts-Jerky/Natori-Cheese-Fish-Cake-957-g/p/168850,https://www.costco.com.tw/medias/sys_master/images/h08/h60/400800633913374.jpg,https://www.costco.com.tw/c/hot-buys?q=:relevance
2026-09-25,食品飲料,灣仔碼頭 冷凍鮮肉小籠湯包 2400公克,$878,"$1,099",$221,商品已折價$221 含運,有貨,https://www.costco.com.tw/Food-Dining/Frozen-Fresh-Food/Frozen-Meals/Wanchai-Ferry-Frozen-Steamed-Dumplings-with-Pork-Meat-2400-g/p/163774,https://www.costco.com.tw/medias/sys_master/images/h70/h80/502597106532382.jpg,https://www.costco.com.tw/c/hot-buys?q=:relevance
2026-09-25,家具家居,True Innovations 辦公椅,"$2,299","$2,899",$600,商品已折價$600 含運,有貨,https://www.costco.com.tw/Furniture-Kitchen/Furniture/Computer-Desk-Chair-Sets/True-Innovations-Office-Chair/p/1987669,https://www.costco.com.tw/medias/sys_master/images/h6b/h76/488919000842270.jpg,https://www.costco.com.tw/c/hot-buys?q=:relevance
2026-09-25,服飾配件,CAT 泡芙兩用側背包,$759,$949,$190,商品已折價$190 含運,缺貨,https://www.costco.com.tw/Clothing-Accessories/p/160502,https://www.costco.com.tw/medias/sys_master/images/h71/ha0/473819893825566.jpg,https://www.costco.com.tw/c/hot-buys?q=:relevance
2026-09-25,服飾配件,郡是 日本製快適工房男抗菌防臭背心,$279,$349,$70,商品已折價$70 含運,缺貨,https://www.costco.com.tw/Clothing-Accessories/p/133632,https://www.costco.com.tw/medias/sys_master/images/hcf/h4d/69873205837854.jpg,https://www.costco.com.tw/c/hot-buys?q=:relevance
2026-09-25,食品飲料,盛香珍 拼圖小脆餅 韓式牛小排風味 1170公克,$269,$329,$60,商品已折價$60 含運,有貨,https://www.costco.com.tw/Food-Dining/Snacks/Cookies-Chips/Sheng-Xiang-Zhen-Puzzle-Cracker-Kalbi-Flavor-1170-g/p/161316,https://www.costco.com.tw/medias/sys_master/images/hff/h9d/466558817140766.jpg,https://www.costco.com.tw/c/hot-buys?q=:relevance
2026-09-25,食品飲料,Ssanggye 蘋果醋沖泡粉 5公克 X 40包,$319,$399,$80,商品已折價$80 含運,有貨,https://www.costco.com.tw/Food-Dining/Drinks/Powdered-Drink-Mix-Cereal-Oats/Ssanggye-Apple-Cider-Vinegar-Drink-Powder-5-g-X-40-Pack/p/159494,https://www.costco.com.tw/medias/sys_master/images/h95/h73/452308888846366.jpg,https://www.costco.com.tw/c/hot-buys?q=:relevance
2026-09-25,服飾配件,郡是 日本製快適工房男抗菌防臭短袖上衣,$299,$379,$80,商品已折價$80 含運,缺貨,https://www.costco.com.tw/Clothing-Accessories/Mens-Clothing/Mens-Socks-Underwear/Gunze-Mens-Antibacterial-Short-Sleeve-Tee/p/133634,https://www.costco.com.tw/medias/sys_master/images/h0d/hd5/69873207541790.jpg,https://www.costco.com.tw/c/hot-buys?q=:relevance
2026-09-25,家電 3C,夏普 55吋 4K QLED 144HZ 顯示器 4T-C55HN70CST,"$16,999","$21,299","$4,300","商品已折價$4,300 含運",有貨,https://www.costco.com.tw/Televisions-Appliances/TV-Home-Entertainment/Televisions-TV-Accessories/50-59-TVs/SHARP-55-inch-4K-QLED-144HZ-Monitor-4T-C55HN70CST/p/153545,https://www.costco.com.tw/medias/sys_master/images/haf/h45/438072181489694.jpg,https://www.costco.com.tw/c/hot-buys?q=:relevance
2026-09-25,服飾配件,Teva 男戶外機能涼鞋,"$1,149","$1,449",$300,商品已折價$300 含運,缺貨,https://www.costco.com.tw/Clothing-Accessories/p/157325,https://www.costco.com.tw/medias/sys_master/images/he2/h24/485340754739230.jpg,https://www.costco.com.tw/c/hot-buys?q=:relevance
2026-09-25,服飾配件,Dr.Martens 中性經典八孔靴,"$3,249","$4,059",$810,商品已折價$810 含運,缺貨,https://www.costco.com.tw/Clothing-Accessories/Shoes/Womens-Shoes/DrMartens-Boot/p/1488055,https://www.costco.com.tw/medias/sys_master/images/hc1/hec/316046301003806.jpg,https://www.costco.com.tw/c/hot-buys?q=:relevance
2026-09-25,家電 3C,Vornado 渦流空氣循環扇 STRATA 8 OMNI-TW,"$1,969","$2,769",$800,商品已折價$800 含運,缺貨,https://www.costco.com.tw/Televisions-Appliances/Cooling-Heating-Air-Treatment/Heating-Cooling/Vornado-Compact-Tower-Fan-STRATA-8-OMNI-TW/p/157119,https://www.costco.com.tw/medias/sys_master/images/hcb/h73/466198953852958.jpg,https://www.costco.com.tw/c/hot-buys?q=:relevance
2026-09-25,服飾配件,Jeep 男短袖Polo衫,$519,$649,$130,商品已折價$130 含運,缺貨,https://www.costco.com.tw/Clothing-Accessories/p/147310,https://www.costco.com.tw/medias/sys_master/images/h30/hb8/366248877883422.jpg,https://www.costco.com.tw/c/hot-buys?q=:relevance
2026-09-25,保健美容,香蕉船 淨護系列運動防曬乳液 SPF 50+ PA++++ 90毫升 X 4入,$515,$655,$140,商品已折價$140 含運,有貨,https://www.costco.com.tw/Health-Beauty/Beauty-Skin-Care/Sun-Care/Banana-Boat-Sport-Sensitive-Sunscreen-Lotion-SPF50-PA-90-ml-X-4-Pack/p/303699,https://www.costco.com.tw/medias/sys_master/images/h15/h92/349175384539166.jpg,https://www.costco.com.tw/c/hot-buys?q=:relevance
2026-09-25,食品飲料,味好美 蒙特婁雞肉用調味料 620公克,$259,$319,$60,商品已折價$60 含運,有貨,https://www.costco.com.tw/Food-Dining/Groceries/Cooking-Oil-Sauces/p/150606,https://www.costco.com.tw/medias/sys_master/images/ha1/h78/332442432602142.jpg,https://www.costco.com.tw/c/hot-buys?q=:relevance
2026-09-25,服飾配件,Tommy Hilfiger 女踝襪 5入組,$469,$589,$120,商品已折價$120 含運,缺貨,https://www.costco.com.tw/Clothing-Accessories/Womens-Clothing/Womens-Socks-Intimates/Tommy-Hilfiger-Ladies-Low-Cut-Socks-5-Pack/p/157487,https://www.costco.com.tw/medias/sys_master/images/h24/h90/454769474109470.jpg,https://www.costco.com.tw/c/hot-buys?q=:relevance
2026-09-25,服飾配件,Teva 女戶外機能涼鞋,"$1,149","$1,449",$300,商品已折價$300 含運,缺貨,https://www.costco.com.tw/Clothing-Accessories/Shoes/Womens-Shoes/Teva-Ladies-Outdoor-Sandal/p/157326,https://www.costco.com.tw/medias/sys_master/images/h10/h25/485750833971230.jpg,https://www.costco.com.tw/c/hot-buys?q=:relevance
2026-09-25,服飾配件,Nautica 女圓領短袖Logo上衣,$449,$579,$130,商品已折價$130 含運,缺貨,https://www.costco.com.tw/Clothing-Accessories/p/155246,https://www.costco.com.tw/medias/sys_master/images/h80/hd3/485750824665118.jpg,https://www.costco.com.tw/c/hot-buys?q=:relevance
2026-09-25,服飾配件,Advent 女牛仔裙,$549,$699,$150,商品已折價$150 含運,缺貨,https://www.costco.com.tw/Clothing-Accessories/Womens-Clothing/Womens-Bottoms-Dresses/Advent-Ladies-Denim-Skirt/p/8518035,https://www.costco.com.tw/medias/sys_master/images/h4f/hd9/487711290982430.jpg,https://www.costco.com.tw/c/hot-buys?q=:relevance
2026-09-25,服飾配件,United Colors of Benetton 男短袖Polo衫,$519,$649,$130,商品已折價$130 含運,缺貨,https://www.costco.com.tw/Clothing-Accessories/p/152245,https://www.costco.com.tw/medias/sys_master/images/hfe/h8e/472952133517342.jpg,https://www.costco.com.tw/c/hot-buys?q=:relevance
2026-09-25,食品飲料,Tree Top 樹頂 柳橙氣泡飲 320毫升 X 24入,$409,$499,$90,商品已折價$90 含運,有貨,https://www.costco.com.tw/Food-Dining/Drinks/Beverages-Juice/Tree-Top-Sparkling-Orange-320ml-X-24-Can/p/149152,https://www.costco.com.tw/medias/sys_master/images/hd9/h28/365472246136862.jpg,https://www.costco.com.tw/c/hot-buys?q=:relevance
2026-09-25,服飾配件,New Balance W237 女復古慢跑鞋,"$1,399","$1,769",$370,商品已折價$370 含運,缺貨,https://www.costco.com.tw/Clothing-Accessories/p/156467,https://www.costco.com.tw/medias/sys_master/images/hd9/h89/489268202471454.jpg,https://www.costco.com.tw/c/hot-buys?q=:relevance
2026-09-25,其他,su:m37º 活水潤澤酵能水凝霜 120毫升 + 50毫升,$889,"$1,159",$270,商品已折價$270 含運,有貨,https://www.costco.com.tw/p/681601,https://www.costco.com.tw/medias/sys_master/images/had/hac/386020577378334.jpg,https://www.costco.com.tw/c/hot-buys?q=:relevance
2026-09-25,服飾配件,Calvin Klein 女運動內衣 2入組,$679,$849,$170,商品已折價$170 含運,缺貨,https://www.costco.com.tw/Clothing-Accessories/Womens-Clothing/Womens-Socks-Intimates/Calvin-Klein-Ladies-Sports-Bra-2-Pack-Set/p/1969790,https://www.costco.com.tw/medias/sys_master/images/hcd/h55/489268512391198.jpg,https://www.costco.com.tw/c/hot-buys?q=:relevance
2026-09-25,家具家居,Panasonic Eneloop Pro 8槽充電組套裝 K-KJ63HC80TW,"$1,999","$2,799",$800,商品已折價$800 含運,有貨,https://www.costco.com.tw/Furniture-Kitchen/Hardware-DIY/Power-Tools-Electrical/Panasonic-Eneloop-Pro-8-Charger-Kit-K-KJ63HC80TW/p/147386,https://www.costco.com.tw/medias/sys_master/images/hf3/h9a/296816270016542.jpg,https://www.costco.com.tw/c/hot-buys?q=:relevance
2026-09-25,服飾配件,AS 日本製男士U領上衣,$519,$649,$130,商品已折價$130 含運,缺貨,https://www.costco.com.tw/Clothing-Accessories/Mens-Clothing/Mens-Tops/AS-Mens-U-Neck-Tee-Made-in-Japan/p/160715,https://www.costco.com.tw/medias/sys_master/images/hea/h36/473819899789342.jpg,https://www.costco.com.tw/c/hot-buys?q=:relevance
2026-09-25,服飾配件,Native 雷諾男休閒鞋,"$1,155","$1,455",$300,商品已折價$300 含運,缺貨,https://www.costco.com.tw/Clothing-Accessories/p/160518,https://www.costco.com.tw/medias/sys_master/images/ha3/h63/489268224884766.jpg,https://www.costco.com.tw/c/hot-buys?q=:relevance
2026-09-25,食品飲料,Preli 冷凍酥炸起司圈 1公斤,$329,$399,$70,商品已折價$70 含運,有貨,https://www.costco.com.tw/Food-Dining/Frozen-Fresh-Food/Frozen-Meals/Preli-Frozen-Gouda-Cheese-Rings-1-kg/p/153215,https://www.costco.com.tw/medias/sys_master/images/had/h5d/450418073272350.jpg,https://www.costco.com.tw/c/hot-buys?q=:relevance
2026-09-25,服飾配件,Tommy Hilfiger 男外套,"$1,379",,,,狀態未知,https://www.costco.com.tw/Clothing-Accessories/Mens-Clothing/Mens-Coats-Jackets/Tommy-Hilfiger-Mens-Jacket/p/1763788,https://www.costco.com.tw/medias/sys_master/images/he2/hec/505969129586718.jpg,https://www.costco.com.tw/c/hot-buys?q=:relevance
2026-09-25,服飾配件,Banana Republic Luxe Touch 男短袖Polo衫,"$1,379",,,,狀態未知,https://www.costco.com.tw/Clothing-Accessories/p/1588968,https://www.costco.com.tw/medias/sys_master/images/hff/h83/471216340926494.jpg,https://www.costco.com.tw/c/hot-buys?q=:relevance
2026-09-25,其他,小鹿山丘 長效抗菌防蚊組,$639,$799,$160,商品已折價$160 含運,有貨,https://www.costco.com.tw/p/143230,https://www.costco.com.tw/medias/sys_master/images/h0f/h50/205579831148574.jpg,https://www.costco.com.tw/c/hot-buys?q=:relevance
2026-09-25,服飾配件,Brush Finch 女短袖毛衣,$679,$849,$170,商品已折價$170 含運,缺貨,https://www.costco.com.tw/Clothing-Accessories/p/2010488,https://www.costco.com.tw/medias/sys_master/images/he4/h72/483940833755166.jpg,https://www.costco.com.tw/c/hot-buys?q=:relevance
2026-09-25,服飾配件,Berkemann Allegra 女休閒鞋,請查看官網,,,,狀態未知,https://www.costco.com.tw/Clothing-Accessories/Shoes/Womens-Shoes/Berkemann-Allegra-Ladies-Casual-Shoe/p/1846422,https://www.costco.com.tw/medias/sys_master/images/h0c/hf6/488918753673246.jpg,https://www.costco.com.tw/c/hot-buys?q=:relevance
2026-09-25,服飾配件,Berkemann Allexis 女休閒運動鞋,"$3,759","$5,059","$1,300","商品已折價$1,300 含運",缺貨,https://www.costco.com.tw/Clothing-Accessories/p/1846415,https://www.costco.com.tw/medias/sys_master/images/h0a/h48/468935674658846.jpg,https://www.costco.com.tw/c/hot-buys?q=:relevance
2026-09-25,其他,Sea Breeze 雙人涼感墊 152公分 X 195公分,$739,$929,$190,商品已折價$190 含運,缺貨,https://www.costco.com.tw/Bedding/p/143514,https://www.costco.com.tw/medias/sys_master/images/h52/h68/450045165928478.jpg,https://www.costco.com.tw/c/hot-buys?q=:relevance
2026-09-25,食品飲料,曾拌麵雙味冷麵 X 8包,$359,$449,$90,商品已折價$90 含運,有貨,https://www.costco.com.tw/Food-Dining/Groceries/Rice-Noodles/Tesng-Noodles-Yuze-and-Sesame-Flavors-X-8-Pack/p/132440,https://www.costco.com.tw/medias/sys_master/images/h1f/h83/348866681798686.jpg,https://www.costco.com.tw/c/hot-buys?q=:relevance
2026-09-25,服飾配件,ellesse 男短袖上衣,"$1,379",,,,狀態未知,https://www.costco.com.tw/Clothing-Accessories/Mens-Clothing/Mens-Tops/ellesse-Mens-Short-Sleeve-Tee/p/1846550,https://www.costco.com.tw/medias/sys_master/images/h45/h01/502266465157150.jpg,https://www.costco.com.tw/c/hot-buys?q=:relevance
2026-09-25,服飾配件,IKALI 兒童短袖上衣+短褲套組,$439,$549,$110,商品已折價$110 含運,缺貨,https://www.costco.com.tw/Clothing-Accessories/p/8526607,https://www.costco.com.tw/medias/sys_master/images/h81/h28/473820355002398.jpg,https://www.costco.com.tw/c/hot-buys?q=:relevance
2026-09-25,服飾配件,Nepa 女休閒短褲,$679,$849,$170,商品已折價$170 含運,缺貨,https://www.costco.com.tw/Clothing-Accessories/p/1956391,https://www.costco.com.tw/medias/sys_master/images/h86/h63/466558838046750.jpg,https://www.costco.com.tw/c/hot-buys?q=:relevance
2026-09-25,家具家居,歐司朗 LED 護眼檯燈,"$2,549","$3,199",$650,商品已折價$650 含運,有貨,https://www.costco.com.tw/Furniture-Kitchen/Hardware-DIY/Lighting-Light-Bulbs/OSRAM-DRESDEN-LED-Table-Lamp-Graphite-Black/p/152339,https://www.costco.com.tw/medias/sys_master/images/h85/h9f/401755727888414.jpg,https://www.costco.com.tw/c/hot-buys?q=:relevance
2026-09-25,家具家居,Ballarini Ancona 不鏽鋼單柄湯鍋 + 雙耳湯鍋含蓋 4件組,"$1,099","$1,399",$300,商品已折價$300 含運,有貨,https://www.costco.com.tw/Furniture-Kitchen/Kitchen-Dining/Cookware-Cutlery-Cutting-Boards/Ballarini-Ancona-Stainless-Steel-Pot-with-Lid-4-Piece-Set/p/146484,https://www.costco.com.tw/medias/sys_master/images/hef/he4/256217707708446.jpg,https://www.costco.com.tw/c/hot-buys?q=:relevance
2026-09-25,服飾配件,Puma 男復古休閒鞋,"$1,149","$1,449",$300,商品已折價$300 含運,缺貨,https://www.costco.com.tw/Clothing-Accessories/p/156471,https://www.costco.com.tw/medias/sys_master/images/h8f/h41/487710999347230.jpg,https://www.costco.com.tw/c/hot-buys?q=:relevance
2026-09-25,服飾配件,Adidas 男經典Logo短袖上衣,$529,$649,$120,商品已折價$120 含運,缺貨,https://www.costco.com.tw/Clothing-Accessories/Mens-Clothing/Mens-Tops/Adidas-Mens-Classic-Short-Sleeve-Logo-Tee/p/154988,https://www.costco.com.tw/medias/sys_master/images/haa/hd3/484306798247966.jpg,https://www.costco.com.tw/c/hot-buys?q=:relevance
2026-09-25,服飾配件,郡是 純棉男童背心 2-Pack,$279,$349,$70,商品已折價$70 含運,缺貨,https://www.costco.com.tw/Clothing-Accessories/Kids-Clothing/Kids-Socks-Underwear/Gunze-100-Cotton-Boys-Tank-2-Pack/p/152422,https://www.costco.com.tw/medias/sys_master/images/h52/hbf/344480199901214.jpg,https://www.costco.com.tw/c/hot-buys?q=:relevance
2026-09-25,其他,Speedo 女短袖連身泳裝,"$1,279","$1,599",$320,商品已折價$320 含運,缺貨,https://www.costco.com.tw/Sports-Lifestyle/Sports-Fitness/Water-Sports/Speedo-Ladies-Short-Sleeve-One-Piece-Swimsuit/p/160821,https://www.costco.com.tw/medias/sys_master/images/h8e/h35/471660314296350.jpg,https://www.costco.com.tw/c/hot-buys?q=:relevance
2026-09-25,服飾配件,Adidas 男內褲三入組,$549,$689,$140,商品已折價$140 含運,缺貨,https://www.costco.com.tw/Clothing-Accessories/Mens-Clothing/Mens-Socks-Underwear/Adidas-Mens-Active-Boxer-3-Pack-Set/p/158877,https://www.costco.com.tw/medias/sys_master/images/hf5/h14/452308882849822.jpg,https://www.costco.com.tw/c/hot-buys?q=:relevance
2026-09-25,服飾配件,Columbia 男經典版型短袖上衣,$599,$749,$150,商品已折價$150 含運,缺貨,https://www.costco.com.tw/Clothing-Accessories/Mens-Clothing/Mens-Tops/Columbia-Mens-Short-Sleeve-Logo-Tee/p/154980,https://www.costco.com.tw/medias/sys_master/images/h02/h61/470130291572766.jpg,https://www.costco.com.tw/c/hot-buys?q=:relevance
2026-09-25,其他,Freetown 成人自行車安全頭盔,$899,"$1,149",$250,商品已折價$250 含運,缺貨,https://www.costco.com.tw/Sports-Lifestyle/Sports-Fitness/Bikes/Freetown-Mips-Bike-Helmet/p/152289,https://www.costco.com.tw/medias/sys_master/images/hf9/hd3/401755707179038.jpg,https://www.costco.com.tw/c/hot-buys?q=:relevance
2026-09-25,其他,Blackstone 36吋鐵板烤肉爐 附上蓋及折疊側架,"$9,399","$12,999","$3,600","商品已折價$3,600 含運",有貨,https://www.costco.com.tw/p/1934226,https://www.costco.com.tw/medias/sys_master/images/h0a/h07/502266482130974.jpg,https://www.costco.com.tw/c/hot-buys?q=:relevance
2026-09-25,家具家居,INFINITY X1 500流明 充電式串燈 2入,$469,$769,$300,商品已折價$300 含運,有貨,https://www.costco.com.tw/Furniture-Kitchen/Hardware-DIY/Lighting-Light-Bulbs/INFINITY-X1-500-Lumens-String-Lights-2-Pack-Set/p/1872149,https://www.costco.com.tw/medias/sys_master/images/h72/h4a/454001916543006.jpg,https://www.costco.com.tw/c/hot-buys?q=:relevance
2026-09-25,其他,Speedo 女連身平口泳裝,"$1,199","$1,499",$300,商品已折價$300 含運,缺貨,https://www.costco.com.tw/Sports-Lifestyle/Sports-Fitness/Water-Sports/Speedo-Ladies-Legsuit-Swimsuit/p/160820,https://www.costco.com.tw/medias/sys_master/images/h20/he0/471660308267038.jpg,https://www.costco.com.tw/c/hot-buys?q=:relevance
2026-09-25,家電 3C,ASUS 華碩 V500MV 桌上型電腦 H-V501MV-05210H114WA,"$31,899","$35,399","$3,500","商品已折價$3,500 含運",有貨,https://www.costco.com.tw/Digital-Mobile/Laptops-Computers/Desktops-Computers/ASUS-V500MV-Desktop-Computers-H-V501MV-05210H114WA/p/160454,https://www.costco.com.tw/medias/sys_master/images/hee/h99/455933392781342.jpg,https://www.costco.com.tw/c/hot-buys?q=:relevance
2026-09-25,其他,INTEX Jump-O-Lene 城堡彈跳池,"$1,239","$1,739",$500,商品已折價$500 含運,有貨,https://www.costco.com.tw/Patio-Furniture/p/158245,https://www.costco.com.tw/medias/sys_master/images/h21/hea/436453395824670.jpg,https://www.costco.com.tw/c/hot-buys?q=:relevance
2026-09-25,其他,香蕉船 兒童防曬乳液 SPF 50+ PA++++ 90毫升 X 3入,$479,$599,$120,商品已折價$120 含運,有貨,https://www.costco.com.tw/p/403688,https://www.costco.com.tw/medias/sys_master/images/h53/h16/349175387750430.jpg,https://www.costco.com.tw/c/hot-buys?q=:relevance
2026-09-25,服飾配件,Steve Madden 女針織拖鞋,$679,$859,$180,商品已折價$180 含運,缺貨,https://www.costco.com.tw/Clothing-Accessories/Shoes/Womens-Shoes/Steve-Madden-Ladies-Knit-Slide/p/1953732,https://www.costco.com.tw/medias/sys_master/images/h3f/h6f/488918996779038.jpg,https://www.costco.com.tw/c/hot-buys?q=:relevance
2026-09-25,服飾配件,SOUP 韓版女丹寧短褲,$519,$649,$130,商品已折價$130 含運,缺貨,https://www.costco.com.tw/Clothing-Accessories/p/1956392,https://www.costco.com.tw/medias/sys_master/images/h36/hb6/454001923391518.jpg,https://www.costco.com.tw/c/hot-buys?q=:relevance
2026-09-25,家具家居,樂扣樂扣 Tritan 大容量彈蓋提帶冷水壺 2.2公升,$499,$649,$150,商品已折價$150 含運,缺貨,https://www.costco.com.tw/Furniture-Kitchen/Kitchen-Dining/Water-Bottles/LocknLock-Tritan-Large-Capacity-Water-Bottle-22-L/p/159317,https://www.costco.com.tw/medias/sys_master/images/hc0/h86/433249572290590.jpg,https://www.costco.com.tw/c/hot-buys?q=:relevance
2026-09-25,保健美容,芭緹絲 乾洗髮 經典清新 350毫升 X 3入,$575,$725,$150,商品已折價$150 含運,有貨,https://www.costco.com.tw/Health-Beauty/Personal-Care/Shampoo-Conditioner/Batiste-Dry-Shampoo-Original-350-ml-X-3-Count/p/144741,https://www.costco.com.tw/medias/sys_master/images/h36/h83/239138114732062.jpg,https://www.costco.com.tw/c/hot-buys?q=:relevance
2026-09-25,其他,Speedo 女運動連身泳裝 Medalist,"$1,199","$1,499",$300,商品已折價$300 含運,缺貨,https://www.costco.com.tw/Sports-Lifestyle/Sports-Fitness/Water-Sports/Speedo-Ladies-Athletic-One-Piece-Swimsuit-Medalist/p/160823,https://www.costco.com.tw/medias/sys_master/images/ha0/h64/471660329631774.jpg,https://www.costco.com.tw/c/hot-buys?q=:relevance
2026-09-25,服飾配件,郡是 純棉女童背心 2-Pack,$279,$349,$70,商品已折價$70 含運,缺貨,https://www.costco.com.tw/Clothing-Accessories/Kids-Clothing/Kids-Socks-Underwear/Gunze-100-Cotton-Girls-Tank-2-Pack/p/152419,https://www.costco.com.tw/medias/sys_master/images/hf6/h35/344480200097822.jpg,https://www.costco.com.tw/c/hot-buys?q=:relevance
2026-09-25,服飾配件,Nautica 女休閒服兩件組,$679,$849,$170,商品已折價$170 含運,缺貨,https://www.costco.com.tw/Clothing-Accessories/p/8518084,https://www.costco.com.tw/medias/sys_master/images/heb/h7b/437687804952606.jpg,https://www.costco.com.tw/c/hot-buys?q=:relevance
2026-09-25,其他,Speedo 女連身及膝泳裝,"$1,199","$1,499",$300,商品已折價$300 含運,缺貨,https://www.costco.com.tw/Sports-Lifestyle/Sports-Fitness/Water-Sports/Speedo-Ladies-Knee-Length-One-Piece-Swimsuit/p/160822,https://www.costco.com.tw/medias/sys_master/images/he4/h41/471660321243166.jpg,https://www.costco.com.tw/c/hot-buys?q=:relevance
2026-09-25,其他,DeWALT 得偉 吸塵器軟管 DXVA19-2500,$399,$499,$100,商品已折價$100 含運,有貨,https://www.costco.com.tw/p/1600011,https://www.costco.com.tw/medias/sys_master/images/h5d/hae/157818966343710.jpg,https://www.costco.com.tw/c/hot-buys?q=:relevance
2026-09-25,其他,Dinto 水光鏡面唇釉 3.5公克 X 3入,$909,"$1,139",$230,商品已折價$230 含運,有貨,https://www.costco.com.tw/p/152867,https://www.costco.com.tw/medias/sys_master/images/h74/hc7/432345021153310.jpg,https://www.costco.com.tw/c/hot-buys?q=:relevance
2026-09-25,其他,OutdoorBase 羽絨睡袋,"$3,079","$3,859",$780,商品已折價$780 含運,缺貨,https://www.costco.com.tw/Sports-Lifestyle/Camping-Outdoors/Tents-Camping-Gear/OutdoorBase-Down-Sleeping-Bag/p/141278,https://www.costco.com.tw/medias/sys_master/images/h46/h59/188147623886878.jpg,https://www.costco.com.tw/c/hot-buys?q=:relevance
2026-09-25,其他,西雅圖 二合一咖啡 21公克 X 100入 X 120組,"$72,519","$90,879","$18,360","商品已折價$18,360 含運",有貨,https://www.costco.com.tw/Business-Delivery/Food-Beverages-Pet-Supplies/Water-Beverages/Barista-2-In-1-Instant-Coffee-Latte-21-g-X-100-Count-X-120-Unit/p/209399,https://www.costco.com.tw/medias/sys_master/images/h33/hc7/168536158896158.jpg,https://www.costco.com.tw/c/hot-buys?q=:relevance
2026-09-25,保健美容,芭緹絲 乾洗髮 淡雅花香 350毫升 X 3入,$575,$725,$150,商品已折價$150 含運,有貨,https://www.costco.com.tw/Health-Beauty/Personal-Care/Shampoo-Conditioner/Batiste-Dry-Shampoo-Blush-350-ml-X-3-Count/p/144744,https://www.costco.com.tw/medias/sys_master/images/h06/h38/239138119483422.jpg,https://www.costco.com.tw/c/hot-buys?q=:relevance
2026-09-25,其他,Igloo 18.9公升 保冷桶,"$1,099","$1,759",$660,商品已折價$660 含運,有貨,https://www.costco.com.tw/p/1872201,https://www.costco.com.tw/medias/sys_master/images/hca/h9f/454001921064990.jpg,https://www.costco.com.tw/c/hot-buys?q=:relevance
2026-09-25,日用品／母嬰／玩具,Eastpoint 大型骰子組,$599,$749,$150,商品已折價$150 含運,有貨,https://www.costco.com.tw/Household-Baby-Toys/Toys/Board-Games-Puzzles/Eastpoint-Giant-Yahtzee/p/1872245,https://www.costco.com.tw/medias/sys_master/images/h9b/h00/487711150800926.jpg,https://www.costco.com.tw/c/hot-buys?q=:relevance
2026-09-25,其他,Stitch 拱橋造型裝飾,"$2,719","$3,399",$680,商品已折價$680 含運,有貨,https://www.costco.com.tw/Bedding/p/1851578,https://www.costco.com.tw/medias/sys_master/images/hf2/hb1/488918893920286.jpg,https://www.costco.com.tw/c/hot-buys?q=:relevance
2026-09-25,其他,Totally Bamboo 竹製砧板 / 點心盤 美國地圖造型,$739,$929,$190,商品已折價$190 含運,有貨,https://www.costco.com.tw/p/159887,https://www.costco.com.tw/medias/sys_master/images/h15/haf/439234023718942.jpg,https://www.costco.com.tw/c/hot-buys?q=:relevance
2026-09-25,服飾配件,Oh!Sunny 兒童防曬外套,$549,$839,$290,商品已折價$290 含運,缺貨,https://www.costco.com.tw/Clothing-Accessories/Kids-Clothing/Kids-Coats-Jackets/OhSunny-Kids-Sun-Protection-Jacket/p/160709,https://www.costco.com.tw/medias/sys_master/images/hf4/hcf/471216400007198.jpg,https://www.costco.com.tw/c/hot-buys?q=:relevance
2026-09-25,家電 3C,Tescom 大風量負離子吹風機 TD570TW,"$1,189","$1,519",$330,商品已折價$330 含運,缺貨,https://www.costco.com.tw/Televisions-Appliances/Small-Appliances/Hair-Skin-Care-Tools/Tescom-Negative-ion-Hair-Dryer-TD570TW/p/152520,https://www.costco.com.tw/medias/sys_master/images/h3b/hfd/368770433908766.jpg,https://www.costco.com.tw/c/hot-buys?q=:relevance
2026-09-25,家具家居,幻知曲 RF300 標準雙人睡眠系統贈保潔墊 150公分 X 200公分,"$56,799","$70,999","$14,200","商品已折價$14,200 含運",有貨,https://www.costco.com.tw/Furniture-Kitchen/Bedding/Mattress-Toppers/Reverie-RF300-Sleep-System-with-Protector-150-cm-X-200-cm/p/141099,https://www.costco.com.tw/medias/sys_master/images/h5a/h0d/188147616677918.jpg,https://www.costco.com.tw/c/hot-buys?q=:relevance
2026-09-25,其他,Evian 天然礦泉水 1500毫升 X 12瓶 X 44箱,"$23,099","$28,899","$5,800","商品已折價$5,800 含運",有貨,https://www.costco.com.tw/Business-Delivery/Food-Beverages-Pet-Supplies/Water-Beverages/Evian-Natural-Mineral-Water-1500-ml-X-12-Count-X-44-Case/p/1217407,https://www.costco.com.tw/medias/sys_master/images/h6a/h3b/79974746423326.webp,https://www.costco.com.tw/c/hot-buys?q=:relevance
2026-09-25,服飾配件,GAP 男麻棉短袖襯衫,"$1,379",,,,狀態未知,https://www.costco.com.tw/Clothing-Accessories/Mens-Clothing/Mens-Tops/GAP-Mens-Short-Sleeve-Linen-Cotton-Shirt/p/1977560,https://www.costco.com.tw/medias/sys_master/images/h96/ha2/471660432883742.jpg,https://www.costco.com.tw/c/hot-buys?q=:relevance
2026-09-25,其他,ATLeisure 10 呎戶外方形遮陽傘 附傘座 棕色,"$18,399","$22,999","$4,600","商品已折價$4,600 含運",有貨,https://www.costco.com.tw/Patio-Furniture/p/1807306,https://www.costco.com.tw/medias/sys_master/images/hc8/hdc/436453667340318.jpg,https://www.costco.com.tw/c/hot-buys?q=:relevance
2026-09-25,其他,VIVISPA 摩洛哥全身精油舒壓 Spa,"$1,469","$1,829",$360,商品已折價$360 含運,有貨,https://www.costco.com.tw/Sports-Lifestyle/Garden-Lifestyle/Tickets-Voucher/VIVISPA-Moroccan-Full-Body-Spa/p/153260,https://www.costco.com.tw/medias/sys_master/images/h98/h6d/361110261235742.jpg,https://www.costco.com.tw/c/hot-buys?q=:relevance
2026-09-25,家具家居,Blender Bottle 不鏽鋼隨行搖搖杯 740毫升 X 2件組,$799,$999,$200,商品已折價$200 含運,缺貨,https://www.costco.com.tw/Furniture-Kitchen/Kitchen-Dining/Water-Bottles/Blender-Bottle-Stainless-Steel-Shaker-740-ml-X-2-Piece-Set/p/2738416,https://www.costco.com.tw/medias/sys_master/images/h42/h90/399197041852446.jpg,https://www.costco.com.tw/c/hot-buys?q=:relevance
2026-09-25,其他,Sunvilla 戶外遮陽傘傘座,"$1,599","$1,999",$400,商品已折價$400 含運,有貨,https://www.costco.com.tw/Lawn-Garden/Patio-Furniture/Outdoor-Patio-Furniture/Sunvilla-Umbrella-Base-Pembrooke/p/1713402,https://www.costco.com.tw/medias/sys_master/images/h49/h7b/326879515246622.jpg,https://www.costco.com.tw/c/hot-buys?q=:relevance
2026-09-25,食品飲料,雀巢 多趣酷思 夏季沁涼飲品組 蜜桃風味冰茶+特大杯冰美式 52顆,$859,"$1,059",$200,商品已折價$200 含運,有貨,https://www.costco.com.tw/Food-Dining/Drinks/p/158444,https://www.costco.com.tw/medias/sys_master/images/hc6/h58/468568620793886.jpg,https://www.costco.com.tw/c/hot-buys?q=:relevance
2026-09-25,其他,STAG Pacifica 戶外乒乓球桌,"$12,399","$15,599","$3,200","商品已折價$3,200 含運",有貨,https://www.costco.com.tw/p/2622001,https://www.costco.com.tw/medias/sys_master/images/hdf/hb5/454002089590814.jpg,https://www.costco.com.tw/c/hot-buys?q=:relevance
2026-09-25,其他,Ferrone 戶外鋁製休閒桌椅七件組,"$25,399","$31,799","$6,400","商品已折價$6,400 含運",有貨,https://www.costco.com.tw/Lawn-Garden/Patio-Furniture/Outdoor-Patio-Furniture/Ferrone-Dining-7-Piece-Set/p/1807357,https://www.costco.com.tw/medias/sys_master/images/hbb/hc8/346355970867230.jpg,https://www.costco.com.tw/c/hot-buys?q=:relevance
2026-09-25,其他,Sunvilla 10呎 戶外遮陽傘 米色條紋,"$3,999","$4,999","$1,000","商品已折價$1,000 含運",有貨,https://www.costco.com.tw/Lawn-Garden/Patio-Furniture/Outdoor-Patio-Furniture/Sunvilla-10-ft-Market-Umbrella-Tan-Stripe/p/1807317,https://www.costco.com.tw/medias/sys_master/images/h45/h69/436453705547806.jpg,https://www.costco.com.tw/c/hot-buys?q=:relevance
2026-09-25,其他,ATLeisure 10 呎戶外方形遮陽傘 附傘座 米色,"$19,199","$23,999","$4,800","商品已折價$4,800 含運",有貨,https://www.costco.com.tw/Lawn-Garden/Patio-Furniture/Outdoor-Patio-Furniture/ATLeisure-10-ft-Square-Umbrella-with-Roller-Base-Beige/p/1807288,https://www.costco.com.tw/medias/sys_master/images/h95/h83/436453663211550.jpg,https://www.costco.com.tw/c/hot-buys?q=:relevance
2026-09-25,其他,Sunvilla 10呎 戶外遮陽傘 紅色,"$3,999","$4,999","$1,000","商品已折價$1,000 含運",有貨,https://www.costco.com.tw/Lawn-Garden/Patio-Furniture/Outdoor-Patio-Furniture/Sunvilla-10-ft-Market-Umbrella-Red/p/1807256,https://www.costco.com.tw/medias/sys_master/images/h90/h75/436453656395806.jpg,https://www.costco.com.tw/c/hot-buys?q=:relevance
2026-09-25,其他,ATLeisure 10 呎戶外方形遮陽傘 附傘座 藍色,"$18,399","$22,999","$4,600","商品已折價$4,600 含運",有貨,https://www.costco.com.tw/Lawn-Garden/Patio-Furniture/Outdoor-Patio-Furniture/ATLeisure-10-ft-Square-Umbrella-with-Roller-Base-Indigo/p/1807248,https://www.costco.com.tw/medias/sys_master/images/h4f/h00/436453653643294.jpg,https://www.costco.com.tw/c/hot-buys?q=:relevance
2026-09-25,其他,Sunvilla 鞦韆椅,"$15,119","$18,899","$3,780","商品已折價$3,780 含運",有貨,https://www.costco.com.tw/Patio-Furniture/p/1807161,https://www.costco.com.tw/medias/sys_master/images/h9b/h53/436453551013918.jpg,https://www.costco.com.tw/c/hot-buys?q=:relevance
2026-09-25,其他,Sunvilla 10呎 LED 戶外遮陽傘 灰色,"$4,799","$5,999","$1,200","商品已折價$1,200 含運",有貨,https://www.costco.com.tw/Lawn-Garden/Patio-Furniture/Outdoor-Patio-Furniture/Sunvilla-10-ft-LED-Market-Umbrella-Myra-Graphite/p/1768222,https://www.costco.com.tw/medias/sys_master/images/h3f/h9f/436453464244254.jpg,https://www.costco.com.tw/c/hot-buys?q=:relevance
2026-09-25,其他,Totally Bamboo 竹製砧板 / 點心盤 高雄市地圖造型,$739,$929,$190,商品已折價$190 含運,有貨,https://www.costco.com.tw/p/159886,https://www.costco.com.tw/medias/sys_master/images/h9e/h11/439234020278302.jpg,https://www.costco.com.tw/c/hot-buys?q=:relevance
2026-09-25,家電 3C,Ninja Detect 多功能調理機 TB401TW,"$7,999","$9,999","$2,000","商品已折價$2,000 含運",有貨,https://www.costco.com.tw/Televisions-Appliances/Kitchen-Appliances/Coffee-Machines-Blenders-Juicers/Ninja-Detect-Food-Processor-TB401TW/p/156889,https://www.costco.com.tw/medias/sys_master/images/h01/hf5/400499548520478.jpg,https://www.costco.com.tw/c/hot-buys?q=:relevance
2026-09-25,其他,SOLE S77+ 智能跑步機,"$59,989","$79,989","$20,000","商品已折價$20,000 含運",有貨,https://www.costco.com.tw/Sports-Lifestyle/Sports-Fitness/Fitness-Equipment-Accessories/SOLE-S77-Smart-Treadmill/p/144929,https://www.costco.com.tw/medias/sys_master/images/h73/hf8/243378210144286.jpg,https://www.costco.com.tw/c/hot-buys?q=:relevance
2026-09-25,食品飲料,科克蘭 冷萃特級初榨橄欖油 2公升,$729,$879,$150,含運,有貨,https://www.costco.com.tw/Food-Dining/Groceries/Cooking-Oil-Sauces/Kirkland-Signature-Extra-Virgin-Olive-Oil-2-L/p/1058619,https://www.costco.com.tw/medias/sys_master/images/hf8/h7f/472591303573534.jpg,https://www.costco.com.tw/c/hot-buys?q=:relevance
2026-09-25,食品飲料,科克蘭 Terra Di Bari初榨橄欖油 1公升,$469,,,含運,有貨,https://www.costco.com.tw/Food-Dining/Groceries/Cooking-Oil-Sauces/Kirkland-Signature-Terra-Di-Bari-Extra-Virgin-Olive-Oil-1-L/p/1236329,https://www.costco.com.tw/medias/sys_master/images/hdf/he3/471660175097886.jpg,https://www.costco.com.tw/c/hot-buys?q=:relevance
2026-09-25,食品飲料,科克蘭 蔓越莓綜合果汁 2.83公升 X 2入,$459,,,含運,有貨,https://www.costco.com.tw/Food-Dining/Drinks/Beverages-Juice/Kirkland-Signature-Cranberry-Juice-Premium-284-L-X-2-Pack/p/596444,https://www.costco.com.tw/medias/sys_master/images/h7e/h8d/65992443363358.jpg,https://www.costco.com.tw/c/hot-buys?q=:relevance
2026-09-25,食品飲料,科克蘭奶油太妃糖風味腰果680公克,$439,,,含運,有貨,https://www.costco.com.tw/Food-Dining/Snacks/Nuts-Jerky/Kirkland-Signature-Butter-Toffee-Flavored-Cashews-680-g/p/1510336,https://www.costco.com.tw/medias/sys_master/images/h76/h14/121680212819998.jpg,https://www.costco.com.tw/c/hot-buys?q=:relevance
2026-09-25,其他,科克蘭 冷藏無鹽奶油 1.81公斤 X 6入 X 14箱,"$31,499","$31,839",$340,含運,有貨,https://www.costco.com.tw/Chilled-Food/p/1744110,https://www.costco.com.tw/medias/sys_master/images/hbb/h13/87031506698270.jpg,https://www.costco.com.tw/c/hot-buys?q=:relevance
2026-09-25,食品飲料,丸米 減鹽綜合沖泡味噌湯 36入,$197,,,含運,有貨,https://www.costco.com.tw/Food-Dining/Groceries/Baking-Dried-Goods/Marukome-Miso-Soup-Less-Salt-36-Pack/p/156759,https://www.costco.com.tw/medias/sys_master/images/hc1/hca/416282369130526.jpg,https://www.costco.com.tw/c/hot-buys?q=:relevance
2026-09-25,保健美容,Tryall 分離大豆植物蛋白 2.5公斤,"$1,199","$1,279",$80,含運,有貨,https://www.costco.com.tw/Health-Beauty/Sports-Performance/Plant-Based-Protein/Tryall-Soy-Protein-Isolate-25-kg/p/151752,https://www.costco.com.tw/medias/sys_master/images/h25/hf7/351315910426654.jpg,https://www.costco.com.tw/c/hot-buys?q=:relevance
2026-09-25,食品飲料,日清 拉王豚骨味非油炸速食麵 89公克 X 15包,$297,,,含運,有貨,https://www.costco.com.tw/Food-Dining/Groceries/p/149884,https://www.costco.com.tw/medias/sys_master/images/h09/h3a/312616142995486.jpg,https://www.costco.com.tw/c/hot-buys?q=:relevance
2026-09-25,食品飲料,Angie's 鹹甜爆米花 652公克,$289,$319,$30,含運,有貨,https://www.costco.com.tw/Food-Dining/Snacks/Cookies-Chips/Angies-BoomChickaPop-Sweet-and-Salty-Kettle-Popcorn-652-g/p/979885,https://www.costco.com.tw/medias/sys_master/images/ha8/hb9/11953683595294.jpg,https://www.costco.com.tw/c/hot-buys?q=:relevance
2026-09-25,服飾配件,Tommy Hilfiger 女刺繡Logo短袖上衣,$447,,,含運,缺貨,https://www.costco.com.tw/Clothing-Accessories/p/156540,https://www.costco.com.tw/medias/sys_master/images/hd8/h7b/485340617408542.jpg,https://www.costco.com.tw/c/hot-buys?q=:relevance
2026-09-25,其他,飛利浦 50吋 4K QLED Google TV 顯示器 50PQT8530/96,"$11,999","$13,699","$1,700",含運,有貨,https://www.costco.com.tw/Televisions-TV-Accessories/p/153544,https://www.costco.com.tw/medias/sys_master/images/h77/hcd/438072214323230.jpg,https://www.costco.com.tw/c/hot-buys?q=:relevance
2026-09-25,家具家居,三麗鷗 兒童不鏽鋼保冷保溫瓶 700毫升,$297,,,含運,缺貨,https://www.costco.com.tw/Furniture-Kitchen/Kitchen-Dining/Water-Bottles/Sanrio-Kids-Stainless-Steel-Water-Bottle-700-ml/p/8524812,https://www.costco.com.tw/medias/sys_master/images/h86/h63/382254260322334.jpg,https://www.costco.com.tw/c/hot-buys?q=:relevance
2026-09-25,服飾配件,Aeropostale 男短袖上衣,$247,,,含運,缺貨,https://www.costco.com.tw/Clothing-Accessories/Mens-Clothing/Mens-Tops/Aeropostale-Mens-Short-Sleeve-Tee/p/593476,https://www.costco.com.tw/medias/sys_master/images/h4c/h8d/487711278202910.jpg,https://www.costco.com.tw/c/hot-buys?q=:relevance
2026-09-25,食品飲料,空運日本山梨縣麝香葡萄 1.75公斤 / 5入裝,"$1,799","$2,299",$500,含運,有貨,https://www.costco.com.tw/Food-Dining/Frozen-Fresh-Food/Chilled-Fresh-Food/Air-Freighted-Japan-Yamanashi-Muscat-Grape-175-kg-5Pack/p/156434,https://www.costco.com.tw/medias/sys_master/images/hed/hbb/380783691890718.jpg,https://www.costco.com.tw/c/hot-buys?q=:relevance
2026-09-25,食品飲料,冷凍龍虎石斑魚片 1公斤,$929,$979,$50,含運,有貨,https://www.costco.com.tw/Food-Dining/Frozen-Fresh-Food/Frozen-Seafood-Meat/p/186793,https://www.costco.com.tw/medias/sys_master/images/h49/hb7/115203741548574.jpg,https://www.costco.com.tw/c/hot-buys?q=:relevance
2026-09-25,家電 3C,TP-Link Tapo C425 電池式戶外安全攝影機,"$2,289","$2,899",$610,含運,有貨,https://www.costco.com.tw/Digital-Mobile/Cameras/Security-Cameras-Drones/TP-Link-Tapo-C425-Smart-Wire-Free-Security-Camera/p/158488,https://www.costco.com.tw/medias/sys_master/images/hf5/h95/448868354785310.jpg,https://www.costco.com.tw/c/hot-buys?q=:relevance
2026-09-25,其他,Korhani Studio 條紋地墊 60公分 X 90公分 X 0.7公分,$357,,,含運,缺貨,https://www.costco.com.tw/Bedding/p/1997002,https://www.costco.com.tw/medias/sys_master/images/hcb/hd8/436453805293598.jpg,https://www.costco.com.tw/c/hot-buys?q=:relevance
2026-09-25,服飾配件,KANGOL 印花女短袖Logo上衣,$347,,,含運,缺貨,https://www.costco.com.tw/Clothing-Accessories/Womens-Clothing/Womens-Tops/KANGOL-Ladies-Print-Logo-Short-Sleeve-Tee/p/160488,https://www.costco.com.tw/medias/sys_master/images/hc8/h3f/473819884945438.jpg,https://www.costco.com.tw/c/hot-buys?q=:relevance
2026-09-25,日用品／母嬰／玩具,Zuru X-Shot 全電動高速水槍 2入組 / 8歲以上,$627,,,含運,有貨,https://www.costco.com.tw/Household-Baby-Toys/Toys/Outdoor-Play/Zuru-X-Shot-Motor-Soakers-2-Pack-Set-Ages-8-and-up/p/1851471,https://www.costco.com.tw/medias/sys_master/images/h63/h62/486580374896670.jpg,https://www.costco.com.tw/c/hot-buys?q=:relevance
2026-09-25,家具家居,Disney 萌萌抱枕,$247,,,含運,缺貨,https://www.costco.com.tw/Furniture-Kitchen/Bedding/Throw-Pillows-Cushions/Disney-Cute-Cushion/p/152481,https://www.costco.com.tw/medias/sys_master/images/h74/h28/421140480327710.jpg,https://www.costco.com.tw/c/hot-buys?q=:relevance
2026-09-25,服飾配件,NEPA 男短袖上衣,$547,,,含運,缺貨,https://www.costco.com.tw/Clothing-Accessories/Mens-Clothing/Mens-Tops/NEPA-Mens-Short-Sleeve-Tee/p/658228,https://www.costco.com.tw/medias/sys_master/images/h7c/hed/449275468349470.jpg,https://www.costco.com.tw/c/hot-buys?q=:relevance
2026-09-25,其他,Intex 單人充氣沙發,$547,,,含運,缺貨,https://www.costco.com.tw/p/142531,https://www.costco.com.tw/medias/sys_master/images/hd0/hac/209599768559646.jpg,https://www.costco.com.tw/c/hot-buys?q=:relevance
2026-09-25,服飾配件,Nautica 女休閒短褲,$397,,,含運,缺貨,https://www.costco.com.tw/Clothing-Accessories/Womens-Clothing/Womens-Bottoms-Dresses/Nautica-Ladies-Casual-Short/p/142040,https://www.costco.com.tw/medias/sys_master/images/h05/h13/448868221681694.jpg,https://www.costco.com.tw/c/hot-buys?q=:relevance
2026-09-25,食品飲料,空運日本長野縣麝香葡萄 1.75公斤/ 5入裝,"$1,799","$2,299",$500,含運,有貨,https://www.costco.com.tw/Food-Dining/Frozen-Fresh-Food/Chilled-Fresh-Food/Japan-Nagano-Muscat-Grape-175-kg-5Pack/p/806826,https://www.costco.com.tw/medias/sys_master/images/h75/hb1/274784263995422.jpg,https://www.costco.com.tw/c/hot-buys?q=:relevance
2026-09-25,其他,普利司通 215/60 R17 96H ALENZA 001 輪胎,"$3,498",,,,狀態未知,https://www.costco.com.tw/tire/p/163252,https://www.costco.com.tw/medias/sys_master/images/h53/h92/34195790299166.jpg,https://www.costco.com.tw/c/hot-buys?q=:relevance
2026-09-25,家具家居,Lilfant 三麗鷗 兒童餐具 6件組,$727,,,含運,缺貨,https://www.costco.com.tw/Furniture-Kitchen/Kitchen-Dining/Water-Bottles/Lilfant-SANRIO-Kids-Utensil-6-Piece-Set/p/674962,https://www.costco.com.tw/medias/sys_master/images/hf5/h36/418236902342686.jpg,https://www.costco.com.tw/c/hot-buys?q=:relevance
2026-09-25,服飾配件,Tommy Hilfiger 女圓領短袖上衣,$397,,,含運,缺貨,https://www.costco.com.tw/Clothing-Accessories/p/1956395,https://www.costco.com.tw/medias/sys_master/images/hee/h62/484307089752094.jpg,https://www.costco.com.tw/c/hot-buys?q=:relevance
2026-09-25,其他,SUISAI 淨透酵素粉N 32顆 X 2入,$759,,,含運,有貨,https://www.costco.com.tw/p/158825,https://www.costco.com.tw/medias/sys_master/images/h83/h74/432046532296734.jpg,https://www.costco.com.tw/c/hot-buys?q=:relevance
2026-09-25,服飾配件,Tailor Vintage 男短褲,$347,,,含運,缺貨,https://www.costco.com.tw/Clothing-Accessories/Mens-Clothing/Mens-Bottoms/Tailor-Vintage-Mens-Short/p/1956435,https://www.costco.com.tw/medias/sys_master/images/h6d/h13/452308916764702.jpg,https://www.costco.com.tw/c/hot-buys?q=:relevance
2026-09-25,服飾配件,Nautica 女短版短袖上衣,$397,,,含運,缺貨,https://www.costco.com.tw/Clothing-Accessories/Womens-Clothing/Womens-Tops/Nautica-Ladies-Short-Cut-Short-Sleeve-Tee/p/155245,https://www.costco.com.tw/medias/sys_master/images/hb6/hb9/454001500749854.jpg,https://www.costco.com.tw/c/hot-buys?q=:relevance
2026-09-25,服飾配件,Adidas 男戶外涼鞋,$737,,,含運,缺貨,https://www.costco.com.tw/Clothing-Accessories/Shoes/Mens-Shoes/Adidas-Mens-Outdoor-Sandals/p/154890,https://www.costco.com.tw/medias/sys_master/images/h24/hae/466558437228574.jpg,https://www.costco.com.tw/c/hot-buys?q=:relevance
2026-09-25,服飾配件,Banana Republic 女長袖襯衫,$609,,,,狀態未知,https://www.costco.com.tw/Clothing-Accessories/Womens-Clothing/Womens-Tops/Banana-Republic-Ladies-Long-Sleeve-Shirt/p/1974301,https://www.costco.com.tw/medias/sys_master/images/hd6/he7/453636849991710.jpg,https://www.costco.com.tw/c/hot-buys?q=:relevance
2026-09-25,服飾配件,Character 兒童上衣四件組,$447,,,含運,缺貨,https://www.costco.com.tw/Clothing-Accessories/p/1956441,https://www.costco.com.tw/medias/sys_master/images/h8e/h77/454001928929310.jpg,https://www.costco.com.tw/c/hot-buys?q=:relevance
2026-09-25,服飾配件,Jezebel 女無袖連身洋裝,$397,,,含運,缺貨,https://www.costco.com.tw/Clothing-Accessories/Womens-Clothing/Womens-Bottoms-Dresses/Jezebel-Ladies-Tiered-Dress/p/1982075,https://www.costco.com.tw/medias/sys_master/images/h5e/hbf/422091092099102.jpg,https://www.costco.com.tw/c/hot-buys?q=:relevance
2026-09-25,其他,Tommy Bahama 7.5呎 海灘遮陽傘,$897,,,含運,有貨,https://www.costco.com.tw/Sports-Lifestyle/Sports-Fitness/Water-Sports/Tommy-Bahama-75-ft-Beach-Umbrella/p/1819570,https://www.costco.com.tw/medias/sys_master/images/hc9/hea/448868539596830.jpg,https://www.costco.com.tw/c/hot-buys?q=:relevance
2026-09-25,日用品／母嬰／玩具,Sunlemon 動物絨毛玩偶 / 6歲以上,$257,,,含運,缺貨,https://www.costco.com.tw/Household-Baby-Toys/Toys/p/172984,https://www.costco.com.tw/medias/sys_master/images/h22/hdc/421141119827998.jpg,https://www.costco.com.tw/c/hot-buys?q=:relevance
2026-09-25,服飾配件,Freeworld 男人字夾腳拖鞋,$547,,,含運,缺貨,https://www.costco.com.tw/Clothing-Accessories/p/1660944,https://www.costco.com.tw/medias/sys_master/images/hfd/h42/438876238774302.jpg,https://www.costco.com.tw/c/hot-buys?q=:relevance
2026-09-25,服飾配件,Juicy Couture 女短袖上衣,$347,,,含運,缺貨,https://www.costco.com.tw/Clothing-Accessories/Womens-Clothing/Womens-Tops/Juicy-Couture-Ladies-Short-Sleeve-Tee/p/156551,https://www.costco.com.tw/medias/sys_master/images/he7/h19/420739560636446.jpg,https://www.costco.com.tw/c/hot-buys?q=:relevance
2026-09-25,服飾配件,Glacier 男短袖運動上衣,$347,,,含運,缺貨,https://www.costco.com.tw/Clothing-Accessories/p/156166,https://www.costco.com.tw/medias/sys_master/images/h22/h7a/472952371642398.jpg,https://www.costco.com.tw/c/hot-buys?q=:relevance
2026-09-25,服飾配件,Max & Mia 女無袖連身洋裝,$547,,,含運,缺貨,https://www.costco.com.tw/Clothing-Accessories/p/1912115,https://www.costco.com.tw/medias/sys_master/images/h19/h3f/379632630693918.jpg,https://www.costco.com.tw/c/hot-buys?q=:relevance
2026-09-25,日用品／母嬰／玩具,Zuru X-Shot 發泡水槍 6入組 / 6歲以上,$347,,,含運,有貨,https://www.costco.com.tw/Household-Baby-Toys/Toys/p/1784848,https://www.costco.com.tw/medias/sys_master/images/hd6/h6e/486580369588254.jpg,https://www.costco.com.tw/c/hot-buys?q=:relevance
2026-09-25,食品飲料,Annie’s Home Grown 有機起司通心粉 12入組合包,$427,,,含運,有貨,https://www.costco.com.tw/Food-Dining/Groceries/Baking-Dried-Goods/Annies-Home-Grown-Organic-Macaroni-Cheese-12-Pack-Assorted-Set/p/145777,https://www.costco.com.tw/medias/sys_master/images/h51/h2a/383236912185374.jpg,https://www.costco.com.tw/c/hot-buys?q=:relevance
2026-09-25,服飾配件,Le Coq Sportif 男短袖純棉上衣,$599,,,,狀態未知,https://www.costco.com.tw/Clothing-Accessories/p/240942,https://www.costco.com.tw/medias/sys_master/images/ha7/hc8/455934093852702.jpg,https://www.costco.com.tw/c/hot-buys?q=:relevance
2026-09-25,家具家居,日本製雙層冷水壺 1.2公升,$799,"$1,049",$250,含運,有貨,https://www.costco.com.tw/Furniture-Kitchen/Kitchen-Dining/Coffee-Accessories-Drinkware/Double-Layer-Water-Pitcher-12-L/p/144408,https://www.costco.com.tw/medias/sys_master/images/hc9/ha4/224529148641310.jpg,https://www.costco.com.tw/c/hot-buys?q=:relevance
2026-09-25,家具家居,FIFA 足球造型抱枕 周長 124.4公分,$297,,,含運,缺貨,https://www.costco.com.tw/Furniture-Kitchen/Bedding/Throw-Pillows-Cushions/FIFA-Soccer-Deco-Pillow-Around-1244-cm/p/1991360,https://www.costco.com.tw/medias/sys_master/images/h49/hf5/451293833920542.jpg,https://www.costco.com.tw/c/hot-buys?q=:relevance
2026-09-25,服飾配件,Huggies 嬰兒連身包屁衣五件組,$547,,,含運,缺貨,https://www.costco.com.tw/Clothing-Accessories/Kids-Clothing/Kids-Clothing-Sets-Accessories/Huggies-Baby-Bodysuit-5-Piece-Set/p/1976255,https://www.costco.com.tw/medias/sys_master/images/h32/h49/473820160819230.jpg,https://www.costco.com.tw/c/hot-buys?q=:relevance
2026-09-25,其他,Mon Chateau 仿動物毛圓形抱枕 30公分 X 30公分 X 30公分,$247,,,含運,缺貨,https://www.costco.com.tw/Bedding/p/1909180,https://www.costco.com.tw/medias/sys_master/images/h22/h0c/378823389052958.jpg,https://www.costco.com.tw/c/hot-buys?q=:relevance
2026-09-25,日用品／母嬰／玩具,Zuru 加特林泡泡槍 / 3歲以上,$527,,,含運,有貨,https://www.costco.com.tw/Household-Baby-Toys/Toys/p/1851658,https://www.costco.com.tw/medias/sys_master/images/hca/hd6/486580381188126.jpg,https://www.costco.com.tw/c/hot-buys?q=:relevance
2026-09-25,服飾配件,Adidas 女戶外涼鞋,$737,,,含運,缺貨,https://www.costco.com.tw/Clothing-Accessories/Shoes/Womens-Shoes/Adidas-Ladies-Outdoor-Sandals/p/154891,https://www.costco.com.tw/medias/sys_master/images/h6e/h85/466558441881630.jpg,https://www.costco.com.tw/c/hot-buys?q=:relevance
2026-09-25,家電 3C,TCL 333公升 變頻雙門冰箱 P333TM,"$13,999","$17,699","$3,700",含運,有貨,https://www.costco.com.tw/Televisions-Appliances/Large-Appliances/Fridges-Freezers/Overall-Capacity-200-350-L/TCL-333-L-Double-Door-Inverter-Fridge-P333TM/p/149470,https://www.costco.com.tw/medias/sys_master/images/h39/hb6/308063100174366.jpg,https://www.costco.com.tw/c/hot-buys?q=:relevance
2026-09-25,家電 3C,Samsung 17公斤蒸洗脫滾筒洗衣機 WF17T6300GW/TW,"$22,999","$24,999","$2,000",含運,有貨,https://www.costco.com.tw/Televisions-Appliances/Large-Appliances/Washers-Dryers/Samsung-17kg-Front-Load-Washer-WF17T6300GWTW/p/133807,https://www.costco.com.tw/medias/sys_master/images/h2b/h30/87021380993054.jpg,https://www.costco.com.tw/c/hot-buys?q=:relevance
2026-09-25,其他,Bestway 充氣飛鏢盤,$497,,,含運,有貨,https://www.costco.com.tw/p/8523339,https://www.costco.com.tw/medias/sys_master/images/hc2/h7d/420739777822750.jpg,https://www.costco.com.tw/c/hot-buys?q=:relevance
2026-09-25,服飾配件,GAP 女九分褲,$999,,,,狀態未知,https://www.costco.com.tw/Clothing-Accessories/Womens-Clothing/Womens-Bottoms-Dresses/GAP-Ladies-Ankle-Trouser/p/1971848,https://www.costco.com.tw/medias/sys_master/images/h75/h8f/451293719953438.jpg,https://www.costco.com.tw/c/hot-buys?q=:relevance
2026-09-25,服飾配件,Adidas 兒童休閒鞋,$657,,,含運,缺貨,https://www.costco.com.tw/Clothing-Accessories/p/1864508,https://www.costco.com.tw/medias/sys_master/images/hfd/h75/454001908776990.jpg,https://www.costco.com.tw/c/hot-buys?q=:relevance
2026-09-25,家電 3C,Samsung Bespoke AI 智慧電子衣櫥 DF18CB8600WRTW,"$33,999","$34,999","$1,000",含運,有貨,https://www.costco.com.tw/Televisions-Appliances/Large-Appliances/Washers-Dryers/Samsung-Bespoke-AI-Airdresser-DF18CB8600WRTW/p/161275,https://www.costco.com.tw/medias/sys_master/images/h2f/hcd/471660361416734.jpg,https://www.costco.com.tw/c/hot-buys?q=:relevance
2026-09-25,服飾配件,Sunday Afternoons 兒童抗UV遮陽帽,$397,,,含運,缺貨,https://www.costco.com.tw/Clothing-Accessories/Kids-Clothing/Kids-Clothing-Sets-Accessories/Sunday-Afternoons-Kids-UPF-Sun-Protection-Hat/p/157456,https://www.costco.com.tw/medias/sys_master/images/hd2/hc4/450045194567710.jpg,https://www.costco.com.tw/c/hot-buys?q=:relevance
2026-09-25,其他,Panasonic 碳鋅2號電池 24入組,$397,,,含運,有貨,https://www.costco.com.tw/p/152790,https://www.costco.com.tw/medias/sys_master/images/h2c/hf7/363341288079390.jpg,https://www.costco.com.tw/c/hot-buys?q=:relevance
2026-09-25,家具家居,日本製雙層冷水壺 1.7公升,$899,"$1,129",$230,含運,有貨,https://www.costco.com.tw/Furniture-Kitchen/Kitchen-Dining/Coffee-Accessories-Drinkware/Double-Layer-Water-Pitcher-17-L/p/143526,https://www.costco.com.tw/medias/sys_master/images/hf8/h7a/224528993058846.jpg,https://www.costco.com.tw/c/hot-buys?q=:relevance
2026-09-25,服飾配件,Lacoste 女休閒鞋,"$1,457",,,含運,缺貨,https://www.costco.com.tw/Clothing-Accessories/Shoes/Womens-Shoes/Lacoste-Ladies-Shoe/p/154493,https://www.costco.com.tw/medias/sys_master/images/h68/h77/451293254418462.jpg,https://www.costco.com.tw/c/hot-buys?q=:relevance
2026-09-25,服飾配件,Lacoste 男休閒鞋,"$1,257",,,含運,缺貨,https://www.costco.com.tw/Clothing-Accessories/p/154492,https://www.costco.com.tw/medias/sys_master/images/h50/hcb/438875884486686.jpg,https://www.costco.com.tw/c/hot-buys?q=:relevance
2026-09-25,服飾配件,Kate Spade 太陽眼鏡 KS FLYNNIE/G/S 1EIIR 黑色,"$1,297",,,含運,有貨,https://www.costco.com.tw/Clothing-Accessories/Sunglasses-Eyeglasses/Sunglasses/Kate-Spade-Sunglasses-KS-FLYNNIEGS-1EIIR-Black/p/251677,https://www.costco.com.tw/medias/sys_master/images/h73/ha9/433626130481182.jpg,https://www.costco.com.tw/c/hot-buys?q=:relevance
2026-09-25,服飾配件,GAP 男彈性舒適休閒短褲,$849,,,,狀態未知,https://www.costco.com.tw/Clothing-Accessories/p/1983365,https://www.costco.com.tw/medias/sys_master/images/h26/h90/472952482267166.jpg,https://www.costco.com.tw/c/hot-buys?q=:relevance
2026-09-25,服飾配件,Tailor Vintage 男長褲,$497,,,含運,缺貨,https://www.costco.com.tw/Clothing-Accessories/Mens-Clothing/Mens-Bottoms/Tailor-Vintage-Mens-Ewaist-Surplus-Pant/p/1956433,https://www.costco.com.tw/medias/sys_master/images/h48/h0c/438876310011934.jpg,https://www.costco.com.tw/c/hot-buys?q=:relevance
2026-09-25,其他,普利司通 195/65 R15 91V ECOPIA EP300 輪胎,"$2,899",,,,狀態未知,https://www.costco.com.tw/Tire/Bridgestone-19565-R15-91V-ECOPIA-EP300-Tire/tire/p/161232,https://www.costco.com.tw/medias/sys_master/images/h78/hb0/455933833805854.jpg,https://www.costco.com.tw/c/hot-buys?q=:relevance
2026-09-25,家電 3C,DJI Osmo Pocket 3 旅拍套裝組 附續航手柄+收納包,"$11,799","$12,599",$800,含運,有貨,https://www.costco.com.tw/Digital-Mobile/Cameras/p/159980,https://www.costco.com.tw/medias/sys_master/images/hc8/h3f/466558645567518.jpg,https://www.costco.com.tw/c/hot-buys?q=:relevance
2026-09-25,其他,Samsung 20公斤 直立式變頻洗衣機 WA20A8377GW/TW,"$20,999","$21,499",$500,含運,有貨,https://www.costco.com.tw/Large-Appliances/p/146557,https://www.costco.com.tw/medias/sys_master/images/h85/h86/259146767859742.jpg,https://www.costco.com.tw/c/hot-buys?q=:relevance
2026-09-25,服飾配件,Oh Sunny 女戶外休閒雙面遮陽帽,$447,,,含運,缺貨,https://www.costco.com.tw/Clothing-Accessories/Womens-Clothing/Accessories/Oh-Sunny-Ladies-Reversible-Sunscreen-Hat/p/8522876,https://www.costco.com.tw/medias/sys_master/images/hc5/hbf/437687805116446.jpg,https://www.costco.com.tw/c/hot-buys?q=:relevance
2026-09-25,其他,Gallery Reliant 亞麻布扶手椅,"$8,999","$9,499",$500,含運,有貨,https://www.costco.com.tw/p/535616,https://www.costco.com.tw/medias/sys_master/images/h81/h22/346356079656990.jpg,https://www.costco.com.tw/c/hot-buys?q=:relevance
2026-09-25,服飾配件,Buffalo 女短丹寧洋裝,$547,,,含運,缺貨,https://www.costco.com.tw/Clothing-Accessories/Womens-Clothing/Womens-Bottoms-Dresses/Buffalo-Ladies-Soft-Denim-Dress/p/2046573,https://www.costco.com.tw/medias/sys_master/images/h7f/hc7/453636861952030.jpg,https://www.costco.com.tw/c/hot-buys?q=:relevance
2026-09-25,服飾配件,Smiley World 兒童上衣兩件組,$347,,,含運,缺貨,https://www.costco.com.tw/Clothing-Accessories/Kids-Clothing/Kids-Clothing-Sets-Accessories/Smiley-World-Kids-Top-2-Pack-Set/p/1977016,https://www.costco.com.tw/medias/sys_master/images/h4d/h18/450045519560734.jpg,https://www.costco.com.tw/c/hot-buys?q=:relevance
2026-09-25,日用品／母嬰／玩具,FIFA 世界盃 8吋 絨毛玩偶,$357,,,含運,缺貨,https://www.costco.com.tw/Household-Baby-Toys/Toys/p/1851571,https://www.costco.com.tw/medias/sys_master/images/h42/hd0/467794339168286.jpg,https://www.costco.com.tw/c/hot-buys?q=:relevance
2026-09-25,其他,三星 Bespoke 21公斤滾筒洗衣機 WF21B9600KV/TW + 17公斤乾衣機 DVG17CB8700VTW,"$59,899","$64,899","$5,000",含運,有貨,https://www.costco.com.tw/Large-Appliances/p/161274,https://www.costco.com.tw/medias/sys_master/images/h36/h44/471660358598686.jpg,https://www.costco.com.tw/c/hot-buys?q=:relevance
2026-09-25,家電 3C,三星 Bespoke 21公斤滾筒洗衣機 WF21B9600KV/TW,"$29,899","$33,999","$4,100",含運,有貨,https://www.costco.com.tw/Televisions-Appliances/Large-Appliances/Washers-Dryers/Washer-Size-20-kg-Above/Samsung-Bespoke-21-kg-Front-Load-Washer-WF21B9600KVTW/p/161273,https://www.costco.com.tw/medias/sys_master/images/h19/hd4/471660354535454.jpg,https://www.costco.com.tw/c/hot-buys?q=:relevance
2026-09-25,家電 3C,Sony PlayStation 5 無線控制器 午夜黑+ 無線控制器 充電座,"$2,925","$3,199",$274,含運,有貨,https://www.costco.com.tw/Digital-Mobile/Wearables-Audio/Video-Games-Consoles/Sony-PlayStation-5-DualSense-Controller-Charging-Station/p/157702,https://www.costco.com.tw/medias/sys_master/images/h46/hea/415043988488222.jpg,https://www.costco.com.tw/c/hot-buys?q=:relevance
2026-09-25,日用品／母嬰／玩具,三麗鷗 抱抱球 / 3歲以上,$687,,,含運,缺貨,https://www.costco.com.tw/Household-Baby-Toys/Toys/Dolls-Pretend-Play/Sanrio-Biggies-Ages-3-and-Up/p/151564,https://www.costco.com.tw/medias/sys_master/images/h2c/ha1/344774106316830.jpg,https://www.costco.com.tw/c/hot-buys?q=:relevance
2026-09-25,家電 3C,Beats Studio Pro 無線頭戴式耳機,"$8,349","$9,399","$1,050",含運,缺貨,https://www.costco.com.tw/Digital-Mobile/Wearables-Audio/p/141447-B,https://www.costco.com.tw/medias/sys_master/images/h31/h1a/186026054189086.jpg,https://www.costco.com.tw/c/hot-buys?q=:relevance
2026-09-25,服飾配件,Timberland 男短袖Polo衫,$647,,,含運,缺貨,https://www.costco.com.tw/Clothing-Accessories/p/134126,https://www.costco.com.tw/medias/sys_master/images/h74/h20/453375861850142.jpg,https://www.costco.com.tw/c/hot-buys?q=:relevance
2026-09-25,其他,Gallery Neyland Green 牛皮扶手椅,"$8,999","$9,599",$600,含運,有貨,https://www.costco.com.tw/p/473489,https://www.costco.com.tw/medias/sys_master/images/h91/he0/366002090901534.jpg,https://www.costco.com.tw/c/hot-buys?q=:relevance
2026-09-25,服飾配件,GAP 女鬆緊腰短褲,"$1,379",,,,狀態未知,https://www.costco.com.tw/Clothing-Accessories/p/1959301,https://www.costco.com.tw/medias/sys_master/images/hc0/h5c/451293697409054.jpg,https://www.costco.com.tw/c/hot-buys?q=:relevance
2026-09-25,其他,WildLand 速開帳篷,"$1,087",,,含運,有貨,https://www.costco.com.tw/Sports-Lifestyle/Camping-Outdoors/Tents-Camping-Gear/WildLand-Quick-Set-Up-Shelter/p/1872089,https://www.costco.com.tw/medias/sys_master/images/h1b/h9e/455116857606174.jpg,https://www.costco.com.tw/c/hot-buys?q=:relevance
2026-09-25,日用品／母嬰／玩具,Barrington 10人撲克桌 含LED燈,"$4,997",,,含運,有貨,https://www.costco.com.tw/Household-Baby-Toys/Toys/p/1740653,https://www.costco.com.tw/medias/sys_master/images/he3/h16/413421503676446.jpg,https://www.costco.com.tw/c/hot-buys?q=:relevance
2026-09-25,家電 3C,ASUS 華碩 T700TL 桌上型電競電腦 H-T700TL-9275HX057W6T,"$69,799",,,,狀態未知,https://www.costco.com.tw/Digital-Mobile/Laptops-Computers/Desktops-Computers/ASUS-T700TL-Gaming-Desktop-Computers-H-T700TL-9275HX057W6T/p/163000,https://www.costco.com.tw/medias/sys_master/images/h5d/h9d/504930903752734.jpg,https://www.costco.com.tw/c/hot-buys?q=:relevance
2026-09-25,其他,Mabe 美寶 18公斤天然瓦斯型美式直立式乾衣機 SMG26N5MNBAB-NG,"$21,999","$22,299",$300,含運,有貨,https://www.costco.com.tw/Large-Appliances/p/159193,https://www.costco.com.tw/medias/sys_master/images/hdd/he9/492247681237022.jpg,https://www.costco.com.tw/c/hot-buys?q=:relevance
2026-09-25,其他,舒熱佳 金屬及陶瓷全車貼 小型車 (不含天窗),"$28,999","$29,059",$60,含運,有貨,https://www.costco.com.tw/p/158991,https://www.costco.com.tw/medias/sys_master/images/hf2/h16/437687070490654.jpg,https://www.costco.com.tw/c/hot-buys?q=:relevance
2026-09-25,其他,Samsung 85吋 4K 晶彩智慧顯示器 UA85U8500FXXZW,"$53,999","$59,999","$6,000",含運,有貨,https://www.costco.com.tw/Televisions-TV-Accessories/p/153748,https://www.costco.com.tw/medias/sys_master/images/h33/h67/438072218976286.jpg,https://www.costco.com.tw/c/hot-buys?q=:relevance
2026-09-25,日用品／母嬰／玩具,Step2 汽車造型戲水桌 / 3歲以上,"$1,997",,,含運,有貨,https://www.costco.com.tw/Household-Baby-Toys/Toys/Outdoor-Play/Step2-Car-Wash-Splash-Center-Ages-3-and-Up/p/152880,https://www.costco.com.tw/medias/sys_master/images/h8d/hd9/381454866710558.jpg,https://www.costco.com.tw/c/hot-buys?q=:relevance
2026-09-25,其他,Samsung 17公斤 AI 衣管家蒸洗脫滾筒洗衣機 WF17T6300GW/TW + Samsung 16公斤 蒸本事瓦斯型乾衣機 DVG16CG8600WTW,"$49,899","$52,999","$3,100",含運,有貨,https://www.costco.com.tw/Large-Appliances/p/144426,https://www.costco.com.tw/medias/sys_master/images/hea/h85/208447531319326.jpg,https://www.costco.com.tw/c/hot-buys?q=:relevance
2026-09-25,其他,米其林 HydroEdge 雨刷 18吋,$297,,,含運,有貨,https://www.costco.com.tw/Automotive/p/1426551,https://www.costco.com.tw/medias/sys_master/images/h82/h92/97634291744798.jpg,https://www.costco.com.tw/c/hot-buys?q=:relevance
2026-09-25,其他,Water Buddies 20吋 浮板,$247,,,含運,缺貨,https://www.costco.com.tw/Sports-Lifestyle/Sports-Fitness/Water-Sports/Water-Buddies-20-inch-Floating-Disc/p/678571,https://www.costco.com.tw/medias/sys_master/images/h1f/hdc/329850820296734.jpg,https://www.costco.com.tw/c/hot-buys?q=:relevance
2026-09-25,家具家居,Korhani Studio 編織質感地墊 60公分 X 90公分 X 1.8公分,$697,,,含運,缺貨,https://www.costco.com.tw/Furniture-Kitchen/Bedding/Rugs-Mats/Korhani-Studio-Rope-Mat-60-cm-X-90-cm-X-18-cm/p/1997001,https://www.costco.com.tw/medias/sys_master/images/hd1/h73/437687668768798.jpg,https://www.costco.com.tw/c/hot-buys?q=:relevance
2026-09-25,服飾配件,RVCA 女無袖連身洋裝,$347,,,含運,缺貨,https://www.costco.com.tw/Clothing-Accessories/Womens-Clothing/Womens-Bottoms-Dresses/RVCA-Womens-Sleeveless-Dress/p/1956389,https://www.costco.com.tw/medias/sys_master/images/h08/h83/448868549623838.jpg,https://www.costco.com.tw/c/hot-buys?q=:relevance
2026-09-25,其他,Tommy Bahama 可調式海灘椅,$797,,,含運,缺貨,https://www.costco.com.tw/p/1819490,https://www.costco.com.tw/medias/sys_master/images/h3c/ha5/361958048366622.jpg,https://www.costco.com.tw/c/hot-buys?q=:relevance
2026-09-25,家電 3C,Mabe 美寶 18公斤電能型美式直立式乾衣機 SME26N5XNBBT,"$21,999","$22,299",$300,含運,有貨,https://www.costco.com.tw/Televisions-Appliances/Large-Appliances/Washers-Dryers/Mabe-18-kg-American-Style-Electric-Vented-Dryer-SME26N5XNBBT/p/159195,https://www.costco.com.tw/medias/sys_master/images/h67/h39/492247685627934.jpg,https://www.costco.com.tw/c/hot-buys?q=:relevance
2026-09-25,家電 3C,Mabe 美寶 18公斤桶裝瓦斯型美式直立式乾衣機 SMG26N5MNBAB-LPG,"$24,499","$24,799",$300,含運,有貨,https://www.costco.com.tw/Televisions-Appliances/Large-Appliances/Washers-Dryers/Mabe-18-kg-American-Style-Liquefied-Petroleum-Gas-Vented-Dryer-SMG26N5MNBAB-LPG/p/159194,https://www.costco.com.tw/medias/sys_master/images/h22/hcf/492247684317214.jpg,https://www.costco.com.tw/c/hot-buys?q=:relevance
2026-09-25,服飾配件,Advent 女寬直筒褲,$347,,,含運,缺貨,https://www.costco.com.tw/Clothing-Accessories/Womens-Clothing/Womens-Bottoms-Dresses/Advent-Ladies-Advent-Draped-Pleated-Wide-Pant/p/156457,https://www.costco.com.tw/medias/sys_master/images/had/haf/422090897227806.jpg,https://www.costco.com.tw/c/hot-buys?q=:relevance
2026-09-25,日用品／母嬰／玩具,LEGO Ideas 家族樹 21346 / 18歲以上,"$1,767",,,含運,有貨,https://www.costco.com.tw/Household-Baby-Toys/Toys/Building-Sets-Blocks/LEGO-Ideas-Family-Tree-21346-Ages-18-and-Up/p/153156,https://www.costco.com.tw/medias/sys_master/images/h4c/h0e/361110047948830.jpg,https://www.costco.com.tw/c/hot-buys?q=:relevance
2026-09-25,家具家居,Hotel Grand 雙人白鵝絨可水洗子母被 180公分 X 210公分,"$6,997",,,含運,缺貨,https://www.costco.com.tw/Furniture-Kitchen/Bedding/Pillows-Comforters-Blankets/Hotel-Grand-Goose-Down-Comforter-180-cm-X-210-cm/p/152368,https://www.costco.com.tw/medias/sys_master/images/h99/hb8/379632076062750.jpg,https://www.costco.com.tw/c/hot-buys?q=:relevance
2026-09-25,其他,米其林 HydroEdge 雨刷 20吋,$297,,,含運,有貨,https://www.costco.com.tw/Automotive/p/1426558,https://www.costco.com.tw/medias/sys_master/images/h85/h01/97634291875870.jpg,https://www.costco.com.tw/c/hot-buys?q=:relevance
2026-09-25,其他,2.03克拉 鉑金 圓形鑽石戒指 VVS2/E,"$1,349,997",,,含運,有貨,https://www.costco.com.tw/p/967585,https://www.costco.com.tw/medias/sys_master/images/hf9/hee/30241882865694.jpg,https://www.costco.com.tw/c/hot-buys?q=:relevance
2026-09-25,其他,1.11克拉 鉑金 圓形鑽石戒指 VVS2/E,"$439,997",,,含運,有貨,https://www.costco.com.tw/p/672472,https://www.costco.com.tw/medias/sys_master/images/h77/h71/30241881391134.jpg,https://www.costco.com.tw/c/hot-buys?q=:relevance
2026-09-25,其他,1.09克拉 鉑金 圓形鑽石戒指 VVS1/F,"$456,997",,,含運,有貨,https://www.costco.com.tw/Jewelry-Gold/Diamond/Diamond-Rings/109-ct-Platinum-Round-Diamond-Ring-VVS1F/p/651049,https://www.costco.com.tw/medias/sys_master/images/h7d/h96/30241880211486.jpg,https://www.costco.com.tw/c/hot-buys?q=:relevance
2026-09-25,其他,1.63克拉 鉑金 圓形鑽石戒指 VS2/G,"$558,997",,,含運,有貨,https://www.costco.com.tw/p/648495,https://www.costco.com.tw/medias/sys_master/images/hcf/h4a/30241880670238.jpg,https://www.costco.com.tw/c/hot-buys?q=:relevance
2026-09-25,其他,2.24克拉 鉑金 圓形鑽石戒指 VS1/G,"$1,149,997",,,含運,有貨,https://www.costco.com.tw/Jewelry-Gold/Diamond/Diamond-Rings/224-ct-Platinum-Round-Diamond-Ring-VS1G/p/644495,https://www.costco.com.tw/medias/sys_master/products/h76/h8a/8826152583198.jpg,https://www.costco.com.tw/c/hot-buys?q=:relevance
2026-09-25,其他,1.75克拉 鉑金 圓形鑽石戒指 VS1/G,"$679,997",,,含運,有貨,https://www.costco.com.tw/Jewelry-Gold/Diamond/Diamond-Rings/175-ct-Platinum-Round-Diamond-Ring-VS1G/p/630894,https://www.costco.com.tw/medias/sys_master/products/h76/h8a/8826152583198.jpg,https://www.costco.com.tw/c/hot-buys?q=:relevance
2026-09-25,其他,2.01克拉 鉑金 圓形鑽石戒指 VVS2/D,"$1,599,997",,,含運,有貨,https://www.costco.com.tw/p/630832,https://www.costco.com.tw/medias/sys_master/products/h76/h8a/8826152583198.jpg,https://www.costco.com.tw/c/hot-buys?q=:relevance
2026-09-25,其他,1.42克拉 鉑金 圓形鑽石戒指 VS2/I,"$239,997",,,含運,有貨,https://www.costco.com.tw/Jewelry-Gold/Diamond/Diamond-Rings/142-ctw-Platinum-Round-Diamond-Ring-VS2I/p/440592,https://www.costco.com.tw/medias/sys_master/products/h2a/h39/8825179111454.jpg,https://www.costco.com.tw/c/hot-buys?q=:relevance
2026-09-25,其他,1.61克拉 鉑金 圓形鑽石戒指 VS1/E,"$639,997",,,含運,有貨,https://www.costco.com.tw/p/228782,https://www.costco.com.tw/medias/sys_master/images/h48/he9/30241877131294.jpg,https://www.costco.com.tw/c/hot-buys?q=:relevance
2026-09-25,服飾配件,Scotch & Soda 女無袖連身洋裝,$547,,,含運,缺貨,https://www.costco.com.tw/Clothing-Accessories/Womens-Clothing/Womens-Bottoms-Dresses/Scotch-Soda-Ladies-Sleeveless-Dress/p/1956396,https://www.costco.com.tw/medias/sys_master/images/h53/h80/400800676511774.jpg,https://www.costco.com.tw/c/hot-buys?q=:relevance
2026-09-25,服飾配件,Jezebel 女連身洋裝,$597,,,含運,缺貨,https://www.costco.com.tw/Clothing-Accessories/p/1912121,https://www.costco.com.tw/medias/sys_master/images/h84/h35/451293688692766.jpg,https://www.costco.com.tw/c/hot-buys?q=:relevance
2026-09-25,其他,Igloo 23.6公升 保冷野餐籃,$697,,,含運,有貨,https://www.costco.com.tw/Sports-Lifestyle/Camping-Outdoors/Coolers/Igloo-25QT-Modern-Picnic-Basket/p/1872096,https://www.costco.com.tw/medias/sys_master/images/h85/h5f/454001915559966.jpg,https://www.costco.com.tw/c/hot-buys?q=:relevance
2026-09-25,其他,Harbour 戶外休閒沙發四件組,"$54,997",,,含運,有貨,https://www.costco.com.tw/Lawn-Garden/Patio-Furniture/Outdoor-Patio-Furniture/Harbour-Deep-Seating-4-Piece-Set/p/1768196,https://www.costco.com.tw/medias/sys_master/images/he2/h57/206972366389278.jpg,https://www.costco.com.tw/c/hot-buys?q=:relevance
2026-09-25,其他,GE 奇異 733公升防指紋不銹鋼雙門對開冰箱 GSS25GYPFS,"$88,999","$89,999","$1,000",含運,有貨,https://www.costco.com.tw/Large-Appliances/p/159190,https://www.costco.com.tw/medias/sys_master/images/h30/hcb/492247676125214.jpg,https://www.costco.com.tw/c/hot-buys?q=:relevance
2026-09-25,日用品／母嬰／玩具,環形電動軟球槍 / 14歲以上,$467,,,含運,有貨,https://www.costco.com.tw/Household-Baby-Toys/Toys/Outdoor-Play/Spiral-Power-Popper-Ages-14-and-Up/p/155749,https://www.costco.com.tw/medias/sys_master/images/h33/hd6/386411412520990.jpg,https://www.costco.com.tw/c/hot-buys?q=:relevance
2026-09-25,家電 3C,樂司科 熊黑皮數位陶瓷電暖器 CC23630TW,"$2,799","$3,289",$490,含運,有貨,https://www.costco.com.tw/Televisions-Appliances/Cooling-Heating-Air-Treatment/Heating-Cooling/Lasko-Ceramic-Heater-CC23630TW/p/153259,https://www.costco.com.tw/medias/sys_master/images/h5a/h69/383022574370846.jpg,https://www.costco.com.tw/c/hot-buys?q=:relevance
2026-09-25,家電 3C,東芝 Regza 75型 4K QLED 144Hz 全陣列背光智慧顯示器 75Z670NT,"$38,299","$39,999","$1,700",含運,有貨,https://www.costco.com.tw/Televisions-Appliances/TV-Home-Entertainment/Televisions-TV-Accessories/70-79-TVs/Toshiba-Regza-75-inch-Full-Array-4K-QLED-144Hz-Smart-Monitor-75Z670NT/p/152535,https://www.costco.com.tw/medias/sys_master/images/h4d/h80/438072159993886.jpg,https://www.costco.com.tw/c/hot-buys?q=:relevance
2026-09-25,家電 3C,Samsung 16公斤蒸本事瓦斯型乾衣機 DVG16CG8600WTW,"$27,999","$30,999","$3,000",含運,有貨,https://www.costco.com.tw/Televisions-Appliances/Large-Appliances/Washers-Dryers/Samsung-16-kg-Smart-Dial-Gas-Dryer-DVG16CG8600WTW/p/144425,https://www.costco.com.tw/medias/sys_master/images/h97/he9/208447527551006.jpg,https://www.costco.com.tw/c/hot-buys?q=:relevance
2026-09-25,其他,日本製雙層冷水壺 1.2公升 X 6件組,"$4,499","$5,749","$1,250",含運,有貨,https://www.costco.com.tw/p/144402,https://www.costco.com.tw/medias/sys_master/images/h43/h04/224529141891102.jpg,https://www.costco.com.tw/c/hot-buys?q=:relevance
2026-09-25,家具家居,日本製雙層冷水壺 1.7公升 X 6件組,"$5,099","$6,199","$1,100",含運,有貨,https://www.costco.com.tw/Furniture-Kitchen/Kitchen-Dining/Coffee-Accessories-Drinkware/Double-Layer-Water-Pitcher-17-L-X-6-Piece-Set/p/143524,https://www.costco.com.tw/medias/sys_master/images/h41/hfd/224528978116638.jpg,https://www.costco.com.tw/c/hot-buys?q=:relevance
2026-09-25,其他,米其林 HydroEdge 雨刷 19吋,$297,,,含運,有貨,https://www.costco.com.tw/Sports-Lifestyle/Automotive/Automotive/Michelin-HydroEdge-Hybrid-Wiper-Blade-19-inch/p/1426555,https://www.costco.com.tw/medias/sys_master/images/h0c/h84/97634292269086.jpg,https://www.costco.com.tw/c/hot-buys?q=:relevance
2026-09-25,其他,2.02克拉18K白K金 圓形鑽石項鍊 VVS1/D,"$1,599,997",,,含運,有貨,https://www.costco.com.tw/Jewelry-Gold/Diamond/Diamond-Necklaces/202-ctw-18kt-White-Gold-Round-Diamond-Pendant-VVS1D/p/1024902,https://www.costco.com.tw/medias/sys_master/images/h85/hbe/10520064950302.jpg,https://www.costco.com.tw/c/hot-buys?q=:relevance
2026-09-25,其他,The Golden 大麥若葉粉末 3公克 X 176包,$749,$949,$200,商品已折價 $200 含運,缺貨,https://www.costco.com.tw/p/567872,https://www.costco.com.tw/medias/sys_master/images/h77/h5f/27131082145822.jpg,https://www.costco.com.tw/c/hot-buys?q=:relevance
2026-09-25,其他,Revel 涼感記憶枕 45公分 X 71公分,$669,$839,$170,商品已折價$170 含運,缺貨,https://www.costco.com.tw/Bedding/p/4957635,https://www.costco.com.tw/medias/sys_master/images/h42/h00/450418273484830.jpg,https://www.costco.com.tw/c/hot-buys?q=:relevance
2026-09-25,食品飲料,健達 繽紛樂 43公克 X 15入,$369,$459,$90,商品已折價$90 含運,缺貨,https://www.costco.com.tw/Food-Dining/Snacks/Candies-Chocolates/Kinder-Bueno-43-g-X-15-Count/p/1168940,https://www.costco.com.tw/medias/sys_master/images/hdd/h0c/448868215488542.jpg,https://www.costco.com.tw/c/hot-buys?q=:relevance
2026-09-25,其他,Sports Research Omega-3 濃縮魚油 1250mg 150粒,"$1,109","$1,379",$270,商品已折價 $270 含運,缺貨,https://www.costco.com.tw/p/240666,https://www.costco.com.tw/medias/sys_master/images/hf2/h84/275802915995678.jpg,https://www.costco.com.tw/c/hot-buys?q=:relevance
2026-09-25,其他,飛利浦 A2S 軒恆全桌護眼檯燈,"$2,729","$3,429",$700,商品已折價$700 含運,缺貨,https://www.costco.com.tw/p/160725,https://www.costco.com.tw/medias/sys_master/images/hd0/h49/468935628521502.jpg,https://www.costco.com.tw/c/hot-buys?q=:relevance
2026-09-25,其他,樂歌 人體工學智慧電動升降桌 原木桌面 ET200-C,"$6,399","$7,999","$1,600","商品已折價$1,600 含運",缺貨,https://www.costco.com.tw/p/154977,https://www.costco.com.tw/medias/sys_master/images/h8e/h10/366793429254174.jpg,https://www.costco.com.tw/c/hot-buys?q=:relevance
2026-09-25,其他,Xterra 跑步機 TRX4500,"$24,799","$30,999","$6,200","商品已折價$6,200 含運",缺貨,https://www.costco.com.tw/Sports-Lifestyle/Sports-Fitness/Fitness-Equipment-Accessories/Xterra-Treadmill-TRX4500/p/132978,https://www.costco.com.tw/medias/sys_master/images/h67/hb1/80619447877662.webp,https://www.costco.com.tw/c/hot-buys?q=:relevance
2026-09-25,食品飲料,Starbucks 秋季限定咖啡豆 1.13公斤,$835,"$1,035",$200,商品已折價$200 含運,有貨,https://www.costco.com.tw/Food-Dining/Drinks/p/104770,https://www.costco.com.tw/medias/sys_master/images/h25/h83/115904722501662.jpg,https://www.costco.com.tw/c/hot-buys?q=:relevance
2026-09-25,食品飲料,產銷履歷文旦 6公斤 (10-12入),$549,$699,$150,商品已折價$150 含運,缺貨,https://www.costco.com.tw/Food-Dining/Frozen-Fresh-Food/Chilled-Fresh-Food/Tap-Pomelo-6-kg-10-12-Count/p/184283,https://www.costco.com.tw/medias/sys_master/images/h41/hd1/79615101239326.jpg,https://www.costco.com.tw/c/hot-buys?q=:relevance
2026-09-25,其他,TCL 65吋 P7L 高階 QLED Google TV 量子智能連網液晶顯示器 不含視訊盒 65P7L,"$15,998","$19,999","$4,001","商品已折價$4,001 含運",缺貨,https://www.costco.com.tw/Televisions-TV-Accessories/p/161735,https://www.costco.com.tw/medias/sys_master/images/h2e/h96/501514869964830.jpg,https://www.costco.com.tw/c/hot-buys?q=:relevance
2026-09-25,其他,Lifetime 四呎折疊桌 2入,"$1,799","$2,249",$450,商品已折價$450 含運,缺貨,https://www.costco.com.tw/Patio-Furniture/p/1653371,https://www.costco.com.tw/medias/sys_master/images/h04/h61/308411254145054.jpg,https://www.costco.com.tw/c/hot-buys?q=:relevance
2026-09-25,食品飲料,桂格 冰沖堅果脆麥片 奇亞籽酥片 & 堅果顆粒 31公克 X 50包,$379,$469,$90,商品已折價$90 含運,缺貨,https://www.costco.com.tw/Food-Dining/Drinks/Powdered-Drink-Mix-Cereal-Oats/Quaker-Cold-Crunchy-Nut-Chia-Seeds-Cereal-31-g-X-50-Pack/p/140611,https://www.costco.com.tw/medias/sys_master/images/hf7/hba/154550946332702.jpg,https://www.costco.com.tw/c/hot-buys?q=:relevance
2026-09-25,其他,3M Scotch 膠帶 6入組 (隱型 X 3 + 透明 X 3),$319,$399,$80,商品已折價$80 含運,缺貨,https://www.costco.com.tw/Office-School/Office-Stationary/Tapes-Scissors/3M-Scotch-Tape-X-6-Pack-Magic-X-3-GiftWrap-Tape-X3/p/675749,https://www.costco.com.tw/medias/sys_master/images/h4f/h0c/261774611251230.jpg,https://www.costco.com.tw/c/hot-buys?q=:relevance
2026-09-25,其他,SolRBrite 太陽能螢火蟲造型燈,$359,$519,$160,商品已折價$160 含運,缺貨,https://www.costco.com.tw/p/1938098,https://www.costco.com.tw/medias/sys_master/images/hbb/h71/450045485809694.jpg,https://www.costco.com.tw/c/hot-buys?q=:relevance
2026-09-25,食品飲料,Caffitaly 100顆咖啡膠囊組 內含5種風味 適用 Nespresso 咖啡機,$999,"$1,239",$240,商品已折價$240 含運,狀態未知,https://www.costco.com.tw/Food-Dining/Drinks/Coffee/Caffitaly-100-Count-Coffee-Capsules-Variety-Pack-5-Flavors-Nespresso-Compatible/p/139643,https://www.costco.com.tw/medias/sys_master/images/h76/h38/152907731894302.jpg,https://www.costco.com.tw/c/hot-buys?q=:relevance
2026-09-25,家電 3C,IRIS Woozoo 空氣循環扇 PCF-SC15T-CT,"$1,009","$1,269",$260,商品已折價$260 含運,狀態未知,https://www.costco.com.tw/Televisions-Appliances/Cooling-Heating-Air-Treatment/Heating-Cooling/IRIS-Woozoo-Circulator-Fan-PCF-SC15T-CT/p/2354207,https://www.costco.com.tw/medias/sys_master/images/ha5/h9d/329850798506014.jpg,https://www.costco.com.tw/c/hot-buys?q=:relevance
2026-09-25,日用品／母嬰／玩具,EKO 感應垃圾桶 10公升 2入組,"$1,199","$1,499",$300,商品已折價$300 含運,缺貨,https://www.costco.com.tw/Household-Baby-Toys/Cleaning-Tools/p/158646,https://www.costco.com.tw/medias/sys_master/images/h5b/h4b/485340765749278.jpg,https://www.costco.com.tw/c/hot-buys?q=:relevance
2026-09-25,服飾配件,LEGO 積木造型後背包,$769,,,含運,狀態未知,https://www.costco.com.tw/Clothing-Accessories/Luggage-Backpacks/Totes-Backpacks/LEGO-Brick-Backpack/p/157243,https://www.costco.com.tw/medias/sys_master/images/haa/h2d/433626072481822.jpg,https://www.costco.com.tw/c/hot-buys?q=:relevance
2026-09-25,其他,星巴克 抹茶拿鐵 + 拿鐵咖啡膠囊 48顆 適用NESCAFE Dolce Gusto機器,$799,$999,$200,商品已折價$200 含運,狀態未知,https://www.costco.com.tw/STARBUCKS-/p/143378,https://www.costco.com.tw/medias/sys_master/images/h43/hbe/210494028775454.jpg,https://www.costco.com.tw/c/hot-buys?q=:relevance
2026-09-25,其他,Speedo 女運動連身泳裝 Flex Band,"$1,359",,,含運,狀態未知,https://www.costco.com.tw/Sports-Lifestyle/Sports-Fitness/Water-Sports/Speedo-Ladies-Athletic-One-Piece-Swimsuit-Flex-Band/p/160824,https://www.costco.com.tw/medias/sys_master/images/h78/h1b/471660335530014.jpg,https://www.costco.com.tw/c/hot-buys?q=:relevance
2026-09-25,其他,幻知曲 RF300 雙人加大睡眠系統贈保潔墊 180公分 X 200公分,"$86,399","$107,999","$21,600","商品已折價$21,600 含運",狀態未知,https://www.costco.com.tw/Bedding/p/141101,https://www.costco.com.tw/medias/sys_master/images/h88/h07/188147618971678.jpg,https://www.costco.com.tw/c/hot-buys?q=:relevance
2026-09-25,其他,幻知曲 RF300 標準單人睡眠系統贈保潔墊 90公分 X 200公分,"$44,799","$55,999","$11,200","商品已折價$11,200 含運",狀態未知,https://www.costco.com.tw/Bedding/p/141098,https://www.costco.com.tw/medias/sys_master/images/hcf/ha7/188147613532190.jpg,https://www.costco.com.tw/c/hot-buys?q=:relevance
2026-09-25,服飾配件,Camper 男Pelotas XLF休閒鞋,"$2,729",,,含運,狀態未知,https://www.costco.com.tw/Clothing-Accessories/Shoes/Mens-Shoes/Camper-Mens-Pelotas-XLF-Sneaker/p/1719434,https://www.costco.com.tw/medias/sys_master/images/h92/h0d/277970988662814.jpg,https://www.costco.com.tw/c/hot-buys?q=:relevance
2026-09-25,服飾配件,Camper 男皮革休閒鞋,請查看官網,,,,狀態未知,https://www.costco.com.tw/Clothing-Accessories/Shoes/Mens-Shoes/Camper-Mens-Leather-Touring-Shoe/p/1846399,https://www.costco.com.tw/medias/sys_master/images/h64/h40/485751259430942.jpg,https://www.costco.com.tw/c/hot-buys?q=:relevance
2026-09-25,食品飲料,KOPIKO 咖啡糖隨身包分享盒 32公克 X 24入,$254,,,需一次購買活動組數才可享受此優惠 含運,狀態未知,https://www.costco.com.tw/Food-Dining/Snacks/Candies-Chocolates/KOPIKO-Coffee-Candy-Blister-Box-32-g-X-24-Pack/p/555552,https://www.costco.com.tw/medias/sys_master/images/hd7/hd4/308063198281758.jpg,https://www.costco.com.tw/c/hot-buys?q=:relevance
2026-09-25,家電 3C,Insta360 GO Ultra 運動攝影機套裝組,"$11,399","$12,699","$1,300","商品已折價$1,300 含運",狀態未知,https://www.costco.com.tw/Digital-Mobile/Cameras/p/155144,https://www.costco.com.tw/medias/sys_master/images/hfe/hed/467458634678302.jpg,https://www.costco.com.tw/c/hot-buys?q=:relevance
2026-09-25,家電 3C,Insta360 X5 8K 全景運動相機套裝組,"$14,349","$16,599","$2,250","商品已折價$2,250 含運",狀態未知,https://www.costco.com.tw/Digital-Mobile/Cameras/p/155141,https://www.costco.com.tw/medias/sys_master/images/haa/hae/403519810863134.jpg,https://www.costco.com.tw/c/hot-buys?q=:relevance
2026-09-25,其他,樂歌 Loctek 電動升降桌 ET200 白色,"$7,199","$8,999","$1,800","商品已折價$1,800 含運",狀態未知,https://www.costco.com.tw/p/141578,https://www.costco.com.tw/medias/sys_master/images/h87/h98/261465661734942.jpg,https://www.costco.com.tw/c/hot-buys?q=:relevance
2026-09-25,服飾配件,Pekkle 兒童圓領短袖上衣四件組,$347,,,含運,狀態未知,https://www.costco.com.tw/Clothing-Accessories/p/1664090,https://www.costco.com.tw/medias/sys_master/images/h99/hd3/455933969891358.jpg,https://www.costco.com.tw/c/hot-buys?q=:relevance
2026-09-25,服飾配件,Jachs 男彈性短褲,$347,,,含運,狀態未知,https://www.costco.com.tw/Clothing-Accessories/Mens-Clothing/Mens-Bottoms/Jachs-Mens-Flex-Short/p/157232,https://www.costco.com.tw/medias/sys_master/images/h40/h08/472591344926750.jpg,https://www.costco.com.tw/c/hot-buys?q=:relevance
2026-09-25,服飾配件,Lacoste 男純棉圓領短袖上衣,請查看官網,,,,狀態未知,https://www.costco.com.tw/Clothing-Accessories/Mens-Clothing/Mens-Tops/Lacoste-Mens-Cotton-Crew-Neck-Short-Sleeve-Tee/p/3333325,https://www.costco.com.tw/medias/sys_master/images/h82/hd7/486580544569374.jpg,https://www.costco.com.tw/c/hot-buys?q=:relevance
2026-09-25,服飾配件,Banana Republic 男彈性短褲,$397,,,含運,狀態未知,https://www.costco.com.tw/Clothing-Accessories/Mens-Clothing/Mens-Bottoms/Banana-Republic-Mens-Stretch-Short/p/1951107,https://www.costco.com.tw/medias/sys_master/images/h21/hc9/450045492953118.jpg,https://www.costco.com.tw/c/hot-buys?q=:relevance
2026-09-25,服飾配件,Unionbay 兒童彈性長褲,$247,,,含運,狀態未知,https://www.costco.com.tw/Clothing-Accessories/Kids-Clothing/Kids-Bottoms-Dresses/Unionbay-Kids-Stretch-Pants/p/1956458,https://www.costco.com.tw/medias/sys_master/images/hd1/h6f/438876324429854.jpg,https://www.costco.com.tw/c/hot-buys?q=:relevance
2026-09-25,服飾配件,Nepa 男休閒多口袋短褲,$647,,,含運,狀態未知,https://www.costco.com.tw/Clothing-Accessories/p/658226,https://www.costco.com.tw/medias/sys_master/images/h63/h13/467794425020446.jpg,https://www.costco.com.tw/c/hot-buys?q=:relevance
2026-09-25,服飾配件,Kate Spade 太陽眼鏡 FRIDA/G/S 8079O 黑色,"$1,297",,,含運,狀態未知,https://www.costco.com.tw/Clothing-Accessories/p/251674,https://www.costco.com.tw/medias/sys_master/images/he7/hcc/433626125172766.jpg,https://www.costco.com.tw/c/hot-buys?q=:relevance
2026-09-25,服飾配件,Ray-Ban 太陽眼鏡 RB3267 001/71 金色,請查看官網,,,,狀態未知,https://www.costco.com.tw/Clothing-Accessories/p/251210,https://www.costco.com.tw/medias/sys_master/images/hbe/heb/384789273739294.jpg,https://www.costco.com.tw/c/hot-buys?q=:relevance
2026-09-25,服飾配件,Ray-Ban 太陽眼鏡 RB3293 001/13 金色,請查看官網,,,,狀態未知,https://www.costco.com.tw/Clothing-Accessories/p/251214,https://www.costco.com.tw/medias/sys_master/images/h85/h41/384789279768606.jpg,https://www.costco.com.tw/c/hot-buys?q=:relevance
2026-09-25,食品飲料,樂天 巧克力派 北海道生焦糖乳酪蛋糕風味 30公克 X 6入 X 5盒,$297,,,含運,狀態未知,https://www.costco.com.tw/Food-Dining/Snacks/Cookies-Chips/Lotte-Choco-Pie-Hokkaido-Caramel-Cheese-Cake-30-g-X-6-Count-X-5-Pack/p/159840,https://www.costco.com.tw/medias/sys_master/images/h14/h76/450418239078430.jpg,https://www.costco.com.tw/c/hot-buys?q=:relevance
2026-09-25,其他,普利司通 205/55 R17 95W Turanza 6 輪胎,請查看官網,,,,狀態未知,https://www.costco.com.tw/Tire/Bridgestone-20555-R17-95W-Turanza-6-Tire/tire/p/153718,https://www.costco.com.tw/medias/sys_master/images/hbf/hf5/350548647477278.jpg,https://www.costco.com.tw/c/hot-buys?q=:relevance
2026-09-25,保健美容,Sports Research Omega-3 濃縮魚油 1250mg 150粒,"$1,109","$1,379",$270,商品已折價 $270 含運,缺貨,https://www.costco.com.tw/Health-Beauty/Supplements/Supplements-Digestive-Support/Sports-Research-Omega-3-Fish-Oil-Triple-Strength-1250mg-150-Softgel/p/240666,https://www.costco.com.tw/medias/sys_master/images/hf2/h84/275802915995678.jpg,https://www.costco.com.tw/c/hot-buys?q=:relevance
2026-09-25,日用品／母嬰／玩具,鱷魚 水性液體電蚊香 X6入 + 智能定時電蚊香器 X2入,$559,$699,$140,商品已折價$140 含運,有貨,https://www.costco.com.tw/Household-Baby-Toys/Household-Essentials/Pest-Control-Air-Care/-X6-X2/p/160721,https://www.costco.com.tw/medias/sys_master/images/h2f/h2f/454001846386718.jpg,https://www.costco.com.tw/c/hot-buys?q=:relevance
2026-09-25,其他,科克蘭 三層抽取衛生紙 120抽 X 72入,"$1,159",,,,狀態未知,https://www.costco.com.tw/c/Kirkland-Signature-3-Ply-Interfold-Bath-Tissue-120-Sheet-X-72-Count/p/189999,https://www.costco.com.tw/medias/sys_master/images/hf5/h5e/228120348950558.jpg,https://www.costco.com.tw/c/hot-buys?q=:relevance
2026-09-25,家具家居,愛惠浦 Vita 全戶型淨水設備組 替換濾芯,"$5,199",,,指定夏日涼感商品：買2件享8.5折，買3件享8折（結帳時依活動條件計算）,狀態未知,https://www.costco.com.tw/Furniture-Kitchen/Kitchen-Dining/Water-Filtration/Everpure-Vita-Family-Water-Purifier-Filter-Set/p/134964,https://www.costco.com.tw/medias/sys_master/images/ha1/hc1/86343450329118.jpg,https://www.costco.com.tw/voucher4
2026-09-25,家具家居,愛惠浦 Vita 全戶型淨水設備組,"$29,999",,,指定夏日涼感商品：買2件享8.5折，買3件享8折（結帳時依活動條件計算）,狀態未知,https://www.costco.com.tw/Furniture-Kitchen/Kitchen-Dining/Water-Filtration/Everpure-Vita-Family-Water-Purifier-Set/p/134963,https://www.costco.com.tw/medias/sys_master/images/h11/h5b/86343450263582.jpg,https://www.costco.com.tw/voucher4
2026-09-25,家具家居,愛惠浦 EF6000 櫥下型三道式淨水器,"$11,999",,,指定夏日涼感商品：買2件享8.5折，買3件享8折（結帳時依活動條件計算）,狀態未知,https://www.costco.com.tw/Furniture-Kitchen/Kitchen-Dining/Water-Filtration/Everpure-EF6000-Purvive-Trio-Water-Purifier/p/134956,https://www.costco.com.tw/medias/sys_master/images/hf6/h14/86343381057566.jpg,https://www.costco.com.tw/voucher4
2026-09-25,家具家居,愛惠浦 Soho-AC2 淨水器 替換濾芯組 (一年份),"$2,769",,,指定夏日涼感商品：買2件享8.5折，買3件享8折（結帳時依活動條件計算）,狀態未知,https://www.costco.com.tw/Furniture-Kitchen/Kitchen-Dining/Water-Filtration/Everpure-Soho-AC2-Water-Purifier-Filter-Set-One-Year/p/134960,https://www.costco.com.tw/medias/sys_master/images/ha8/h21/86343448231966.jpg,https://www.costco.com.tw/voucher4
2026-09-25,家具家居,愛惠浦 EF6000 櫥下型三道式淨水器 替換濾芯組 (一年份),"$5,999",,,指定夏日涼感商品：買2件享8.5折，買3件享8折（結帳時依活動條件計算）,狀態未知,https://www.costco.com.tw/Furniture-Kitchen/Kitchen-Dining/Water-Filtration/Everpure-EF6000-Purvive-Trio-Water-Purifier-Filter-Set-One-Year/p/134958,https://www.costco.com.tw/medias/sys_master/images/h16/hab/86343447511070.jpg,https://www.costco.com.tw/voucher4
2026-09-25,食品飲料,紅龍 冷凍雞塊 3公斤,$539,,,指定夏日涼感商品：買2件享8.5折，買3件享8折（結帳時依活動條件計算）,有貨,https://www.costco.com.tw/Food-Dining/Frozen-Fresh-Food/Frozen-Meals/Red-Dragon-Frozen-Chicken-Nuggets-3-kg/p/18382,https://www.costco.com.tw/medias/sys_master/images/h3f/h3b/12693292253214.jpg,https://www.costco.com.tw/voucher4
2026-09-25,食品飲料,紅龍 冷凍純牛肉漢堡片 2.7公斤,$849,,,指定夏日涼感商品：買2件享8.5折，買3件享8折（結帳時依活動條件計算）,有貨,https://www.costco.com.tw/Food-Dining/Frozen-Fresh-Food/Frozen-Meals/Red-Dragon-Frozen-Beef-Patties-27-kg/p/48696,https://www.costco.com.tw/medias/sys_master/images/he7/h6c/98334948950046.jpg,https://www.costco.com.tw/voucher4
2026-09-25,食品飲料,紅龍 冷凍雞肉捲 220公克 X 6入,$399,,,指定夏日涼感商品：買2件享8.5折，買3件享8折（結帳時依活動條件計算）,狀態未知,https://www.costco.com.tw/Food-Dining/Frozen-Fresh-Food/Frozen-Meals/Red-Dragon-Frozen-Chicken-Bakes-220-g-X-6-Count/p/68068,https://www.costco.com.tw/medias/sys_master/images/hbd/hb0/33857915387934.jpg,https://www.costco.com.tw/voucher4
2026-09-25,食品飲料,紅龍 冷凍紅燒牛肉麵 820公克 X 4入,$729,,,指定夏日涼感商品：買2件享8.5折，買3件享8折（結帳時依活動條件計算）,狀態未知,https://www.costco.com.tw/Food-Dining/Frozen-Fresh-Food/Frozen-Meals/Red-Dragon-Frozen-Braised-Beef-Noodle-820-g-X-4-Pack/p/91855,https://www.costco.com.tw/medias/sys_master/images/he6/h7f/30573425491998.jpg,https://www.costco.com.tw/voucher4
2026-09-25,家具家居,席伊麗 雙人標準床下墊 76公分 X 190公分 X 2床,"$15,799",,,2026/07/20-08/02期間購買指定家具，買1件享85折，買2件享8折優惠。,狀態未知,https://www.costco.com.tw/Furniture-Kitchen/Bedding/Mattress-Toppers/Sealy-Box-Spring-Bed-76-cm-X-190-cm-X-2-Count/p/100635,https://www.costco.com.tw/medias/sys_master/images/hca/h96/255347478855710.jpg,https://www.costco.com.tw/voucher2
2026-09-25,家具家居,席伊麗 雙人加大床下墊 91.5公分 X 190公分 X 2床,"$16,799",,,2026/07/20-08/02期間購買指定家具，買1件享85折，買2件享8折優惠。,狀態未知,https://www.costco.com.tw/Furniture-Kitchen/Bedding/Mattress-Toppers/Sealy-Box-Spring-Bed-915-cm-X-190-cm-X-2-Count/p/100636,https://www.costco.com.tw/medias/sys_master/images/hd6/he0/255347478986782.jpg,https://www.costco.com.tw/voucher2
2026-09-25,家具家居,席伊麗 護背系列水星雙人加大床墊 183公分 X 190公分,"$25,999",,,2026/07/20-08/02期間購買指定家具，買1件享85折，買2件享8折優惠。,狀態未知,https://www.costco.com.tw/Furniture-Kitchen/Bedding/Mattress-Toppers/Sealy-Mercury-Backsaver-Mattress-183-cm-X-190-cm/p/107870,https://www.costco.com.tw/medias/sys_master/images/hcc/h2c/81302953492510.jpg,https://www.costco.com.tw/voucher2
2026-09-25,家具家居,席伊麗 護背系列金星標準雙人床墊 152公分 X 190公分,"$22,999",,,2026/07/20-08/02期間購買指定家具，買1件享85折，買2件享8折優惠。,狀態未知,https://www.costco.com.tw/Furniture-Kitchen/Bedding/Mattress-Toppers/Sealy-Venus-Backsaver-Mattress-152-cm-X-190-cm/p/107871,https://www.costco.com.tw/medias/sys_master/images/h7f/h28/81302952869918.jpg,https://www.costco.com.tw/voucher2
2026-09-25,家具家居,席伊麗 護背系列金星雙人加大床墊 183公分 X 190公分,"$26,999",,,2026/07/20-08/02期間購買指定家具，買1件享85折，買2件享8折優惠。,狀態未知,https://www.costco.com.tw/Furniture-Kitchen/Bedding/Mattress-Toppers/Sealy-Venus-Backsaver-Mattress-183-cm-X-190-cm/p/107872,https://www.costco.com.tw/medias/sys_master/images/hd2/h49/81302952902686.jpg,https://www.costco.com.tw/voucher2
2026-09-25,家具家居,席伊麗 美姿系列勇士雙人加大床墊 183公分 X 190公分,"$59,799",,,2026/07/20-08/02期間購買指定家具，買1件享85折，買2件享8折優惠。,有貨,https://www.costco.com.tw/Furniture-Kitchen/Bedding/Mattress-Toppers/Sealy-Posturepedic-Mattress-183-cm-X-190-cm/p/125700,https://www.costco.com.tw/medias/sys_master/images/hb7/h19/81302958407710.jpg,https://www.costco.com.tw/voucher2
2026-09-25,家具家居,席伊麗 護背系列金星標準雙人床墊 X 1床 + 下墊 76公分 X 190公分 X 2床,"$37,199",,,2026/07/20-08/02期間購買指定家具，買1件享85折，買2件享8折優惠。,狀態未知,https://www.costco.com.tw/Furniture-Kitchen/Bedding/Mattress-Toppers/Sealy-Venus-Backsaver-Mattress-X-1-Count-and-Box-Spring-Bed-76-cm-X-190-cm-X-2-Count/p/131160,https://www.costco.com.tw/medias/sys_master/images/h6e/h54/81302958178334.jpg,https://www.costco.com.tw/voucher2
2026-09-25,家具家居,席伊麗 護背系列金星雙人加大床墊 X 1床 + 下墊 91.5公分 X 190公分 X 2床,"$41,999",,,2026/07/20-08/02期間購買指定家具，買1件享85折，買2件享8折優惠。,狀態未知,https://www.costco.com.tw/Furniture-Kitchen/Bedding/Mattress-Toppers/Sealy-Venus-Backsaver-Mattress-X-1-Count-and-Box-Spring-Bed-915-cm-X-190-cm-X-2-Count/p/131161,https://www.costco.com.tw/medias/sys_master/images/h4a/h03/81302957522974.jpg,https://www.costco.com.tw/voucher2
2026-09-25,家具家居,席伊麗 護背系列火星標準雙人上墊 X 1床 + 下墊 76公分 X 190公分 X 2床,"$33,399",,,2026/07/20-08/02期間購買指定家具，買1件享85折，買2件享8折優惠。,狀態未知,https://www.costco.com.tw/Furniture-Kitchen/Bedding/Mattress-Toppers/Sealy-Mars-Backsaver-Mattress-X-1-Count-and-Box-Spring-Bed-76-cm-X-190-cm-X-2-Count/p/132105,https://www.costco.com.tw/medias/sys_master/images/h3d/h3a/81302958964766.jpg,https://www.costco.com.tw/voucher2
2026-09-25,家具家居,席伊麗 護背系列火星雙人加大床墊 X 1床 + 下墊 91.5公分 X 190公分 X 2床,"$37,199",,,2026/07/20-08/02期間購買指定家具，買1件享85折，買2件享8折優惠。,狀態未知,https://www.costco.com.tw/Furniture-Kitchen/Bedding/Mattress-Toppers/Sealy-Mars-Backsaver-Mattress-X-1-Count-and-Box-Spring-Bed-915-cm-X-190-cm-X-2-Count/p/132106,https://www.costco.com.tw/medias/sys_master/images/ha1/h21/81302958735390.jpg,https://www.costco.com.tw/voucher2
2026-09-25,家具家居,席伊麗 美姿系列勇士雙人加大床墊 X 1床 + 下墊 91.5公分 X 190公分 X 2床,"$73,499",,,2026/07/20-08/02期間購買指定家具，買1件享85折，買2件享8折優惠。,狀態未知,https://www.costco.com.tw/Furniture-Kitchen/Bedding/Mattress-Toppers/Sealy-Pelleas-Posturepedic-Mattress-X-1-Count-and-Box-Spring-Bed-915-cm-X-190-cm-X-2-Count/p/132962,https://www.costco.com.tw/medias/sys_master/images/h1b/h88/81302959259678.jpg,https://www.costco.com.tw/voucher2
2026-09-25,家具家居,席伊麗 美姿系列 Colorado標準雙人床墊 152公分 X 190公分,"$45,279",,,2026/07/20-08/02期間購買指定家具，買1件享85折，買2件享8折優惠。,狀態未知,https://www.costco.com.tw/Furniture-Kitchen/Bedding/Mattress-Toppers/Sealy-Colorado-Posturepedic-Mattress-152-X-190-cm/p/133223,https://www.costco.com.tw/medias/sys_master/images/h69/hdb/87953865768990.jpg,https://www.costco.com.tw/voucher2
2026-09-25,家具家居,席伊麗 美姿系列 Colorado雙人加大床墊 183公分 X 190公分,"$50,299",,,2026/07/20-08/02期間購買指定家具，買1件享85折，買2件享8折優惠。,狀態未知,https://www.costco.com.tw/Furniture-Kitchen/Bedding/Mattress-Toppers/Sealy-Colorado-Posturepedic-Mattress-183-X-190-cm/p/133225,https://www.costco.com.tw/medias/sys_master/images/h34/h5e/87953865998366.jpg,https://www.costco.com.tw/voucher2
2026-09-25,家具家居,席伊麗 護背系列 Sunshine 標準雙人床墊 152公分 X 190公分,"$23,799",,,2026/07/20-08/02期間購買指定家具，買1件享85折，買2件享8折優惠。,狀態未知,https://www.costco.com.tw/Furniture-Kitchen/Bedding/Mattress-Toppers/Sealy-Sunshine-Backsaver-Mattress-152-cm-X-190-cm/p/133226,https://www.costco.com.tw/medias/sys_master/images/hd3/hc7/81302962307102.jpg,https://www.costco.com.tw/voucher2
2026-09-25,家具家居,席伊麗 護背系列 Sunshine 雙人加大床墊 183公分 X 190公分,"$27,799",,,2026/07/20-08/02期間購買指定家具，買1件享85折，買2件享8折優惠。,狀態未知,https://www.costco.com.tw/Furniture-Kitchen/Bedding/Mattress-Toppers/Sealy-Sunshine-Backsaver-Mattress-183-cm-X-190-cm/p/133227,https://www.costco.com.tw/medias/sys_master/images/hde/h45/81302963421214.jpg,https://www.costco.com.tw/voucher2
2026-09-25,家電 3C,徠芬 高速吹風機 SE,"$2,119","$2,659",$540,商品已折價 $540；2026/07/20-08/02期間購買指定家具，買1件享85折，買2件享8折優惠。,缺貨,https://www.costco.com.tw/Televisions-Appliances/Small-Appliances/Hair-Skin-Care-Tools/Laifen-High-Speed-Hair-Dryer-SE/p/156484,https://www.costco.com.tw/medias/sys_master/images/h00/h6f/401755812266014.jpg,https://www.costco.com.tw/voucher2
2026-09-25,服飾配件,Cole Haan 男短襪十入組,$439,$549,$110,商品已折價 $110；2026/07/20-08/02期間購買指定家具，買1件享85折，買2件享8折優惠。,缺貨,https://www.costco.com.tw/Clothing-Accessories/Mens-Clothing/Mens-Socks-Underwear/Cole-Haan-Mens-Dress-Socks-10-Pack-Set/p/926341,https://www.costco.com.tw/medias/sys_master/images/hbe/h6e/471216592781342.jpg,https://www.costco.com.tw/voucher2
2026-09-25,其他,來復易 輕快活力褲 內褲型成人紙尿褲 M號 88片,"$1,119","$1,399",$280,商品已折價 $280；2026/07/20-08/02期間購買指定家具，買1件享85折，買2件享8折優惠。,有貨,https://www.costco.com.tw/c/Lifree-Lightweight-Adult-Diaper-Pants-Size-M-88-Piece/p/143712,https://www.costco.com.tw/medias/sys_master/images/he7/hd0/206736909238302.jpg,https://www.costco.com.tw/voucher2
2026-09-25,家電 3C,LG PuriCare 16公升 UV 抑菌 WiFi 雙變頻除濕機 粉藍色 MD161QBE0,"$15,799","$16,599",$800,商品已折價 $800；2026/07/20-08/02期間購買指定家具，買1件享85折，買2件享8折優惠。,狀態未知,https://www.costco.com.tw/Televisions-Appliances/Cooling-Heating-Air-Treatment/Dehumidifiers-Dry-Cabinets/LG-PuriCare-16-L-Dual-Inverter-Dehumidifier-with-UV-nano-WiFi-Blue-MD161QBE0/p/146161,https://www.costco.com.tw/medias/sys_master/images/h65/h01/138405906481182.jpg,https://www.costco.com.tw/voucher2
2026-09-25,家具家居,Ergoking 網布人體工學椅 171 S Plus系列,"$15,799","$16,599",$800,商品已折價 $800；2026/07/20-08/02期間購買指定家具，買1件享85折，買2件享8折優惠。,狀態未知,https://www.costco.com.tw/Furniture-Kitchen/Furniture/Computer-Desk-Chair-Sets/Ergoking-Mesh-Chair-171-S-Plus/p/132324,https://www.costco.com.tw/medias/sys_master/images/h65/h01/138405906481182.jpg,https://www.costco.com.tw/voucher2
2026-09-25,家具家居,幻知曲 R450 標準雙人睡眠系統 贈保潔墊 150公分 X 200公分,"$15,799","$16,599",$800,商品已折價 $800；2026/07/20-08/02期間購買指定家具，買1件享85折，買2件享8折優惠。,狀態未知,https://www.costco.com.tw/Furniture-Kitchen/Furniture/Bedroom-Furniture-Sets/Reverie-R450-Sleep-System-with-Protector-150-cm-X-200-cm/p/141096,https://www.costco.com.tw/medias/sys_master/images/h65/h01/138405906481182.jpg,https://www.costco.com.tw/voucher2
2026-09-25,保健美容,老協珍 冷凍熬雞精 68毫升 X 30入,"$3,199","$3,999",$800,商品已折價 $800；2026/07/20-08/02期間購買指定家具，買1件享85折，買2件享8折優惠。,有貨,https://www.costco.com.tw/Health-Beauty/Elderly-Care/Supplements/Lao-Xie-Zhen-Frozen-Chicken-Essence-68-ml-X-30-Pack/p/118552,https://www.costco.com.tw/medias/sys_master/images/hf8/h1e/34495710363678.jpg,https://www.costco.com.tw/voucher2
2026-09-25,家電 3C,Beats Studio Pro 無線頭戴式耳機,"$15,799","$16,599",$800,商品已折價 $800；2026/07/20-08/02期間購買指定家具，買1件享85折，買2件享8折優惠。,缺貨,https://www.costco.com.tw/Digital-Mobile/Wearables-Audio/Headphones-Audio-Devices/Beats-Studio-Pro-Wireless-Headphones/p/141447-B,https://www.costco.com.tw/medias/sys_master/images/h65/h01/138405906481182.jpg,https://www.costco.com.tw/voucher2
2026-09-25,家具家居,台達電子 多功能循環涼暖風機 標準型300系列 遙控型,"$15,799","$16,599",$800,商品已折價 $800；2026/07/20-08/02期間購買指定家具，買1件享85折，買2件享8折優惠。,狀態未知,https://www.costco.com.tw/Furniture-Kitchen/Hardware-DIY/KitchenBathroom-Hardware/Delta-Fan-Heater-Classic-300-Series-Remote-Control/p/135409-B,https://www.costco.com.tw/medias/sys_master/images/h65/h01/138405906481182.jpg,https://www.costco.com.tw/voucher2
2026-09-25,其他,科克蘭 高爾夫三層球24入 白球,$869,"$1,099",$230,商品已折價$230 含運,有貨,https://www.costco.com.tw/p/1819440,https://www.costco.com.tw/medias/sys_master/images/hea/hc8/436453711839262.jpg,https://www.costco.com.tw/Deals/c/Coupon
2026-09-25,食品飲料,冷凍龍虎石斑下巴 3公斤,$979,"$1,129",$150,商品已折價$150 含運,有貨,https://www.costco.com.tw/Food-Dining/Frozen-Fresh-Food/Frozen-Seafood-Meat/p/486793,https://www.costco.com.tw/medias/sys_master/images/ha4/hcd/61645677527070.jpg,https://www.costco.com.tw/Deals/c/Coupon
2026-09-25,其他,Panasonic Eneloop 3號充電電池 10入,$859,"$1,059",$200,商品已折價$200 含運,狀態未知,https://www.costco.com.tw/p/137494,https://www.costco.com.tw/medias/sys_master/images/hd2/h76/155423692980254.jpg,https://www.costco.com.tw/Deals/c/Coupon
2026-09-25,其他,ThermoFlask 不鏽鋼保冷保溫瓶 1.2公升 X 2件組,$759,,,含運,狀態未知,https://www.costco.com.tw/p/158977,https://www.costco.com.tw/medias/sys_master/images/hf3/h66/451293301112862.jpg,https://www.costco.com.tw/c/Hero_Cool
2026-09-25,家電 3C,樂司科 赤色風暴渦輪風扇 #X12900TW,"$3,399",,,含運,狀態未知,https://www.costco.com.tw/Televisions-Appliances/Cooling-Heating-Air-Treatment/Heating-Cooling/Lasko-X-Blower-Multi-Position-Utility-Blower-Fan-X12900TW/p/137007,https://www.costco.com.tw/medias/sys_master/images/hdb/h0b/115073010171934.jpg,https://www.costco.com.tw/c/Hero_Cool
2026-09-25,其他,Downlite 涼感舒眠枕 2入 51公分 X 71公分,$669,,,含運,狀態未知,https://www.costco.com.tw/Bedding/p/688672,https://www.costco.com.tw/medias/sys_master/images/h6b/he5/450418277122078.jpg,https://www.costco.com.tw/c/Hero_Cool
2026-09-25,其他,Allertect 涼感抱枕 20公分 X 100公分,$859,,,含運,狀態未知,https://www.costco.com.tw/Allertect/Allertect-Ice-Body-Pillow-20-cm-X-100-cm/p/642617,https://www.costco.com.tw/medias/sys_master/images/he9/h71/467794401132574.jpg,https://www.costco.com.tw/c/Hero_Cool
2026-09-25,家具家居,Thermatec 涼感被 180公分 X 210公分,$945,,,含運,狀態未知,https://www.costco.com.tw/Furniture-Kitchen/Bedding/Pillows-Comforters-Blankets/Thermatec-Cooling-Comforter-180-cm-X-210-cm/p/159001,https://www.costco.com.tw/medias/sys_master/images/h1c/h92/467794274123806.jpg,https://www.costco.com.tw/c/Hero_Cool
2026-09-25,其他,聲寶 16吋 機械式立扇 SK-GF16X,"$1,359",,,含運,狀態未知,https://www.costco.com.tw/Cooling-Heating-Air-Treatment/Heating-Cooling/p/158738,https://www.costco.com.tw/medias/sys_master/images/h97/h2d/454769487413278.jpg,https://www.costco.com.tw/c/Hero_Cool
2026-09-25,家電 3C,Life on Products 手持扇 2入組 LCAF004,"$1,399",,,含運,狀態未知,https://www.costco.com.tw/Televisions-Appliances/Cooling-Heating-Air-Treatment/Heating-Cooling/Life-on-Products-Handheld-Fan-2-Pack-Set-LCAF004/p/157178,https://www.costco.com.tw/medias/sys_master/images/h3e/h44/450045188669470.jpg,https://www.costco.com.tw/c/Hero_Cool
2026-09-25,其他,幻知曲 涼感舒眠枕 66公分 X 38公分 X 11公分,$985,,,含運,狀態未知,https://www.costco.com.tw/Bedding/p/156890,https://www.costco.com.tw/medias/sys_master/images/ha6/h87/418530686533662.jpg,https://www.costco.com.tw/c/Hero_Cool
2026-09-25,其他,艾美特 9吋DC直流馬達空氣循環扇 FB2393DR,"$3,799",,,含運,狀態未知,https://www.costco.com.tw/Cooling-Heating-Air-Treatment/Heating-Cooling/p/149328,https://www.costco.com.tw/medias/sys_master/images/h90/h0d/333377583120414.jpg,https://www.costco.com.tw/c/Hero_Cool
2026-09-25,家具家居,WOKY 沃廚 ECOZEN 純透渾圓隨行杯 880毫升 X 2件組,$879,,,含運,狀態未知,https://www.costco.com.tw/Furniture-Kitchen/Kitchen-Dining/Water-Bottles/WOKY-ECOZEN-Water-Bottle-880-ml-X-2-Piece-Set/p/150702,https://www.costco.com.tw/medias/sys_master/images/h50/he5/311830114598942.jpg,https://www.costco.com.tw/c/Hero_Cool
2026-09-25,家具家居,Thermoflask 不鏽鋼保冷保溫瓶 946毫升 X 2件組,$659,,,含運,狀態未知,https://www.costco.com.tw/Furniture-Kitchen/Kitchen-Dining/Water-Bottles/Thermoflask-Stainless-Steel-Water-Bottle-946-ml-X-2-Piece-Set/p/1901817,https://www.costco.com.tw/medias/sys_master/images/hc3/h42/451293661429790.jpg,https://www.costco.com.tw/c/Hero_Cool
2026-09-25,家電 3C,SodaStream Terra 自動扣瓶氣泡水機,"$3,499",,,含運,狀態未知,https://www.costco.com.tw/Televisions-Appliances/Kitchen-Appliances/Water-Dispensers-Water-Purification/SodaStream-Terra-Sparkling-Water-Maker/p/159693,https://www.costco.com.tw/medias/sys_master/images/h4e/h0d/437687257825310.jpg,https://www.costco.com.tw/c/Hero_Cool
2026-09-25,家電 3C,艾美特 12吋DC電扇 FS30253R,"$1,899",,,含運,狀態未知,https://www.costco.com.tw/Televisions-Appliances/Cooling-Heating-Air-Treatment/Heating-Cooling/Airmate-12-inch-DC-Inverter-Fan-FS30253R/p/157027,https://www.costco.com.tw/medias/sys_master/images/h6c/h38/450418078515230.jpg,https://www.costco.com.tw/c/Hero_Cool
2026-09-25,家具家居,Lustroware 冷水壺 2.2公升 X 2件組,$649,,,含運,狀態未知,https://www.costco.com.tw/Furniture-Kitchen/Kitchen-Dining/Coffee-Accessories-Drinkware/Lustroware-Pitcher-22-L-X-2-Piece-Set/p/149213,https://www.costco.com.tw/medias/sys_master/images/hfa/hcb/311441770086430.jpg,https://www.costco.com.tw/c/Hero_Cool
2026-09-25,其他,艾美特 DC直流無扇葉塔扇 BF01R,"$4,999",,,含運,狀態未知,https://www.costco.com.tw/Cooling-Heating-Air-Treatment/Heating-Cooling/p/136601,https://www.costco.com.tw/medias/sys_master/images/h49/he3/100759962026014.jpg,https://www.costco.com.tw/c/Hero_Cool
2026-09-25,家電 3C,艾美特 14吋DC 直流遙控立扇 FS35150R,"$2,099",,,含運,狀態未知,https://www.costco.com.tw/Televisions-Appliances/Cooling-Heating-Air-Treatment/Heating-Cooling/Airmate-14-inch-DC-Inverter-Stand-Fan-FS35150R/p/149335,https://www.costco.com.tw/medias/sys_master/images/h27/hee/333377589444638.jpg,https://www.costco.com.tw/c/Hero_Cool
2026-09-25,其他,經典卡通涼感被附收納袋 150公分 X 180公分 布丁狗 X 大耳狗 一起做烘焙,"$1,289",,,含運,狀態未知,https://www.costco.com.tw/Bedding/p/649366,https://www.costco.com.tw/medias/sys_master/images/hd5/h6e/466199236476958.jpg,https://www.costco.com.tw/c/Hero_Cool
2026-09-25,其他,艾美特 14吋 DC 直流立扇 (FS35C005R),"$2,999",,,含運,狀態未知,https://www.costco.com.tw/Cooling-Heating-Air-Treatment/Heating-Cooling/p/135005,https://www.costco.com.tw/medias/sys_master/images/h43/h94/66800260513822.jpg,https://www.costco.com.tw/c/Hero_Cool
2026-09-25,其他,艾美特 16吋DC直流立扇 FS40125R,"$3,359",,,含運,狀態未知,https://www.costco.com.tw/Cooling-Heating-Air-Treatment/Heating-Cooling/p/126487,https://www.costco.com.tw/medias/sys_master/images/h05/h35/27585205338142.jpg,https://www.costco.com.tw/c/Hero_Cool
2026-09-25,其他,LAV 土耳其製玻璃杯 16件組,$659,,,含運,狀態未知,https://www.costco.com.tw/p/1933543,https://www.costco.com.tw/medias/sys_master/images/h60/h04/380918085189662.jpg,https://www.costco.com.tw/c/Hero_Cool
2026-09-25,其他,樂扣樂扣 Tritan 彈蓋提帶冷水壺 650毫升 + 1000毫升,$849,,,含運,狀態未知,https://www.costco.com.tw/p/155277,https://www.costco.com.tw/medias/sys_master/images/h63/h8a/378303654690846.jpg,https://www.costco.com.tw/c/Hero_Cool
2026-09-25,家電 3C,艾美特 DC 遙控大廈扇 FT89R,"$2,999",,,含運,狀態未知,https://www.costco.com.tw/Televisions-Appliances/Cooling-Heating-Air-Treatment/Heating-Cooling/Airmate-DC-Remote-Control-Tower-Fan-FT89R/p/150625,https://www.costco.com.tw/medias/sys_master/images/h07/hdc/361109992177694.jpg,https://www.costco.com.tw/c/Hero_Cool
2026-09-25,家具家居,Boutique Living 400織萊賽爾床包 6件組 雙人尺寸,"$2,199",,,含運,狀態未知,https://www.costco.com.tw/Furniture-Kitchen/Bedding/Sheets-Pillowcases/Boutique-Living-400-Thread-Count-Tencel-Ice-Cooling-6-Piece-Duvet-Set-Queen/p/150460,https://www.costco.com.tw/medias/sys_master/images/hd0/h4d/471660175360030.jpg,https://www.costco.com.tw/c/Hero_Cool
2026-09-25,家電 3C,東元 快速自動製冰塊機,"$2,899",,,含運,狀態未知,https://www.costco.com.tw/Televisions-Appliances/Kitchen-Appliances/Water-Dispensers-Water-Purification/TECO-Ice-Makers/p/146687,https://www.costco.com.tw/medias/sys_master/images/h1d/hca/255087840395294.jpg,https://www.costco.com.tw/c/Hero_Cool
2026-09-25,家具家居,Caliphil PrimaLoft 長纖涼夏被 150公分 X 210公分,"$1,499",,,含運,狀態未知,https://www.costco.com.tw/Furniture-Kitchen/Bedding/Pillows-Comforters-Blankets/Caliphil-PrimaLoft-Summer-Quilt-150-cm-X-210-cm/p/121518,https://www.costco.com.tw/medias/sys_master/images/ha1/hbb/12196925538334.jpg,https://www.costco.com.tw/c/Hero_Cool
2026-09-25,家具家居,經典卡通涼感被附收納袋 150公分 X 180公分 吉伊卡哇 星夜款,"$1,289",,,含運,狀態未知,https://www.costco.com.tw/Furniture-Kitchen/Bedding/Pillows-Comforters-Blankets/Licensed-Cooling-Quilt-with-Storage-Bag-150-cm-X-180-cm-Chiikawa/p/449366,https://www.costco.com.tw/medias/sys_master/images/hd3/hbc/471216562765854.jpg,https://www.costco.com.tw/c/Hero_Cool
2026-09-25,其他,La Belle 素色涼感被 150公分 X 200公分 抹茶,"$1,259",,,含運,有貨,https://www.costco.com.tw/Bedding/p/358611,https://www.costco.com.tw/medias/sys_master/images/h61/had/433626148208670.jpg,https://www.costco.com.tw/c/Hero_Cool
2026-09-25,其他,Hario 日本製冷萃茶壺 1.2公升,$669,,,含運,狀態未知,https://www.costco.com.tw/p/158984,https://www.costco.com.tw/medias/sys_master/images/h6a/h4c/433626099417118.jpg,https://www.costco.com.tw/c/Hero_Cool
2026-09-25,其他,艾美特 USB 桌/夾式充電風扇 2入組 UD703S,"$1,129",,,含運,狀態未知,https://www.costco.com.tw/Cooling-Heating-Air-Treatment/Heating-Cooling/p/157028,https://www.costco.com.tw/medias/sys_master/images/h38/hf0/417417232580638.jpg,https://www.costco.com.tw/c/Hero_Cool
2026-09-25,其他,IRIS OHYAMA 桌上迷你型空氣循環扇 TAF-MKM10N,$589,,,含運,狀態未知,https://www.costco.com.tw/Cooling-Heating-Air-Treatment/Heating-Cooling/p/145560,https://www.costco.com.tw/medias/sys_master/images/h11/h96/238306256551966.jpg,https://www.costco.com.tw/c/Hero_Cool
2026-09-25,其他,經典卡通涼感被附收納袋 150公分 X 180公分 史努比 星際領航員,"$1,289",,,含運,狀態未知,https://www.costco.com.tw/Bedding/p/749366,https://www.costco.com.tw/medias/sys_master/images/he5/hc8/466199242965022.jpg,https://www.costco.com.tw/c/Hero_Cool
2026-09-25,其他,La Belle 素色涼感被 150公分 X 200公分 杏色,"$1,259",,,含運,狀態未知,https://www.costco.com.tw/Bedding/p/458611,https://www.costco.com.tw/medias/sys_master/images/h83/hdf/433626153353246.jpg,https://www.costco.com.tw/c/Hero_Cool
2026-09-25,家具家居,La Belle 素色涼感被 150公分 X 200公分 水藍,"$1,259",,,含運,狀態未知,https://www.costco.com.tw/Furniture-Kitchen/Bedding/Pillows-Comforters-Blankets/La-Belle-ICE-Cool-Quilt-150-cm-X-200-cm-Blue/p/258611,https://www.costco.com.tw/medias/sys_master/images/h29/h68/433626147586078.jpg,https://www.costco.com.tw/c/Hero_Cool
2026-09-25,其他,Don Home 300織萊賽爾雙人加大兩用被套六件組 182公分 X 190公分 同頻,"$2,999",,,含運,狀態未知,https://www.costco.com.tw/Bedding/p/159773,https://www.costco.com.tw/medias/sys_master/images/hf0/h31/455116822478878.jpg,https://www.costco.com.tw/c/Hero_Cool
2026-09-25,家具家居,Don Home 300織萊賽爾雙人加大兩用被套六件組 182公分 X 190公分 四季,"$2,999",,,含運,狀態未知,https://www.costco.com.tw/Furniture-Kitchen/Bedding/Sheets-Pillowcases/Don-Home-300-Thread-Count-Lyocell-Quilted-Duvet-6-Piece-Set-182-cm-X-190-cm-Four-seasons/p/159772,https://www.costco.com.tw/medias/sys_master/images/h64/h94/455116818350110.jpg,https://www.costco.com.tw/c/Hero_Cool
2026-09-25,家電 3C,艾美特 12吋USB充電式摺疊電扇 UD3052R,"$2,549",,,含運,狀態未知,https://www.costco.com.tw/Televisions-Appliances/Cooling-Heating-Air-Treatment/Heating-Cooling/Airmate-USB-Rechargeable-Foldable-Stand-Fan-UD3052R/p/143497,https://www.costco.com.tw/medias/sys_master/images/hc2/hc7/223144341307422.jpg,https://www.costco.com.tw/c/Hero_Cool
2026-09-25,其他,正負零 3D DC直流循環風扇 XQS-G630,"$4,599",,,含運,狀態未知,https://www.costco.com.tw/Cooling-Heating-Air-Treatment/Heating-Cooling/p/138455,https://www.costco.com.tw/medias/sys_master/images/h06/h12/132201976528926.jpg,https://www.costco.com.tw/c/Hero_Cool
2026-09-25,其他,艾美特 USB手持充電風扇 2入組 (UD802),$999,,,含運,狀態未知,https://www.costco.com.tw/Cooling-Heating-Air-Treatment/Heating-Cooling/p/133802,https://www.costco.com.tw/medias/sys_master/images/h7c/h84/69412028284958.jpg,https://www.costco.com.tw/c/Hero_Cool
2026-09-25,其他,Don Home 300織萊賽爾雙人兩用被套六件組 152公分 X 190公分 微光,"$2,599",,,含運,狀態未知,https://www.costco.com.tw/Bedding/p/159770,https://www.costco.com.tw/medias/sys_master/images/hb1/hb9/455116810223646.jpg,https://www.costco.com.tw/c/Hero_Cool
2026-09-25,其他,Siroca DC 直流大風量循環塔扇 SF-T1710,"$2,999",,,含運,狀態未知,https://www.costco.com.tw/Cooling-Heating-Air-Treatment/Heating-Cooling/p/157020,https://www.costco.com.tw/medias/sys_master/images/h54/hcf/402145258111006.jpg,https://www.costco.com.tw/c/Hero_Cool
2026-09-25,其他,艾美特 12吋 AC桌扇 FD30247,"$1,229",,,含運,狀態未知,https://www.costco.com.tw/Cooling-Heating-Air-Treatment/Heating-Cooling/p/149658,https://www.costco.com.tw/medias/sys_master/images/hb5/h44/333377658519582.jpg,https://www.costco.com.tw/c/Hero_Cool
2026-09-25,家電 3C,艾美特 7吋DC直流遙控循環扇 FB1861R,"$2,499",,,含運,狀態未知,https://www.costco.com.tw/Televisions-Appliances/Cooling-Heating-Air-Treatment/Heating-Cooling/Airmate-7-inch-DC-Inverter-Circulator-Fan-FB1861R/p/138212,https://www.costco.com.tw/medias/sys_master/images/he3/hb8/139437267550238.jpg,https://www.costco.com.tw/c/Hero_Cool
2026-09-25,其他,Lustroware 冷水壺 2.1公升 X 2件組 附濾網,$679,,,含運,狀態未知,https://www.costco.com.tw/p/135210,https://www.costco.com.tw/medias/sys_master/images/hd2/h8e/97634191769630.jpg,https://www.costco.com.tw/c/Hero_Cool
2026-09-25,家具家居,Studio TU 玻璃飲料桶 8.3公升 含木製桶架 & 上蓋,$715,,,含運,狀態未知,https://www.costco.com.tw/Furniture-Kitchen/Kitchen-Dining/Coffee-Accessories-Drinkware/Studio-TU-Gallon-Glass-Drink-Dispenser-83-L-with-Acacia-Wood-Stand-Lid/p/1796162,https://www.costco.com.tw/medias/sys_master/images/h1a/h6b/449275417952286.jpg,https://www.costco.com.tw/c/Hero_Cool
2026-09-25,其他,HOUSUXI 舒希 迪士尼 不鏽鋼保冷保溫瓶 1.2公升 X 2件組,"$1,229",,,含運,狀態未知,https://www.costco.com.tw/p/160483,https://www.costco.com.tw/medias/sys_master/images/ha7/hac/450045415981086.jpg,https://www.costco.com.tw/c/Hero_Cool
2026-09-25,其他,Don Home 300織萊賽爾雙人加大兩用被套六件組 182公分 X 190公分 協奏,"$2,999",,,含運,狀態未知,https://www.costco.com.tw/Bedding/p/159775,https://www.costco.com.tw/medias/sys_master/images/h8b/h9e/455116826804254.jpg,https://www.costco.com.tw/c/Hero_Cool
2026-09-25,其他,Don Home 300織萊賽爾雙人加大兩用被套六件組 182公分 X 190公分 微光,"$2,999",,,含運,狀態未知,https://www.costco.com.tw/Bedding/p/159774,https://www.costco.com.tw/medias/sys_master/images/hc0/hd4/455116822806558.jpg,https://www.costco.com.tw/c/Hero_Cool
2026-09-25,其他,Don Home 300織萊賽爾雙人兩用被套 6件組 152公分 X 190公分 協奏,"$2,599",,,含運,狀態未知,https://www.costco.com.tw/Bedding/p/159771,https://www.costco.com.tw/medias/sys_master/images/h27/h2b/455116814090270.jpg,https://www.costco.com.tw/c/Hero_Cool
2026-09-25,其他,Don Home 300織萊賽爾雙人兩用被套六件組 152公分 X 190公分 同頻,"$2,599",,,含運,狀態未知,https://www.costco.com.tw/Bedding/p/159769,https://www.costco.com.tw/medias/sys_master/images/hd7/hb9/455116809633822.jpg,https://www.costco.com.tw/c/Hero_Cool
2026-09-25,其他,Don Home 300織萊賽爾雙人兩用被套六件組 152公分 X 190公分 四季,"$2,599",,,含運,狀態未知,https://www.costco.com.tw/Bedding/p/159768,https://www.costco.com.tw/medias/sys_master/images/h84/ha8/455116805701662.jpg,https://www.costco.com.tw/c/Hero_Cool
2026-09-25,家具家居,La Belle 素色涼感被 150公分 X 200公分 柔粉,"$1,259",,,含運,狀態未知,https://www.costco.com.tw/Furniture-Kitchen/Bedding/Pillows-Comforters-Blankets/La-Belle-ICE-Cool-Quilt-150-cm-X-200-cm-Pink/p/158611,https://www.costco.com.tw/medias/sys_master/images/h61/h2c/433626094731294.jpg,https://www.costco.com.tw/c/Hero_Cool
2026-09-25,家電 3C,向物 高速手持風扇 引擎PRO DSHJ-S-2324,$969,,,含運,狀態未知,https://www.costco.com.tw/Televisions-Appliances/Cooling-Heating-Air-Treatment/Heating-Cooling/SOTHING-Handheld-Fan-Engine-Pro-DSHJ-S-2324/p/152999,https://www.costco.com.tw/medias/sys_master/images/h2a/h8e/379074342223902.jpg,https://www.costco.com.tw/c/Hero_Cool
2026-09-25,家電 3C,妙管家 全自動極速製冰機 HKCV-22C,"$2,199",,,含運,狀態未知,https://www.costco.com.tw/Televisions-Appliances/Kitchen-Appliances/Water-Dispensers-Water-Purification/House-Keeper-Ice-Makers-HKCV-22C/p/151052,https://www.costco.com.tw/medias/sys_master/images/h1f/h54/364686749138974.jpg,https://www.costco.com.tw/c/Hero_Cool
