日期,分類,商品,價格,原價,折價金額,優惠說明,商品網址,圖片網址,資料來源
2026-08-14,其他,米其林輪胎 / 限時優惠折扣中,請查看官網,,,,https://www.costco.com.tw/BazaarVoiceExclusion/freight/Michelin-Tire-Exclusive-Limited-Time-Offer/p/117622,https://www.costco.com.tw/medias/sys_master/images/h1d/h2f/466199162257438.jpg,https://www.costco.com.tw/c/hot-buys?q=:relevance
2026-08-14,食品飲料,大拙匠人 青花椒香麻麵 110公克 X 10包入,$269,$329,$60,商品已折價$60 含運,https://www.costco.com.tw/Food-Dining/Groceries/Rice-Noodles/Kung-Fu-Noodles-Knife-Cut-Noodles-with-Sichuan-Green-Pepper-Sauce-110-g-X-10-Pack/p/153418,https://www.costco.com.tw/medias/sys_master/images/h0e/hbf/398741423718430.jpg,https://www.costco.com.tw/c/hot-buys?q=:relevance
2026-08-14,食品飲料,嘉紛娜 100% 橙香多酚蔬果汁 250毫升 X 24入,$459,$559,$100,商品已折價 $100 含運,https://www.costco.com.tw/Food-Dining/Drinks/Beverages-Juice/Frescafina-Finest-100-Orange-Carrot-Veggie-Juice-250-ml-X-24-Count/p/111424,https://www.costco.com.tw/medias/sys_master/images/hc0/he8/86784921206814.jpg,https://www.costco.com.tw/c/hot-buys?q=:relevance
2026-08-14,食品飲料,星太郎 點心麵雞汁口味 100公克 X 15入,$379,$459,$80,商品已折價$80 含運,https://www.costco.com.tw/Food-Dining/Snacks/Cookies-Chips/Crispy-Ramen-Snack-Original-Flavor-100-g-X-15-Pack/p/132416,https://www.costco.com.tw/medias/sys_master/images/h6c/hd2/66926997962782.jpg,https://www.costco.com.tw/c/hot-buys?q=:relevance
2026-08-14,食品飲料,翠果子 古早味手工黑芝麻糕 480公克,$269,$329,$60,商品已折價$60 含運,https://www.costco.com.tw/Food-Dining/Snacks/Candies-Chocolates/Trygoodz-Traditional-Handmade-Black-Sesame-Cake-480-g/p/888668,https://www.costco.com.tw/medias/sys_master/images/hd4/h6b/298414614708254.jpg,https://www.costco.com.tw/c/hot-buys?q=:relevance
2026-08-14,家具家居,Glad 佳能 PE 保鮮膜 300公尺 X 33公分 X 2入,$489,$599,$110,商品已折價$110 含運,https://www.costco.com.tw/Furniture-Kitchen/Kitchen-Dining/Food-Preservation/Glad-PE-Food-Wrap-Caterer-300-m-X-33-cm-X-2-Pack/p/210732,https://www.costco.com.tw/medias/sys_master/images/he0/h08/454002078842910.jpg,https://www.costco.com.tw/c/hot-buys?q=:relevance
2026-08-14,保健美容,奈森克林 細滑牙線棒 1000支,$275,$349,$74,商品已折價$74 含運；商品已折價 $74；2026/07/20-08/02期間購買指定家具，買1件享85折，買2件享8折優惠。,https://www.costco.com.tw/Health-Beauty/Personal-Care/Oral-Care/Naisen-Caring-Ultra-Fine-Dental-Floss-Picks-1000-Piece/p/111185,https://www.costco.com.tw/medias/sys_master/products/h14/h87/8829691920414.jpg,https://www.costco.com.tw/c/hot-buys?q=:relevance
2026-08-14,食品飲料,一芯一粒 CNS一等白米 3公斤 X 3入,$600,$755,$155,商品已折價 $155 含運；商品已折價 $155；2026/07/20-08/02期間購買指定家具，買1件享85折，買2件享8折優惠。,https://www.costco.com.tw/Food-Dining/Groceries/Rice-Noodles/A-Core-One-Rice-3-kg-X-3-Count/p/108352,https://www.costco.com.tw/medias/sys_master/images/h6f/h6c/16007410712606.jpg,https://www.costco.com.tw/c/hot-buys?q=:relevance
2026-08-14,保健美容,顧可飛 黃金比例金盞花葉黃素+紅藻蝦紅素軟膠囊 130粒,$789,$989,$200,商品已折價 $200 含運,https://www.costco.com.tw/Health-Beauty/Supplements/Supplements-Digestive-Support/Marigold-Lutein-with-Algae-Astaxanthin-Veggie-Softgels-130-Count/p/147910,https://www.costco.com.tw/medias/sys_master/images/h99/h04/298414369996830.jpg,https://www.costco.com.tw/c/hot-buys?q=:relevance
2026-08-14,食品飲料,Kid-O 奶油三明治家庭號 1530公克,$269,$339,$70,商品已折價$70 含運,https://www.costco.com.tw/Food-Dining/Snacks/Cookies-Chips/Kid-O-Butter-Cracker-Sandwich-1530-g/p/156970,https://www.costco.com.tw/medias/sys_master/images/h6d/h26/311830168076318.jpg,https://www.costco.com.tw/c/hot-buys?q=:relevance
2026-08-14,食品飲料,農心 辛拉麵 黑 130公克 X 8包,$265,$335,$70,商品已折價$70 含運,https://www.costco.com.tw/Food-Dining/Groceries/Rice-Noodles/Nongshim-Shin-Ramyun-Black-130-g-X-8-Pack/p/114773,https://www.costco.com.tw/medias/sys_master/images/hc1/h1c/81956440211486.jpg,https://www.costco.com.tw/c/hot-buys?q=:relevance
2026-08-14,食品飲料,泰山 低糖八寶粥 360公克 X 24入,$485,$599,$114,商品已折價$114 含運,https://www.costco.com.tw/Food-Dining/Drinks/Beverages-Juice/Tai-Sun-Low-Sugar-Mixed-Congee-360-g-X-24-Count/p/149327,https://www.costco.com.tw/medias/sys_master/images/h55/h6e/291292251652126.jpg,https://www.costco.com.tw/c/hot-buys?q=:relevance
2026-08-14,食品飲料,樂天 優格風味碳酸飲 250毫升 X 30入,$379,$469,$90,商品已折價$90 含運,https://www.costco.com.tw/Food-Dining/Drinks/Beverages-Juice/Lotte-Milkis-Soda-Drink-250-ml-X-30-Count/p/133053,https://www.costco.com.tw/medias/sys_master/images/h94/h03/118701813760030.jpg,https://www.costco.com.tw/c/hot-buys?q=:relevance
2026-08-14,食品飲料,老楊 鹹蛋黃餅 20公克 X 32入 / 共640公克,$225,$275,$50,商品已折價$50 含運,https://www.costco.com.tw/Food-Dining/Snacks/Cookies-Chips/TK-Food-Salted-Egg-Yolk-Cookies-20-g-X-32-Pack/p/215324,https://www.costco.com.tw/medias/sys_master/images/hfa/hf7/64294442434590.jpg,https://www.costco.com.tw/c/hot-buys?q=:relevance
2026-08-14,食品飲料,卡迪那 豌豆脆片 原味 80公克 X 10包,$299,$359,$60,商品已折價$60 含運,https://www.costco.com.tw/Food-Dining/Snacks/Cookies-Chips/Cadina-Popped-Green-Pea-Chips-Original-Flavor-80-g-X-10-Pack/p/138245,https://www.costco.com.tw/medias/sys_master/images/ha1/h1c/138087515095070.jpg,https://www.costco.com.tw/c/hot-buys?q=:relevance
2026-08-14,食品飲料,北田 天然穀物蛋黃捲 1435公克,$285,$349,$64,商品已折價$64 含運,https://www.costco.com.tw/Food-Dining/Snacks/Cookies-Chips/Pei-Tien-12-Grains-Crispy-Roll-Filled-With-Yolk-1435-g/p/573511,https://www.costco.com.tw/medias/sys_master/images/h99/h40/255946961354782.jpg,https://www.costco.com.tw/c/hot-buys?q=:relevance
2026-08-14,食品飲料,雀巢美祿 高鈣可可麥芽牛奶 198毫升 X 24入,$259,$319,$60,商品已折價$60 含運,https://www.costco.com.tw/Food-Dining/Drinks/Beverages-Juice/Milo-High-Calcium-Cocoa-Malt-Milk-198-ml-X-24-Pack/p/148852,https://www.costco.com.tw/medias/sys_master/images/h3f/hd5/438035407503390.jpg,https://www.costco.com.tw/c/hot-buys?q=:relevance
2026-08-14,其他,科克蘭 兩層隨意撕特級廚房紙巾 160張 X 12捲,$609,$669,$60,商品已折價 $60 含運,https://www.costco.com.tw/c/Kirkland-Signature-Premium-Big-Roll-Create-A-Size-Paper-Towel-160-Sheet-X-12-Roll/p/1768085,https://www.costco.com.tw/medias/sys_master/images/hf9/ha1/260838170984478.jpg,https://www.costco.com.tw/c/hot-buys?q=:relevance
2026-08-14,食品飲料,不倒翁 金螃蟹海鮮風味拉麵 130公克 X 10包,$339,$419,$80,商品已折價$80 含運,https://www.costco.com.tw/Food-Dining/Groceries/Rice-Noodles/OTOKI-Jin-Jjambbong-Ramen-130-g-X-10-Pack/p/210472,https://www.costco.com.tw/medias/sys_master/images/h59/h5d/345530375405598.jpg,https://www.costco.com.tw/c/hot-buys?q=:relevance
2026-08-14,食品飲料,旺旺 嚴選米菓 827公克,$295,$365,$70,商品已折價$70 含運,https://www.costco.com.tw/Food-Dining/Snacks/Cookies-Chips/Want-Want-Assorted-Rice-Crackers-827-g/p/120108,https://www.costco.com.tw/medias/sys_master/images/h6a/h9b/451299540762654.jpg,https://www.costco.com.tw/c/hot-buys?q=:relevance
2026-08-14,食品飲料,味滋康 雞昆布鰹魚高湯 1.8公升,$309,$399,$90,商品已折價$90 含運；商品已折價 $90；2026/07/20-08/02期間購買指定家具，買1件享85折，買2件享8折優惠。,https://www.costco.com.tw/Food-Dining/Groceries/Cooking-Oil-Sauces/Mizkan-Chicken-Stock-with-Kelp-and-Bonito-18-L/p/132561,https://www.costco.com.tw/medias/sys_master/images/h0c/hf5/67984469950494.jpg,https://www.costco.com.tw/c/hot-buys?q=:relevance
2026-08-14,食品飲料,崇德發 黑麥汁 500毫升 X 18入,$489,$599,$110,商品已折價$110 含運,https://www.costco.com.tw/Food-Dining/Drinks/Beverages-Juice/Virtues-Worship-Malt-Drink-500-ml-X-18-Can/p/206346,https://www.costco.com.tw/medias/sys_master/images/hfb/h33/14323128303646.jpg,https://www.costco.com.tw/c/hot-buys?q=:relevance
2026-08-14,保健美容,威德 益生菌保護力配方 3公克 X 60包,"$1,279","$1,599",$320,商品已折價 $320 含運；商品已折價 $320；2026/07/20-08/02期間購買指定家具，買1件享85折，買2件享8折優惠。,https://www.costco.com.tw/Health-Beauty/Supplements/Supplements-Digestive-Support/WEIDER-Probiotics-Ultrashield-formula-3g-X-60-Sachet/p/142037,https://www.costco.com.tw/medias/sys_master/images/he6/ha0/189086880661534.jpg,https://www.costco.com.tw/c/hot-buys?q=:relevance
2026-08-14,保健美容,蘇菲 超熟睡極上 Fit 夜用衛生棉 40公分 9片 X 4入,$285,$365,$80,商品已折價 $80 含運,https://www.costco.com.tw/Health-Beauty/Personal-Care/Feminine-Care/Sofy-Night-Ultra-Fit-Slim-Pad-40-cm-9-Piece-X-4-Pack/p/145329,https://www.costco.com.tw/medias/sys_master/images/h3d/h8e/256217683001374.jpg,https://www.costco.com.tw/c/hot-buys?q=:relevance
2026-08-14,食品飲料,西雅圖 榛果風味濃淬咖啡球 16毫升 X 40入,$299,$379,$80,商品已折價$80 含運,https://www.costco.com.tw/Food-Dining/Drinks/Coffee/Barista-Hazelnut-Flavor-Espresso-Shot-16-ml-X-40-Count/p/234436,https://www.costco.com.tw/medias/sys_master/images/h62/h56/368770704965662.jpg,https://www.costco.com.tw/c/hot-buys?q=:relevance
2026-08-14,日用品／母嬰／玩具,科克蘭 晶亮洗碗精 2.66公升,$305,$375,$70,商品已折價$70 含運,https://www.costco.com.tw/Household-Baby-Toys/Household-Essentials/Dish-Detergents/Kirkland-Signature-Ultra-Shine-Liquid-Dish-Soap-266-L/p/1677453,https://www.costco.com.tw/medias/sys_master/images/ha0/h0e/136366539472926.jpg,https://www.costco.com.tw/c/hot-buys?q=:relevance
2026-08-14,保健美容,小善存 綜合維他命+維他命C 120錠 (60錠 X 2瓶),$764,$959,$195,商品已折價 $195 含運；商品已折價 $195；2026/07/20-08/02期間購買指定家具，買1件享85折，買2件享8折優惠。,https://www.costco.com.tw/Health-Beauty/Supplements/Kids-Health/Centrum-Junior-Extra-C-Multi-vitamin-120-Tablet-60-Tablet-X-2-Bottle/p/115585,https://www.costco.com.tw/medias/sys_master/images/he0/h01/274514909364254.jpg,https://www.costco.com.tw/c/hot-buys?q=:relevance
2026-08-14,家具家居,幻知曲 人體工學乳膠枕 60公分 X 40公分 X 10公分 / 12公分,$899,"$1,139",$240,商品已折價$240 含運；商品已折價 $240；2026/07/20-08/02期間購買指定家具，買1件享85折，買2件享8折優惠。；商品已折價$240 含運；商品已折價$240 含運,https://www.costco.com.tw/Furniture-Kitchen/Bedding/Pillows-Comforters-Blankets/Reverie-Ergonomics-Latex-Pillow-60-cm-X-40-cm-X-10-cm-12-cm/p/107720,https://www.costco.com.tw/medias/sys_master/images/h39/h4a/11484394127390.jpg,https://www.costco.com.tw/c/hot-buys?q=:relevance
2026-08-14,保健美容,威德 益生菌睡前專用 3公克 X 60包,"$1,524","$1,899",$375,商品已折價 $375 含運,https://www.costco.com.tw/Health-Beauty/Supplements/Supplements-Digestive-Support/WEIDER-Probiotics-Sleep-Support-3-g-X-60-Pack/p/242036,https://www.costco.com.tw/medias/sys_master/images/ha9/h26/383295735332894.jpg,https://www.costco.com.tw/c/hot-buys?q=:relevance
2026-08-14,食品飲料,林聰明 沙鍋菜豆腐煲 800公克 X 3入,$449,$559,$110,商品已折價$110 含運,https://www.costco.com.tw/Food-Dining/Groceries/Canned-Prepared-Food/Lin-Tsung-Ming-Tofu-Hotpot-Soup-Base-800-g-X-3-Count/p/154468,https://www.costco.com.tw/medias/sys_master/images/h04/h7c/380783679701022.jpg,https://www.costco.com.tw/c/hot-buys?q=:relevance
2026-08-14,家電 3C,惠而浦 20公升微電腦觸控式微波爐 WMWE200S,"$1,989","$2,499",$510,商品已折價$510 含運,https://www.costco.com.tw/Televisions-Appliances/Kitchen-Appliances/Cookers-Oven-Microwaves-Food-Waste-Machine/Whirlpool-20-L-Microwave-WMWE200S/p/111557,https://www.costco.com.tw/medias/sys_master/images/h37/h57/63393759297566.jpg,https://www.costco.com.tw/c/hot-buys?q=:relevance
2026-08-14,日用品／母嬰／玩具,寶瀅 全效能 4合1 洗衣膠囊 室內晾衣適用 64顆 X 4入,"$1,929","$2,449",$520,商品已折價 $520 含運；商品已折價 $520；2026/07/20-08/02期間購買指定家具，買1件享85折，買2件享8折優惠。,https://www.costco.com.tw/Household-Baby-Toys/Household-Essentials/Laundry-Care/Persil-Advanced-4-in-1-Laundry-Detergent-Discs-Indoor-Dry-64-Count-X-4-Pack/p/240969,https://www.costco.com.tw/medias/sys_master/images/h8a/he9/245391196782622.jpg,https://www.costco.com.tw/c/hot-buys?q=:relevance
2026-08-14,食品飲料,科克蘭 日本綠茶包 1.5公克 X 100入,$329,,,需一次購買活動組數才可享受此優惠 含運,https://www.costco.com.tw/Food-Dining/Drinks/Tea/Kirkland-Signature-Japanese-Green-Tea-15-g-X-100-Bag/p/1169345,https://www.costco.com.tw/medias/sys_master/images/hf7/h72/31569513447454.jpg,https://www.costco.com.tw/c/hot-buys?q=:relevance
2026-08-14,食品飲料,Petitzel 石榴醋添加濃縮飲料 900毫升 X 2瓶,$329,$399,$70,商品已折價$70 含運,https://www.costco.com.tw/Food-Dining/Drinks/Powdered-Drink-Mix-Cereal-Oats/Petitzel-Pomegranate-Fruit-Vinegar-Drink-900-ml-X-2-Count/p/208768,https://www.costco.com.tw/medias/sys_master/images/h89/ha6/192680631042078.jpg,https://www.costco.com.tw/c/hot-buys?q=:relevance
2026-08-14,食品飲料,大成 冷凍香辣炸雞柳 1.7公斤,$459,$559,$100,商品已折價 $100 含運,https://www.costco.com.tw/Food-Dining/Frozen-Fresh-Food/Frozen-Meals/Dachan-Frozen-Spicy-Fried-Chicken-Breast-Strips-17-kg/p/153997,https://www.costco.com.tw/medias/sys_master/images/h75/h29/368495310110750.jpg,https://www.costco.com.tw/c/hot-buys?q=:relevance
2026-08-14,食品飲料,Dr.Oetker 歐特家冷凍摩佐瑞拉起司薄脆比薩 355公克 X 3入,$345,$419,$74,商品已折價 $74 含運,https://www.costco.com.tw/Food-Dining/Frozen-Fresh-Food/Frozen-Meals/DrOetker-Frozen-Pizza-Mozzarella-335-g-X-3-Count/p/151724,https://www.costco.com.tw/medias/sys_master/images/h07/h74/346620852502558.jpg,https://www.costco.com.tw/c/hot-buys?q=:relevance
2026-08-14,保健美容,樂益活 海洋膠原蛋白凍 綜合莓果口味 40條,$799,$999,$200,商品已折價 $200 含運,https://www.costco.com.tw/Health-Beauty/Supplements/Supplements-Digestive-Support/MeridLife-Premium-Marine-Collagen-Mixed-Berry-Flavor-40-Pack/p/199500,https://www.costco.com.tw/medias/sys_master/images/hed/he9/122559437176862.jpg,https://www.costco.com.tw/c/hot-buys?q=:relevance
2026-08-14,家具家居,True Wellness 網布辦公椅,"$2,699","$3,399",$700,商品已折價$700 含運,https://www.costco.com.tw/Furniture-Kitchen/Furniture/Computer-Desk-Chair-Sets/True-Wellness-Mesh-Office-Chair/p/1987488,https://www.costco.com.tw/medias/sys_master/images/h4a/h9c/484307099418654.jpg,https://www.costco.com.tw/c/hot-buys?q=:relevance
2026-08-14,家電 3C,TP-Link BE3600 雙頻 Wi-Fi 7 路由器 Archer BE3600,"$1,639","$2,049",$410,商品已折價$410 含運,https://www.costco.com.tw/Digital-Mobile/Laptops-Computers/Keyboards-Mice-Computer-Accessories/TP-Link-BE3600-Dual-Band-Wi-Fi-7-Router-Archer-BE3600/p/154268,https://www.costco.com.tw/medias/sys_master/images/h09/h9d/366793138733086.jpg,https://www.costco.com.tw/c/hot-buys?q=:relevance
2026-08-14,日用品／母嬰／玩具,科克蘭 Nature's Domain 鮭魚&甘薯配方乾貓糧 8.16公斤,$709,$869,$160,商品已折價$160 含運,https://www.costco.com.tw/Household-Baby-Toys/Pet-Supplies/Pet-Dry-Wet-Food/Kirkland-Signature-Natures-Domain-Salmon-and-Sweet-Potato-Dry-Cat-Food-816-kg/p/570940,https://www.costco.com.tw/medias/sys_master/images/hdc/hc3/202360347623454.jpg,https://www.costco.com.tw/c/hot-buys?q=:relevance
2026-08-14,食品飲料,家樂氏 減糖玉米片 900公克 X 2入,$289,$359,$70,商品已折價$70 含運,https://www.costco.com.tw/Food-Dining/Drinks/Powdered-Drink-Mix-Cereal-Oats/Kelloggs-Frosted-Flakes-Less-Sugar-900-g-X-2-Count/p/191610,https://www.costco.com.tw/medias/sys_master/images/hd3/he1/421141213085726.jpg,https://www.costco.com.tw/c/hot-buys?q=:relevance
2026-08-14,食品飲料,家樂氏 原味玉米早餐脆片 600公克 X 2入,$229,$299,$70,商品已折價$70 含運,https://www.costco.com.tw/Food-Dining/Drinks/Powdered-Drink-Mix-Cereal-Oats/Kelloggs-Corn-Flakes-Original-Flavor-600-g-X-2-Pack/p/99140,https://www.costco.com.tw/medias/sys_master/images/h5a/h72/450045590306846.jpg,https://www.costco.com.tw/c/hot-buys?q=:relevance
2026-08-14,食品飲料,奇美 冷凍港點三重奏 960公克,$409,$499,$90,商品已折價$90 含運,https://www.costco.com.tw/Food-Dining/Frozen-Fresh-Food/Frozen-Meals/Chi-Mei-Frozen-Dim-Sum-Set-960g/p/246436,https://www.costco.com.tw/medias/sys_master/images/ha4/h2a/399197037658142.jpg,https://www.costco.com.tw/c/hot-buys?q=:relevance
2026-08-14,日用品／母嬰／玩具,3M 兒童安全地墊 32公分 X 18片 多種顏色選擇,"$1,060","$1,325",$265,商品已折價$265 含運,https://www.costco.com.tw/Household-Baby-Toys/Baby/Baby-Bath-Care/3M-Kids-Safety-Puzzle-Mat-32-cm-X-18-Piece-Various-Colors-Available/p/140907,https://www.costco.com.tw/medias/sys_master/images/hc4/h03/173767314374686.jpg,https://www.costco.com.tw/c/hot-buys?q=:relevance
2026-08-14,食品飲料,亞細亞田園 冷凍智利草莓 1.5公斤 X 6包,"$1,639","$2,059",$420,商品已折價$420 含運；商品已折價 $420；2026/07/20-08/02期間購買指定家具，買1件享85折，買2件享8折優惠。,https://www.costco.com.tw/Food-Dining/Frozen-Fresh-Food/Frozen-Fruits-Vegetables/Asia-Farm-Frozen-Strawberries-15-kg-X-6-Pack/p/1866581,https://www.costco.com.tw/medias/sys_master/images/h76/ha5/382254201896990.jpg,https://www.costco.com.tw/c/hot-buys?q=:relevance
2026-08-14,保健美容,Giovanni 滋潤茶樹潤髮乳 1公升,$359,$455,$96,商品已折價 $96 含運,https://www.costco.com.tw/Health-Beauty/Personal-Care/Shampoo-Conditioner/Giovanni-Tea-Tree-Conditioner-1L/p/62372,https://www.costco.com.tw/medias/sys_master/images/ha7/hc5/432345310953502.jpg,https://www.costco.com.tw/c/hot-buys?q=:relevance
2026-08-14,服飾配件,Nautica 女內褲六入組,$599,$749,$150,商品已折價$150 含運,https://www.costco.com.tw/Clothing-Accessories/Womens-Clothing/Womens-Socks-Intimates/Nautica-Ladies-Nude-Brief-6-Pack-Set/p/8520993,https://www.costco.com.tw/medias/sys_master/images/h04/h4a/436453925552158.jpg,https://www.costco.com.tw/c/hot-buys?q=:relevance
2026-08-14,其他,Fanttik S200 APEX 多功能無線打氣機,"$1,319","$1,659",$340,商品已折價$340 含運,https://www.costco.com.tw/Sports-Lifestyle/Automotive/Automotive/Fanttik-S200-APEX-Multifunction-Wireless-Air-Inflator/p/1787419,https://www.costco.com.tw/medias/sys_master/images/h70/h57/433249611874334.jpg,https://www.costco.com.tw/c/hot-buys?q=:relevance
2026-08-14,家具家居,Curble 護脊美學椅 38.0公分 X 31.5公分 X 31.6公分 黑色,$875,"$1,099",$224,商品已折價$224 含運,https://www.costco.com.tw/Furniture-Kitchen/Bedding/Throw-Pillows-Cushions/Curble-Posture-Corrector-Chair-Wider-380-cm-X-315-cm-X-316-cm-Black/p/8517418,https://www.costco.com.tw/medias/sys_master/images/h51/h76/308411625340958.jpg,https://www.costco.com.tw/c/hot-buys?q=:relevance
2026-08-14,其他,岩谷 3.5kW 雙重防風卡式爐 CB-KZ-3 含外盒,"$1,579","$1,999",$420,商品已折價$420 含運,https://www.costco.com.tw/Sports-Lifestyle/Camping-Outdoors/Camp-Kitchen-Cooking-Gear/Iwatani-35kW-Cassette-Gas-Stove-CB-KZ-3-with-Case/p/140066,https://www.costco.com.tw/medias/sys_master/images/h33/h29/149676462080030.jpg,https://www.costco.com.tw/c/hot-buys?q=:relevance
2026-08-14,食品飲料,亞細亞田園 冷凍玉米筍 1公斤 X 8包,$925,"$1,159",$234,商品已折價 $234 含運；商品已折價 $234；2026/07/20-08/02期間購買指定家具，買1件享85折，買2件享8折優惠。,https://www.costco.com.tw/Food-Dining/Frozen-Fresh-Food/Frozen-Fruits-Vegetables/Asia-Farm-Frozen-Baby-Corn-1-kg-X-8-Pack/p/1144825,https://www.costco.com.tw/medias/sys_master/images/h8e/haa/382229489582110.jpg,https://www.costco.com.tw/c/hot-buys?q=:relevance
2026-08-14,服飾配件,Buffalo 男針織平口內褲 5入組 L,$615,$775,$160,商品已折價$160 含運,https://www.costco.com.tw/Clothing-Accessories/Mens-Clothing/Mens-Socks-Underwear/Buffalo-Mens-Knit-Boxers-5-Pack-Set-L/p/155497,https://www.costco.com.tw/medias/sys_master/images/hea/h51/470130291769374.jpg,https://www.costco.com.tw/c/hot-buys?q=:relevance
2026-08-14,食品飲料,冷凍岡山鮮凍牡蠣 850公克 X 3入,"$1,939","$2,299",$360,商品已折價$360 含運；商品已折價 $360；2026/07/20-08/02期間購買指定家具，買1件享85折，買2件享8折優惠。,https://www.costco.com.tw/Food-Dining/Frozen-Fresh-Food/Frozen-Seafood-Meat/Okayama-Frozen-Oyster-850-g-X-3-Count/p/385859,https://www.costco.com.tw/medias/sys_master/images/hda/hb6/311441850761246.jpg,https://www.costco.com.tw/c/hot-buys?q=:relevance
2026-08-14,服飾配件,Buffalo 男針織平口內褲 5入組 XL,$615,$775,$160,商品已折價$160 含運,https://www.costco.com.tw/Clothing-Accessories/Mens-Clothing/Mens-Socks-Underwear/Buffalo-Mens-Knit-Boxers-5-Pack-Set-XL/p/155498,https://www.costco.com.tw/medias/sys_master/images/hea/h51/470130291769374.jpg,https://www.costco.com.tw/c/hot-buys?q=:relevance
2026-08-14,家電 3C,伊萊克斯 700系列 346公升 AI變頻獨立式上冷藏下冷凍雙門冰箱 EBM3402L-W,"$18,399","$22,999","$4,600","商品已折價$4,600 含運",https://www.costco.com.tw/Televisions-Appliances/Large-Appliances/Fridges-Freezers/Overall-Capacity-350-500-L/Electrolux-346-L-700-Series-AI-CoolAssist-2-Door-Fridge-EBM3402L-W/p/160928,https://www.costco.com.tw/medias/sys_master/images/hec/h2b/470130459672606.jpg,https://www.costco.com.tw/c/hot-buys?q=:relevance
2026-08-14,服飾配件,Buffalo 男針織平口內褲 5入組 M,$615,$775,$160,商品已折價$160 含運,https://www.costco.com.tw/Clothing-Accessories/Mens-Clothing/Mens-Socks-Underwear/Buffalo-Mens-Knit-Boxers-5-Pack-Set-M/p/155496,https://www.costco.com.tw/medias/sys_master/images/hea/h51/470130291769374.jpg,https://www.costco.com.tw/c/hot-buys?q=:relevance
2026-08-14,服飾配件,科克蘭 男皮瑪棉短袖Polo衫,$499,$629,$130,商品已折價$130 含運,https://www.costco.com.tw/Clothing-Accessories/Mens-Clothing/Mens-Tops/Kirkland-Signature-Mens-Pima-Cotton-Short-Sleeve-Polo-Shirt/p/7771540,https://www.costco.com.tw/medias/sys_master/images/h46/h70/471216564142110.jpg,https://www.costco.com.tw/c/hot-buys?q=:relevance
2026-08-14,服飾配件,Buffalo 男針織平口內褲 5入組 S,$615,$775,$160,商品已折價$160 含運,https://www.costco.com.tw/Clothing-Accessories/Mens-Clothing/Mens-Socks-Underwear/Buffalo-Mens-Knit-Boxers-5-Pack-Set-S/p/155495,https://www.costco.com.tw/medias/sys_master/images/hea/h51/470130291769374.jpg,https://www.costco.com.tw/c/hot-buys?q=:relevance
2026-08-14,其他,科克蘭 高爾夫鐵桿七件組,"$14,998","$18,999","$4,001","商品已折價$4,001 含運",https://www.costco.com.tw/Sports-Lifestyle/Sports-Fitness/Team-Sports/Kirkland-Signature-Players-Iron-Set/p/1740556,https://www.costco.com.tw/medias/sys_master/images/h6f/h11/256217804144670.jpg,https://www.costco.com.tw/c/hot-buys?q=:relevance
2026-08-14,食品飲料,Nu-Pure 泉水 250毫升 X 40瓶,$275,$315,$40,商品已折價$40 含運,https://www.costco.com.tw/Food-Dining/Drinks/Water-Sparkling-Water/Nu-Pure-Spring-Water-250-ml-X-40-Count/p/1498699,https://www.costco.com.tw/medias/sys_master/images/he5/h63/369280608927774.jpg,https://www.costco.com.tw/c/hot-buys?q=:relevance
2026-08-14,食品飲料,奧利奧 香草口味夾心餅乾 105公克 X 21入,$439,,,需一次購買活動組數才可享受此優惠 含運,https://www.costco.com.tw/Food-Dining/Snacks/Cookies-Chips/OREO-Vanilla-Flavor-Sandwich-Cookies-105-g-X-21-Pack/p/526453,https://www.costco.com.tw/medias/sys_master/images/haf/h3a/467458984050718.jpg,https://www.costco.com.tw/c/hot-buys?q=:relevance
2026-08-14,其他,Scoop Away 超凝結貓砂 4.76公斤 X 4入,$569,$699,$130,商品已折價$130 含運,https://www.costco.com.tw/c/Scoop-Away-Complete-Performance-Plus-Cat-Litter-476-kg-X-4-Count/p/1529177,https://www.costco.com.tw/medias/sys_master/images/h5b/h88/226673722195998.jpg,https://www.costco.com.tw/c/hot-buys?q=:relevance
2026-08-14,食品飲料,豐力富 紐西蘭頂級純濃奶粉 2.6公斤,$631,,,需一次購買活動組數才可享受此優惠 含運,https://www.costco.com.tw/Food-Dining/Drinks/Powdered-Drink-Mix-Cereal-Oats/Fernleaf-New-Zealand-Full-Cream-Milk-Powder-26-kg/p/79922,https://www.costco.com.tw/medias/sys_master/images/h24/hb9/15916554420254.jpg,https://www.costco.com.tw/c/hot-buys?q=:relevance
2026-08-14,食品飲料,米森 好菌搖搖有機兒茶素綠茶 2公克 X 30包入,$379,$479,$100,商品已折價$100 含運,https://www.costco.com.tw/Food-Dining/Drinks/Powdered-Drink-Mix-Cereal-Oats/Vilson-Organic-Probiotics-Catechin-Green-Tea-2-g-X-30-Pack/p/140811,https://www.costco.com.tw/medias/sys_master/images/h13/h69/167692339707934.jpg,https://www.costco.com.tw/c/hot-buys?q=:relevance
2026-08-14,其他,威德 納豆紅麴 120粒,$869,"$1,079",$210,商品已折價 $210 含運,https://www.costco.com.tw/c/WEIDER-Natto-Red-Yeast-Rice-120-Capsule/p/994805,https://www.costco.com.tw/medias/sys_master/images/h0e/h21/294120941912094.jpg,https://www.costco.com.tw/c/hot-buys?q=:relevance
2026-08-14,食品飲料,西雅圖 雙焙濃拿鐵三合一 21公克 X 80入,$485,$615,$130,商品已折價$130 含運,https://www.costco.com.tw/Food-Dining/Drinks/Coffee/Barista-Premium-Double-Rich-Latte-3-in-1-21-g-X-80-Pack/p/146964,https://www.costco.com.tw/medias/sys_master/images/h62/hfb/258345333948446.jpg,https://www.costco.com.tw/c/hot-buys?q=:relevance
2026-08-14,日用品／母嬰／玩具,五月花 三層抽取式廚房紙巾 80抽 X 24入,$739,$929,$190,商品已折價$190 含運,https://www.costco.com.tw/Household-Baby-Toys/Household-Essentials/Toilet-Paper-Paper-Towels/Mayflower-3-Ply-Interfold-Kitchen-Towel-80-Sheet-X-24-Count/p/239289,https://www.costco.com.tw/medias/sys_master/images/hdc/h50/151758801895454.jpg,https://www.costco.com.tw/c/hot-buys?q=:relevance
2026-08-14,保健美容,Jamieson 複合益生菌 120粒,"$1,259","$1,579",$320,商品已折價 $320 含運,https://www.costco.com.tw/Health-Beauty/Supplements/Supplements-Digestive-Support/Jamieson-Probiotic-30B-120-Capsule/p/123200,https://www.costco.com.tw/medias/sys_master/images/h2a/he2/240433624743966.jpg,https://www.costco.com.tw/c/hot-buys?q=:relevance
2026-08-14,食品飲料,唐舖子 原味芝麻薄餅 360公克 X 2袋,$285,$359,$74,商品已折價$74 含運,https://www.costco.com.tw/Food-Dining/Snacks/Cookies-Chips/Tang-Shop-Original-Sesame-Pancake-360-g-X-2-Pack/p/153412,https://www.costco.com.tw/medias/sys_master/images/h70/h03/366001878433822.jpg,https://www.costco.com.tw/c/hot-buys?q=:relevance
2026-08-14,食品飲料,Calbee JagaRico 原味薯條 60公克 X 12入,$379,$459,$80,商品已折價$80 含運,https://www.costco.com.tw/Food-Dining/Snacks/Cookies-Chips/Calbee-JagaRico-Potato-Sticks-Original-Flavor-60-g-X-12-Count/p/143990,https://www.costco.com.tw/medias/sys_master/images/h16/h77/239549992206366.jpg,https://www.costco.com.tw/c/hot-buys?q=:relevance
2026-08-14,保健美容,森永in果凍 (蔬果能量) 150公克 X 12入,$369,$465,$96,商品已折價$96 含運,https://www.costco.com.tw/Health-Beauty/Supplements/Sports-Performance/Morinaga-IN-Jelly-Vegetable-150-g-X-12-Pack/p/154796,https://www.costco.com.tw/medias/sys_master/images/h43/h87/381454913044510.jpg,https://www.costco.com.tw/c/hot-buys?q=:relevance
2026-08-14,食品飲料,唐舖子 原味牛軋巧酥 650公克,$285,,,需一次購買活動組數才可享受此優惠 含運,https://www.costco.com.tw/Food-Dining/Snacks/Cookies-Chips/Tang-Shop-Nougat-with-Biscuit-Original-650-g/p/144896,https://www.costco.com.tw/medias/sys_master/images/hf4/h5e/238306004402206.jpg,https://www.costco.com.tw/c/hot-buys?q=:relevance
2026-08-14,家電 3C,DeWALT 40公分 風扇,"$2,399","$2,999",$600,商品已折價$600 含運,https://www.costco.com.tw/Televisions-Appliances/Cooling-Heating-Air-Treatment/Heating-Cooling/DeWALT-40-cm-Drum-Fan/p/9631000,https://www.costco.com.tw/medias/sys_master/images/h80/h1d/348867518464030.jpg,https://www.costco.com.tw/c/hot-buys?q=:relevance
2026-08-14,食品飲料,農心 海苔味杯麵 65公克 X 12入,$299,$379,$80,商品已折價$80 含運,https://www.costco.com.tw/Food-Dining/Groceries/Rice-Noodles/Nongshim-Seaweed-Flavor-Cup-Noodle-65-g-X-12-Pack/p/144788,https://www.costco.com.tw/medias/sys_master/images/h73/h6a/102765951909918.jpg,https://www.costco.com.tw/c/hot-buys?q=:relevance
2026-08-14,其他,INFINITY X1 2000 流明露營燈,$849,"$1,099",$250,商品已折價$250 含運,https://www.costco.com.tw/Sports-Lifestyle/Camping-Outdoors/Tents-Camping-Gear/INFINITY-X1-2000-Lumen-Camp-Light/p/1872247,https://www.costco.com.tw/medias/sys_master/images/hb4/h59/438876268855326.jpg,https://www.costco.com.tw/c/hot-buys?q=:relevance
2026-08-14,日用品／母嬰／玩具,妙力 懸掛式馬桶清潔球 精油系列 50公克 X 3入 X 6組,$579,$719,$140,商品已折價$140 含運,https://www.costco.com.tw/Household-Baby-Toys/Household-Essentials/Cleaning-Tools/Bref-Spa-Essential-Oil-Rim-Block-Toilet-Cleaner-50-g-X-3-Count-X-6-Set/p/334160,https://www.costco.com.tw/medias/sys_master/images/h1f/h1e/379632658087966.jpg,https://www.costco.com.tw/c/hot-buys?q=:relevance
2026-08-14,食品飲料,親愛的糙米白咖啡 30公克 X 80入,$485,,,需一次購買活動組數才可享受此優惠 含運,https://www.costco.com.tw/Food-Dining/Drinks/Coffee/Darling-Brown-Rice-White-Coffee-30-g-X-80-Count/p/374199,https://www.costco.com.tw/medias/sys_master/images/hfb/hd9/325606390956062.jpg,https://www.costco.com.tw/c/hot-buys?q=:relevance
2026-08-14,保健美容,National Vita 顧可飛 2000 葡萄糖胺薑黃軟骨素(液態食品) 946毫升,$719,$899,$180,商品已折價 $180 含運,https://www.costco.com.tw/Health-Beauty/Supplements/Bone-Joint-Support/National-Vita-Gluco-Flex-2000-with-Turmeric-Liquid/p/998595,https://www.costco.com.tw/medias/sys_master/images/h57/hda/346620910960670.jpg,https://www.costco.com.tw/c/hot-buys?q=:relevance
2026-08-14,食品飲料,美珍香 休閒雞肉乾 400公克,$459,$569,$110,商品已折價$110 含運,https://www.costco.com.tw/Food-Dining/Snacks/Nuts-Jerky/Bee-Cheng-Hiang-Mini-EZ-Chicken-400-g/p/143002,https://www.costco.com.tw/medias/sys_master/images/hd1/hdf/202920794882078.jpg,https://www.costco.com.tw/c/hot-buys?q=:relevance
2026-08-14,保健美容,威德 蔓越莓錠 250錠,$449,$559,$110,商品已折價 $110 含運,https://www.costco.com.tw/Health-Beauty/Supplements/Supplements-Digestive-Support/Weider-Cranberry-Extract-With-Vitamin-C-250-Tablet/p/401408,https://www.costco.com.tw/medias/sys_master/images/h12/h72/381684957184030.jpg,https://www.costco.com.tw/c/hot-buys?q=:relevance
2026-08-14,其他,Schiff MegaRed 濃縮純淨藻油 Omega-3 軟膠囊(食品) 50顆,"$1,059","$1,319",$260,商品已折價 $260 含運,https://www.costco.com.tw/c/Schiff-MegaRed-Omega-3-Algae-Oil-50-Softgels/p/142926,https://www.costco.com.tw/medias/sys_master/images/hab/h03/384242530680862.jpg,https://www.costco.com.tw/c/hot-buys?q=:relevance
2026-08-14,家具家居,Gorilla 多功能組合置物架,"$2,999","$3,499",$500,商品已折價$500 含運,https://www.costco.com.tw/Furniture-Kitchen/Storage-Organization/Shelving/Gorilla-5-Tier-Step-Beam-Shelving-Rack/p/1600205,https://www.costco.com.tw/medias/sys_master/images/h40/h06/245391148220446.jpg,https://www.costco.com.tw/c/hot-buys?q=:relevance
2026-08-14,家電 3C,聲寶 16吋 機械式立扇 SK-GF16X,"$1,059","$1,359",$300,商品已折價$300 含運,https://www.costco.com.tw/Televisions-Appliances/Cooling-Heating-Air-Treatment/Heating-Cooling/SAMPO-16-inch-Mechanical-Fan-SK-GF16X/p/158738,https://www.costco.com.tw/medias/sys_master/images/h97/h2d/454769487413278.jpg,https://www.costco.com.tw/c/hot-buys?q=:relevance
2026-08-14,食品飲料,A&W 沙士汽水 325毫升 X 24入,$519,$629,$110,商品已折價$110 含運,https://www.costco.com.tw/Food-Dining/Drinks/Beverages-Juice/AW-Root-Beer-325-ml-X-24-Count/p/316384,https://www.costco.com.tw/medias/sys_master/images/h94/h25/380918094430238.jpg,https://www.costco.com.tw/c/hot-buys?q=:relevance
2026-08-14,食品飲料,亨氏 法式龍蝦濃湯 1公升 X 2入,$239,$399,$160,商品已折價$160 含運,https://www.costco.com.tw/Food-Dining/Groceries/Canned-Prepared-Food/Heinz-Lobster-Bisque-1-L-X-2-Pack/p/150603,https://www.costco.com.tw/medias/sys_master/images/hfb/hbf/325606304186398.jpg,https://www.costco.com.tw/c/hot-buys?q=:relevance
2026-08-14,食品飲料,Skittles 彩虹糖綜合歡樂箱 38公克 X 20包,$339,$429,$90,商品已折價$90 含運,https://www.costco.com.tw/Food-Dining/Snacks/Candies-Chocolates/Skittles-Mixed-Party-Box-38-g-X-20-Pack/p/915777,https://www.costco.com.tw/medias/sys_master/images/h0b/h94/397423321284638.jpg,https://www.costco.com.tw/c/hot-buys?q=:relevance
2026-08-14,食品飲料,中祥 啵啵脆酸奶洋蔥口味 45公克 X 16包,$279,$339,$60,商品已折價$60 含運,https://www.costco.com.tw/Food-Dining/Snacks/Cookies-Chips/Chung-Hsiang-Popillow-Sour-Cream-Onion-Flavor-45-g-X-16-Pack/p/160888,https://www.costco.com.tw/medias/sys_master/images/h79/hd4/469716771897374.jpg,https://www.costco.com.tw/c/hot-buys?q=:relevance
2026-08-14,其他,Mac Sports 全地形折疊拖車 附煞車輪,"$1,939","$2,399",$460,商品已折價$460 含運,https://www.costco.com.tw/Sports-Lifestyle/Camping-Outdoors/Tents-Camping-Gear/Mac-Sports-Folding-Wagon-with-Brakes/p/1872234,https://www.costco.com.tw/medias/sys_master/images/hdd/hbd/439234209284126.jpg,https://www.costco.com.tw/c/hot-buys?q=:relevance
2026-08-14,家具家居,CASA 天然乳膠Q彈舒眠枕 58公分 X 38公分 X 11公分,$855,"$1,079",$224,商品已折價$224 含運,https://www.costco.com.tw/Furniture-Kitchen/Bedding/Pillows-Comforters-Blankets/CASA-Natural-Latex-Pillow-58-cm-X-38-cm-X-11-cm/p/127813,https://www.costco.com.tw/medias/sys_master/images/h13/h7e/81353648078878.jpg,https://www.costco.com.tw/c/hot-buys?q=:relevance
2026-08-14,其他,Fanttik X200 Mix 無線四合一手持真空吸塵器,"$1,339","$1,659",$320,商品已折價$320 含運,https://www.costco.com.tw/Sports-Lifestyle/Automotive/Automotive/Fanttik-X200-Mix-4-in-1-Cordless-Car-Vacuum/p/1825869,https://www.costco.com.tw/medias/sys_master/images/hbf/h92/471216499589150.jpg,https://www.costco.com.tw/c/hot-buys?q=:relevance
2026-08-14,家具家居,Wells Lamont 乳膠工作手套 10雙,$319,$399,$80,商品已折價$80 含運,https://www.costco.com.tw/Furniture-Kitchen/Hardware-DIY/Home-Safety/Wells-Lamont-Latex-Gloves-10-Pair/p/1600320,https://www.costco.com.tw/medias/sys_master/images/h6d/h3e/67709016604702.jpg,https://www.costco.com.tw/c/hot-buys?q=:relevance
2026-08-14,其他,Soft99 超視野鍍膜雨刷精 2.6公升 X 2入,$249,$299,$50,商品已折價$50 含運,https://www.costco.com.tw/Sports-Lifestyle/Automotive/Automotive/Soft99-Hyperview-Coating-Windshield-Washer-Fluid-26-L-X-2-Pack/p/152963,https://www.costco.com.tw/medias/sys_master/images/h94/h7a/365330239062046.jpg,https://www.costco.com.tw/c/hot-buys?q=:relevance
2026-08-14,其他,3M Scotch 膠帶 6入組 (隱型 X 3 + 透明 X 3),$319,$399,$80,商品已折價$80 含運,https://www.costco.com.tw/Office-School/Office-Stationary/Tapes-Scissors/3M-Scotch-Tape-X-6-Pack-Magic-X-3-GiftWrap-Tape-X3/p/675749,https://www.costco.com.tw/medias/sys_master/images/h4f/h0c/261774611251230.jpg,https://www.costco.com.tw/c/hot-buys?q=:relevance
2026-08-14,服飾配件,Mizuno 男V領短袖上衣 2入組,$439,$549,$110,商品已折價$110 含運,https://www.costco.com.tw/Clothing-Accessories/Mens-Clothing/Mens-Tops/Mizuno-Mens-V-Neck-Tee-2-Pack/p/117880,https://www.costco.com.tw/medias/sys_master/images/h73/h2d/470130270928926.jpg,https://www.costco.com.tw/c/hot-buys?q=:relevance
2026-08-14,食品飲料,Green Nut 焦糖核桃 800公克,$429,$529,$100,商品已折價$100 含運,https://www.costco.com.tw/Food-Dining/Snacks/Nuts-Jerky/Green-Nut-Caramelized-Walnuts-800-g/p/669820,https://www.costco.com.tw/medias/sys_master/images/h91/h9b/312933472829470.jpg,https://www.costco.com.tw/c/hot-buys?q=:relevance
2026-08-14,食品飲料,Richy 瑞奇 富裕蔬菜餅 960公克,$269,$329,$60,商品已折價$60 含運,https://www.costco.com.tw/Food-Dining/Snacks/Cookies-Chips/Richy-Kenju-Vegetable-Thin-Cracker-960-g/p/151283,https://www.costco.com.tw/medias/sys_master/images/h28/h32/344500441415710.jpg,https://www.costco.com.tw/c/hot-buys?q=:relevance
2026-08-14,保健美容,ALLIE 持采UV高效防曬水凝乳EX 90公克 X 3入,"$1,265","$1,615",$350,商品已折價$350 含運,https://www.costco.com.tw/Health-Beauty/Beauty-Skin-Care/Sun-Care/ALLIE-Chrono-Beauty-Gel-UV-EX-90-g-X-3-Piece/p/138849,https://www.costco.com.tw/medias/sys_master/images/hf6/h3a/137143937105950.jpg,https://www.costco.com.tw/c/hot-buys?q=:relevance
2026-08-14,家具家居,Bayside 八格抽屜儲物櫃 白色,"$3,999","$5,199","$1,200","商品已折價$1,200 含運",https://www.costco.com.tw/Furniture-Kitchen/Furniture/Cabinets-Tables/Bayside-Room-Divider-White/p/1862101,https://www.costco.com.tw/medias/sys_master/images/hd2/h6a/487711148834846.jpg,https://www.costco.com.tw/c/hot-buys?q=:relevance
2026-08-14,家具家居,Purely Indulgent 印度純棉浴巾 76公分 X 147公分 藍色,$199,$259,$60,商品已折價$60 含運,https://www.costco.com.tw/Furniture-Kitchen/Bedding/Towels/Purely-Indulgent-100-Hygro-Cotton-Bath-Towel-76-cm-X-147-cm-Blue/p/1851161,https://www.costco.com.tw/medias/sys_master/images/hc3/h26/351316167229470.jpg,https://www.costco.com.tw/c/hot-buys?q=:relevance
2026-08-14,家具家居,USii 防霾 PM 2.5 高強級靜電紗網,"$1,359","$1,699",$340,商品已折價$340 含運,https://www.costco.com.tw/Furniture-Kitchen/Hardware-DIY/Hardware-Ladders/Usii-Anti-Haze-PM-25-Filter-Windows-Screen-Mesh/p/150694,https://www.costco.com.tw/medias/sys_master/images/h99/hce/310637996277790.jpg,https://www.costco.com.tw/c/hot-buys?q=:relevance
2026-08-14,日用品／母嬰／玩具,Disney 玩具總動員5 拼圖 X 20入 / 3歲以上,$569,$729,$160,商品已折價$160 含運,https://www.costco.com.tw/Household-Baby-Toys/Toys/Board-Games-Puzzles/Disney-Toy-Story-5-Puzzle-X-20-Pack-Ages-3-and-Up/p/8526947,https://www.costco.com.tw/medias/sys_master/images/h17/h29/466559018631198.jpg,https://www.costco.com.tw/c/hot-buys?q=:relevance
2026-08-14,其他,宮崎駿動畫故事繪本：龍貓,$289,$329,$40,商品已折價$40 含運,https://www.costco.com.tw/Office-School/Books/Young-Adult-Books/My-Neighbor-Totoro/p/126214,https://www.costco.com.tw/medias/sys_master/images/hed/h6f/67200416743454.jpg,https://www.costco.com.tw/c/hot-buys?q=:relevance
2026-08-14,家具家居,丹普 時尚枕 50公分 X 31公分 X 5-10公分,"$2,479","$3,099",$620,商品已折價$620 含運,https://www.costco.com.tw/Furniture-Kitchen/Bedding/Pillows-Comforters-Blankets/Tempur-One-Pillow-50-cm-X-31-cm-X-5-10-cm/p/159991,https://www.costco.com.tw/medias/sys_master/images/hc3/hac/448868480417822.jpg,https://www.costco.com.tw/c/hot-buys?q=:relevance
2026-08-14,家具家居,幻知曲 親水舒眠人體工學枕 65公分 X 34公分 X 7公分 / 11公分,$799,$999,$200,商品已折價$200 含運,https://www.costco.com.tw/Furniture-Kitchen/Bedding/Pillows-Comforters-Blankets/Reverie-Ergonomics-Foam-Pillow-65-cm-X-34-cm-X-7-cm-11-cm/p/144545,https://www.costco.com.tw/medias/sys_master/images/hcd/hc1/226391757684766.jpg,https://www.costco.com.tw/c/hot-buys?q=:relevance
2026-08-14,家電 3C,艾美特 DC 遙控大廈扇 FT89R,"$2,389","$2,999",$610,商品已折價$610 含運,https://www.costco.com.tw/Televisions-Appliances/Cooling-Heating-Air-Treatment/Heating-Cooling/Airmate-DC-Remote-Control-Tower-Fan-FT89R/p/150625,https://www.costco.com.tw/medias/sys_master/images/h07/hdc/361109992177694.jpg,https://www.costco.com.tw/c/hot-buys?q=:relevance
2026-08-14,保健美容,Yakult 消化蔬果粉 8.2公克 X 60包,$904,"$1,129",$225,商品已折價 $225 含運,https://www.costco.com.tw/Health-Beauty/Supplements/Supplements-Digestive-Support/Yakult-Vegetables-Fruits-Smoothie-82-g-X-60-Sachet/p/567877,https://www.costco.com.tw/medias/sys_master/images/h12/h2f/364290099216414.jpg,https://www.costco.com.tw/c/hot-buys?q=:relevance
2026-08-14,其他,陶瓷花盆 2件組 附竹製盆架,$569,$969,$400,商品已折價$400 含運,https://www.costco.com.tw/Sports-Lifestyle/Garden-Lifestyle/Lawn-Garden/Ceramic-Planter-2-Piece-Set-with-Bamboo-Stand/p/1934304,https://www.costco.com.tw/medias/sys_master/images/h51/h1a/436453748736030.jpg,https://www.costco.com.tw/c/hot-buys?q=:relevance
2026-08-14,家具家居,Feit 7.5W LED 燈泡 5入,$319,$399,$80,商品已折價$80 含運,https://www.costco.com.tw/Furniture-Kitchen/Hardware-DIY/Lighting-Light-Bulbs/Feit-75W-LED-Light-Bulb-5-Count/p/142186,https://www.costco.com.tw/medias/sys_master/images/h72/h52/298052155146270.jpg,https://www.costco.com.tw/c/hot-buys?q=:relevance
2026-08-14,家具家居,Purely Indulgent 印度純棉浴巾 76公分 X 147公分 卡其色,$199,$259,$60,商品已折價$60 含運,https://www.costco.com.tw/Furniture-Kitchen/Bedding/Towels/Purely-Indulgent-100-Hygro-Cotton-Bath-Towel-76-cm-X-147-cm-Tan/p/1851162,https://www.costco.com.tw/medias/sys_master/images/hc5/hfa/351316164214814.jpg,https://www.costco.com.tw/c/hot-buys?q=:relevance
2026-08-14,家具家居,Purely Indulgent 印度純棉浴巾 76公分 X 147公分 灰色,$199,$259,$60,商品已折價$60 含運,https://www.costco.com.tw/Furniture-Kitchen/Bedding/Towels/Purely-Indulgent-100-Hygro-Cotton-Bath-Towel-76-cm-X-147-cm-Grey/p/1855703,https://www.costco.com.tw/medias/sys_master/images/h65/h95/351316526137374.jpg,https://www.costco.com.tw/c/hot-buys?q=:relevance
2026-08-14,其他,神隱少女故事書,$299,$349,$50,商品已折價$50 含運,https://www.costco.com.tw/Office-School/Books/Young-Adult-Books/Spirited-Away-Story-Book/p/126169,https://www.costco.com.tw/medias/sys_master/images/hfc/ha3/67200417103902.jpg,https://www.costco.com.tw/c/hot-buys?q=:relevance
2026-08-14,家電 3C,Razestore 360度旋轉手機平板支架組,$449,$549,$100,商品已折價$100 含運,https://www.costco.com.tw/Digital-Mobile/Mobile-Tablets/Mobile-Tablets-Accessories/Razestore-360-Degree-Rotation-Phone-Pad-Stand-Combo/p/8516799,https://www.costco.com.tw/medias/sys_master/images/h9f/hae/192681033990174.jpg,https://www.costco.com.tw/c/hot-buys?q=:relevance
2026-08-14,家電 3C,TCL 85吋 4K QLED Google TV 量子智能液晶顯示器 不含視訊盒 85P8K,"$39,999","$49,999","$10,000","商品已折價$10,000 含運",https://www.costco.com.tw/Televisions-Appliances/TV-Home-Entertainment/Televisions-TV-Accessories/80-Above-TVs/TCL-85-inch-4K-QLED-Google-TV-Smart-Monitor-without-Set-Top-Box-85P8K/p/153554,https://www.costco.com.tw/medias/sys_master/images/h1c/hb1/438072214913054.jpg,https://www.costco.com.tw/c/hot-buys?q=:relevance
2026-08-14,食品飲料,金博家 貓山王海鹽榴槤冰淇淋 473毫升 X 2入,$589,$729,$140,商品已折價$140 含運,https://www.costco.com.tw/Food-Dining/Frozen-Fresh-Food/Frozen-Desserts-Ice-Cream/Jinbo-Musang-King-Sea-Salt-Durian-Ice-Cream-473-ml-X-2-Count/p/144661,https://www.costco.com.tw/medias/sys_master/images/hbb/h03/221227230199838.jpg,https://www.costco.com.tw/c/hot-buys?q=:relevance
2026-08-14,服飾配件,Licensed 女童短袖休閒服四件套組 酷洛米,$395,$495,$100,商品已折價$100 含運,https://www.costco.com.tw/Clothing-Accessories/Kids-Clothing/Kids-Socks-Underwear/Licensed-Girls-Short-Sleeve-Playwear-4-Piece-Set-Kuromi/p/87241-B,https://www.costco.com.tw/medias/sys_master/images/he8/h3d/329177432096798.jpg,https://www.costco.com.tw/c/hot-buys?q=:relevance
2026-08-14,保健美容,潘婷 PRO-V 高濃保濕髮膜 密集修護型 發財款 12毫升 X 42顆,$765,"$1,065",$300,商品已折價$300 含運,https://www.costco.com.tw/Health-Beauty/Personal-Care/Shampoo-Conditioner/Pantene-Pro-V-Intensive-Shot-Nourishing-Mask-12-ml-X-42-Count/p/1150756,https://www.costco.com.tw/medias/sys_master/images/ha4/h4c/403085408993310.jpg,https://www.costco.com.tw/c/hot-buys?q=:relevance
2026-08-14,家具家居,CASA 經典優質三角靠墊 60公分 X 50公分 X 30公分,$499,$639,$140,商品已折價$140 含運,https://www.costco.com.tw/Furniture-Kitchen/Bedding/Throw-Pillows-Cushions/CASA-Wedge-Cushion-60-cm-X-50-cm-X-30-cm/p/125656-B,https://www.costco.com.tw/medias/sys_master/images/hfd/h37/17394158469150.jpg,https://www.costco.com.tw/c/hot-buys?q=:relevance
2026-08-14,家具家居,CASA 雙人四季透氣乳膠床墊 152公分 X 190公分 X 5公分,"$3,839","$4,799",$960,商品已折價$960 含運,https://www.costco.com.tw/Furniture-Kitchen/Bedding/Mattress-Toppers/CASA-Full-Latex-Mattress-Topper-152-cm-X-190-cm-X-5-cm/p/114562,https://www.costco.com.tw/medias/sys_master/images/h40/he7/15712098746398.jpg,https://www.costco.com.tw/c/hot-buys?q=:relevance
2026-08-14,其他,進口洋蔥 10公斤,$460,$559,$99,商品已折價$99 含運,https://www.costco.com.tw/Business-Delivery/Food-Beverages-Pet-Supplies/Chilled-Food/Import-Onion-10-kg/p/85744,https://www.costco.com.tw/medias/sys_master/images/h75/h5b/168536181178398.jpg,https://www.costco.com.tw/c/hot-buys?q=:relevance
2026-08-14,家具家居,幻知曲 涼感舒眠枕 66公分 X 38公分 X 11公分,$785,$985,$200,商品已折價$200 含運,https://www.costco.com.tw/Furniture-Kitchen/Bedding/Pillows-Comforters-Blankets/Reverie-Cooling-Pillow-66-cm-X-38-cm-X-11-cm/p/156890,https://www.costco.com.tw/medias/sys_master/images/ha6/h87/418530686533662.jpg,https://www.costco.com.tw/c/hot-buys?q=:relevance
2026-08-14,其他,小鹿山丘 有機精油長效雙效抗菌防蚊組 120公克 X 2入 + 20公克 X 2入,$639,$799,$160,商品已折價$160 含運,https://www.costco.com.tw/Sports-Lifestyle/Camping-Outdoors/Pest-Control/Deer-Hills-Long-Lasting-Mosquito-Repellent-Antibacterial-Dual-Effect-Spray-120-g-X-2-Pack-20-g-X-2-Pack/p/156954,https://www.costco.com.tw/medias/sys_master/images/h06/h1d/433249381777438.jpg,https://www.costco.com.tw/c/hot-buys?q=:relevance
2026-08-14,家具家居,Caliphil 單人素色床包 3件組 105公分 X 186公分 X 25公分,$799,$999,$200,商品已折價$200 含運,https://www.costco.com.tw/Furniture-Kitchen/Bedding/Sheets-Pillowcases/Caliphil-Sheet-Set-3-Piece-105-cm-X-186-cm-X-25-cm/p/108446-B,https://www.costco.com.tw/medias/sys_master/products/hd4/hc1/8824222416926.jpg,https://www.costco.com.tw/c/hot-buys?q=:relevance
2026-08-14,日用品／母嬰／玩具,Zuru X-Shot 全電動高速水槍 2入組 / 8歲以上,$695,$869,$174,商品已折價$174 含運,https://www.costco.com.tw/Household-Baby-Toys/Toys/Outdoor-Play/Zuru-X-Shot-Motor-Soakers-2-Pack-Set-Ages-8-and-up/p/1851471,https://www.costco.com.tw/medias/sys_master/images/h63/h62/486580374896670.jpg,https://www.costco.com.tw/c/hot-buys?q=:relevance
2026-08-14,服飾配件,GAP 男彈性舒適休閒短褲,"$2,499",,,,https://www.costco.com.tw/Clothing-Accessories/Mens-Clothing/Mens-Bottoms/GAP-Mens-Stretch-Casual-Pull-On-Short/p/1983365,https://www.costco.com.tw/medias/sys_master/images/h26/h90/472952482267166.jpg,https://www.costco.com.tw/c/hot-buys?q=:relevance
2026-08-14,保健美容,肌研 H.A. Supreme 極致保濕精華 30毫升 X 2入,$779,$979,$200,商品已折價$200 含運,https://www.costco.com.tw/Health-Beauty/Beauty-Skin-Care/Skin-Care/Hada-Labo-HA-Supreme-Hydrating-Essence-30-ml-X-2-Pack/p/158790,https://www.costco.com.tw/medias/sys_master/images/h32/had/433249555382302.jpg,https://www.costco.com.tw/c/hot-buys?q=:relevance
2026-08-14,其他,真希望基礎物理這樣教 + 真希望基礎化學這樣教 暢銷修訂版 (共二冊),$719,$819,$100,商品已折價$100 含運,https://www.costco.com.tw/Office-School/Books/Natural-Science-Books/Visual-Learning-Physics-An-illustrated-guide-for-all-ages-Visual-Learning-Chemistry-An-illustrated-guide-for-all-ages-2-Books/p/149372,https://www.costco.com.tw/medias/sys_master/images/hb8/he1/292506501414942.jpg,https://www.costco.com.tw/c/hot-buys?q=:relevance
2026-08-14,服飾配件,Pekkle 兒童圓領短袖上衣四件組,$399,$549,$150,商品已折價$150 含運,https://www.costco.com.tw/Clothing-Accessories/Kids-Clothing/Kids-Clothing-Sets-Accessories/Pekkle-Kids-Crew-Neck-Short-Sleeve-Top-4-Pack-Set/p/1664090,https://www.costco.com.tw/medias/sys_master/images/h99/hd3/455933969891358.jpg,https://www.costco.com.tw/c/hot-buys?q=:relevance
2026-08-14,食品飲料,味好美 大蒜香草調味料 520公克,$319,$439,$120,商品已折價$120 含運,https://www.costco.com.tw/Food-Dining/Groceries/Cooking-Oil-Sauces/McCormick-Garlic-Herb-Seasoning-520-g/p/150604,https://www.costco.com.tw/medias/sys_master/images/he3/h4e/332442428997662.jpg,https://www.costco.com.tw/c/hot-buys?q=:relevance
2026-08-14,其他,魔女宅急便故事書,$289,$329,$40,商品已折價$40 含運,https://www.costco.com.tw/Office-School/Books/Young-Adult-Books/Kikis-Delivery-Service/p/79880,https://www.costco.com.tw/medias/sys_master/images/h05/ha6/67200564756510.jpg,https://www.costco.com.tw/c/hot-buys?q=:relevance
2026-08-14,其他,崖上的波妞 全彩故事書,$299,$349,$50,商品已折價$50 含運,https://www.costco.com.tw/Office-School/Books/Young-Adult-Books/The-Cat-Returns/p/74203,https://www.costco.com.tw/medias/sys_master/images/h44/hce/67200564133918.jpg,https://www.costco.com.tw/c/hot-buys?q=:relevance
2026-08-14,服飾配件,Tommy Hilfiger 女踝襪 5入組,$469,$589,$120,商品已折價$120 含運,https://www.costco.com.tw/Clothing-Accessories/Womens-Clothing/Womens-Socks-Intimates/Tommy-Hilfiger-Ladies-Low-Cut-Socks-5-Pack/p/157487,https://www.costco.com.tw/medias/sys_master/images/h24/h90/454769474109470.jpg,https://www.costco.com.tw/c/hot-buys?q=:relevance
2026-08-14,其他,KASACA 無邊框碳纖維匹克球拍套組,"$1,749","$2,189",$440,商品已折價$440 含運,https://www.costco.com.tw/Sports-Lifestyle/Sports-Fitness/Team-Sports/KASACA-Edgeless-Carbon-Fiber-Pickleball-Paddle-Set/p/156966,https://www.costco.com.tw/medias/sys_master/images/h79/h9e/403520064815134.jpg,https://www.costco.com.tw/c/hot-buys?q=:relevance
2026-08-14,家電 3C,BOSCH 45公分 獨立式洗碗機 SPS2IKW00X,"$21,598","$25,599","$4,001","商品已折價$4,001 含運",https://www.costco.com.tw/Televisions-Appliances/Kitchen-Appliances/Dishwashers-Dish-Dryers/BOSCH-45-cm-Freestanding-Dishwasher-SPS2IKW00X/p/131781,https://www.costco.com.tw/medias/sys_master/images/hea/hd2/66317146587166.jpg,https://www.costco.com.tw/c/hot-buys?q=:relevance
2026-08-14,其他,Titan 保冰袋摺疊推車,"$1,239","$1,549",$310,商品已折價$310 含運,https://www.costco.com.tw/Sports-Lifestyle/Camping-Outdoors/Coolers/Titan-60-Can-Rolling-Cooler/p/2622035,https://www.costco.com.tw/medias/sys_master/images/h13/h9b/487711264243742.jpg,https://www.costco.com.tw/c/hot-buys?q=:relevance
2026-08-14,保健美容,施華蔻 GLISS 4效咖啡因護髮膜 400毫升 X 2入,$499,$629,$130,商品已折價$130 含運,https://www.costco.com.tw/Health-Beauty/Personal-Care/Shampoo-Conditioner/Schwarzkopf-GLISS-4-IN-1-Bond-Building-Hair-Mask-400-ml-X-2-Count/p/153318,https://www.costco.com.tw/medias/sys_master/images/hf7/h01/398741418868766.jpg,https://www.costco.com.tw/c/hot-buys?q=:relevance
2026-08-14,其他,SODE 成人泳鏡 3入組,$359,$459,$100,商品已折價$100 含運,https://www.costco.com.tw/Sports-Lifestyle/Sports-Fitness/Water-Sports/SODE-Adult-Goggles-3-Pack-Set/p/8524759,https://www.costco.com.tw/medias/sys_master/images/he2/h81/455116980191262.jpg,https://www.costco.com.tw/c/hot-buys?q=:relevance
2026-08-14,服飾配件,Oh Sunny 女戶外休閒雙面遮陽帽,$489,$639,$150,商品已折價$150 含運,https://www.costco.com.tw/Clothing-Accessories/Womens-Clothing/Accessories/Oh-Sunny-Ladies-Reversible-Sunscreen-Hat/p/8522876,https://www.costco.com.tw/medias/sys_master/images/hc5/hbf/437687805116446.jpg,https://www.costco.com.tw/c/hot-buys?q=:relevance
2026-08-14,家具家居,Trinity 六層置物架附滾輪,"$3,039","$3,799",$760,商品已折價$760 含運,https://www.costco.com.tw/Furniture-Kitchen/Storage-Organization/Shelving/Trinity-6-Tier-NSF-Rack-With-Wheels/p/1900509,https://www.costco.com.tw/medias/sys_master/images/h96/h6e/15712123715614.jpg,https://www.costco.com.tw/c/hot-buys?q=:relevance
2026-08-14,家具家居,Backbone Nook desk 兒童成長調節桌 奶油色,"$1,899","$2,399",$500,商品已折價$500 含運,https://www.costco.com.tw/Furniture-Kitchen/Furniture/Computer-Desk-Chair-Sets/Backbone-Nook-desk-Kids-Adjustable-Desk-Cream/p/152653,https://www.costco.com.tw/medias/sys_master/images/h32/h68/364686848196638.jpg,https://www.costco.com.tw/c/hot-buys?q=:relevance
2026-08-14,家具家居,幻知曲 親水舒眠枕 62公分 X 40公分 X 12公分,$789,$999,$210,商品已折價$210 含運,https://www.costco.com.tw/Furniture-Kitchen/Bedding/Pillows-Comforters-Blankets/Reverie-Hydrophilic-Foam-Pillow-62-cm-X-40-cm-X-12-cm/p/143754,https://www.costco.com.tw/medias/sys_master/images/hd6/h06/223676583444510.jpg,https://www.costco.com.tw/c/hot-buys?q=:relevance
2026-08-14,家具家居,幻知曲 雙人特大天然舒柔防水保潔墊 3件組 183公分 X 212公分 X 38公分,"$1,039","$1,299",$260,商品已折價$260 含運,https://www.costco.com.tw/Furniture-Kitchen/Bedding/Mattress-Toppers/Reverie-Modal-Mattress-Protector-3-Piece-Set-183-cm-X-212-cm-X-38-cm/p/114501,https://www.costco.com.tw/medias/sys_master/images/hbd/h20/47771977678878.jpg,https://www.costco.com.tw/c/hot-buys?q=:relevance
2026-08-14,服飾配件,Pekkle 兒童短褲四件組,$399,$549,$150,商品已折價$150 含運,https://www.costco.com.tw/Clothing-Accessories/Kids-Clothing/Kids-Clothing-Sets-Accessories/Pekkle-Kids-Short-4-Pack-Set/p/1664092,https://www.costco.com.tw/medias/sys_master/images/h46/hb0/455933985325086.jpg,https://www.costco.com.tw/c/hot-buys?q=:relevance
2026-08-14,家電 3C,夏普 13公斤/8公斤滾筒洗脫烘衣機 ES-FD13BT,"$20,479","$25,599","$5,120","商品已折價$5,120 含運",https://www.costco.com.tw/Televisions-Appliances/Large-Appliances/Washers-Dryers/Washer-Size-10-15-kg/SHARP-13-kg8-kg-Front-Load-Washer-and-Dryer-Combo-ES-FD13BT/p/155140,https://www.costco.com.tw/medias/sys_master/images/h71/h14/420197074370590.jpg,https://www.costco.com.tw/c/hot-buys?q=:relevance
2026-08-14,其他,成語有意思套書：看漫畫成語故事，700+國小常用成語全掌握,$799,$899,$100,商品已折價$100 含運,https://www.costco.com.tw/Office-School/Books/Kids-Books/Chinese-Idiom-Stories-So-Much-Fun-Learning-Chinese-Idioms-by-Reading-Comics-Master-All-700-Commonly-Used-Idioms-in-Elementary-School/p/144807,https://www.costco.com.tw/medias/sys_master/images/hfe/ha6/221227230855198.jpg,https://www.costco.com.tw/c/hot-buys?q=:relevance
2026-08-14,服飾配件,Freeworld 男人字夾腳拖鞋,$549,$689,$140,商品已折價$140 含運,https://www.costco.com.tw/Clothing-Accessories/Shoes/Mens-Shoes/Freeworld-Mens-Flip-Flops/p/1660944,https://www.costco.com.tw/medias/sys_master/images/hfd/h42/438876238774302.jpg,https://www.costco.com.tw/c/hot-buys?q=:relevance
2026-08-14,家具家居,Boutique Living 400織萊賽爾床包 6件組 雙人尺寸,"$1,759","$2,199",$440,商品已折價$440 含運,https://www.costco.com.tw/Furniture-Kitchen/Bedding/Sheets-Pillowcases/Boutique-Living-400-Thread-Count-Tencel-Ice-Cooling-6-Piece-Duvet-Set-Queen/p/150460,https://www.costco.com.tw/medias/sys_master/images/hd0/h4d/471660175360030.jpg,https://www.costco.com.tw/c/hot-buys?q=:relevance
2026-08-14,家具家居,Gilman Creek 牛皮電動沙發,"$23,999","$29,999","$6,000","商品已折價$6,000 含運",https://www.costco.com.tw/Furniture-Kitchen/Furniture/Sofas-Sectionals/Gilman-Creek-Leather-Power-Sofa/p/1783024,https://www.costco.com.tw/medias/sys_master/images/h04/h54/379898320551966.jpg,https://www.costco.com.tw/c/hot-buys?q=:relevance
2026-08-14,其他,真希望基礎生物這樣教 + 真希望基礎人體這樣教 暢銷修訂版 (共二冊),$719,$819,$100,商品已折價$100 含運,https://www.costco.com.tw/Office-School/Books/Natural-Science-Books/Visual-Learning-Biology-An-illustrated-guide-for-all-ages-Visual-Learning-Human-Anatomy-An-illustrated-guide-for-all-ages-2-Books/p/149371,https://www.costco.com.tw/medias/sys_master/images/hf9/h65/292506490339358.jpg,https://www.costco.com.tw/c/hot-buys?q=:relevance
2026-08-14,家電 3C,艾美特 9吋DC直流馬達空氣循環扇 FB2393DR,"$3,029","$3,799",$770,商品已折價$770 含運,https://www.costco.com.tw/Televisions-Appliances/Cooling-Heating-Air-Treatment/Heating-Cooling/Airmate-9-inch-DC-Inverter-Air-Circulator-FB2393DR/p/149328,https://www.costco.com.tw/medias/sys_master/images/h90/h0d/333377583120414.jpg,https://www.costco.com.tw/c/hot-buys?q=:relevance
2026-08-14,家具家居,La Belle 素色涼感被 150公分 X 200公分 抹茶,$999,"$1,259",$260,商品已折價$260 含運,https://www.costco.com.tw/Furniture-Kitchen/Bedding/Pillows-Comforters-Blankets/La-Belle-ICE-Cool-Quilt-150-cm-X-200-cm-Green/p/358611,https://www.costco.com.tw/medias/sys_master/images/h61/had/433626148208670.jpg,https://www.costco.com.tw/c/hot-buys?q=:relevance
2026-08-14,家具家居,Gilman Creek 牛皮電動躺椅,"$10,999","$13,999","$3,000","商品已折價$3,000 含運",https://www.costco.com.tw/Furniture-Kitchen/Furniture/Sofas-Sectionals/Gilman-Creek-Leather-Power-Recliner/p/1646063,https://www.costco.com.tw/medias/sys_master/images/hab/he2/401756115107870.jpg,https://www.costco.com.tw/c/hot-buys?q=:relevance
2026-08-14,其他,用手指點一點會說話有聲書 Hello Kitty 唱英文兒歌,$399,$499,$100,商品已折價$100 含運,https://www.costco.com.tw/Office-School/Books/Kids-Books/Point-and-Speak-Sound-Book-Hello-Kitty-Sings-English-Nursery-Rhymes/p/162948,https://www.costco.com.tw/medias/sys_master/images/hdc/h4d/490481101045790.jpg,https://www.costco.com.tw/c/hot-buys?q=:relevance
2026-08-14,家具家居,HOTO 三合一露營燈,$719,$899,$180,商品已折價$180 含運,https://www.costco.com.tw/Furniture-Kitchen/Hardware-DIY/Lighting-Light-Bulbs/HOTO-3-in-1-Camping-Light/p/159269,https://www.costco.com.tw/medias/sys_master/images/h6c/h27/454001775476766.jpg,https://www.costco.com.tw/c/hot-buys?q=:relevance
2026-08-14,服飾配件,Samsonite Allston LTD 22吋 + 29吋 行李箱兩件組,"$4,829","$6,029","$1,200","商品已折價$1,200 含運",https://www.costco.com.tw/Clothing-Accessories/Luggage-Backpacks/Luggage/Samsonite-Allston-LTD-22-inch-29-inch-Luggage-2-Piece-Set/p/154097,https://www.costco.com.tw/medias/sys_master/images/h8d/h0f/467458388492318.jpg,https://www.costco.com.tw/c/hot-buys?q=:relevance
2026-08-14,食品飲料,大田海洋 鱈魚杏仁脆片 120公克 X 4入,$269,$329,$60,商品已折價$60 含運,https://www.costco.com.tw/Food-Dining/Snacks/Cookies-Chips/Dah-Tien-Crispy-Fish-Snack-with-Almond-120-g-X-4-Pack/p/128533,https://www.costco.com.tw/medias/sys_master/images/h8b/h9d/255946125344798.jpg,https://www.costco.com.tw/c/hot-buys?q=:relevance
2026-08-14,保健美容,露得清 柔軟潔面巾組 卸妝棉 25張 X 4入 & 玻尿酸保濕棉 25張 X 1入,$613,$769,$156,商品已折價$156 含運,https://www.costco.com.tw/Health-Beauty/Beauty-Skin-Care/Skin-Care/Neutrogena-Ultra-Soft-Cleansing-Towelettes-Set-Makeup-Remover-25-Count-X-4-Pack-Hydro-Boost-with-Hyaluronic-Acid-Towelettes-25-Count-X-1-Pack/p/1806649,https://www.costco.com.tw/medias/sys_master/images/hbd/h40/382511728623646.jpg,https://www.costco.com.tw/c/hot-buys?q=:relevance
2026-08-14,家具家居,Boutique Living 400織萊賽爾床包 6件組 雙人加大尺寸,"$1,919","$2,399",$480,商品已折價$480 含運,https://www.costco.com.tw/Furniture-Kitchen/Bedding/Sheets-Pillowcases/Boutique-Living-400-Thread-Count-Tencel-Ice-Cooling-6-Piece-Duvet-Set-King/p/150461,https://www.costco.com.tw/medias/sys_master/images/h45/h77/471660179423262.jpg,https://www.costco.com.tw/c/hot-buys?q=:relevance
2026-08-14,服飾配件,RVCA 男Logo短袖運動上衣,$349,$439,$90,商品已折價$90 含運,https://www.costco.com.tw/Clothing-Accessories/Mens-Clothing/Mens-Tops/RVCA-Mens-Active-Short-Sleeve-Logo-Tee/p/1989741,https://www.costco.com.tw/medias/sys_master/images/hf7/h85/470130563743774.jpg,https://www.costco.com.tw/c/hot-buys?q=:relevance
2026-08-14,服飾配件,Licensed 男童短袖休閒服四件套組 Tomica,$395,$495,$100,商品已折價$100 含運,https://www.costco.com.tw/Clothing-Accessories/Kids-Clothing/Kids-Socks-Underwear/Licensed-Boys-Short-Sleeve-Playwear-4-Piece-Set-Tomica/p/87235-B,https://www.costco.com.tw/medias/sys_master/images/h3b/h23/329177427968030.jpg,https://www.costco.com.tw/c/hot-buys?q=:relevance
2026-08-14,家具家居,La Belle 素色涼感被 150公分 X 200公分 水藍,$999,"$1,259",$260,商品已折價$260 含運,https://www.costco.com.tw/Furniture-Kitchen/Bedding/Pillows-Comforters-Blankets/La-Belle-ICE-Cool-Quilt-150-cm-X-200-cm-Blue/p/258611,https://www.costco.com.tw/medias/sys_master/images/h29/h68/433626147586078.jpg,https://www.costco.com.tw/c/hot-buys?q=:relevance
2026-08-14,家具家居,Lustroware 冷水壺 2.2公升 X 2件組,$519,$649,$130,商品已折價$130 含運,https://www.costco.com.tw/Furniture-Kitchen/Kitchen-Dining/Coffee-Accessories-Drinkware/Lustroware-Pitcher-22-L-X-2-Piece-Set/p/149213,https://www.costco.com.tw/medias/sys_master/images/hfa/hcb/311441770086430.jpg,https://www.costco.com.tw/c/hot-buys?q=:relevance
2026-08-14,家具家居,Korhani Studio 條紋地墊 60公分 X 90公分 X 0.7公分,$355,$445,$90,商品已折價$90 含運,https://www.costco.com.tw/Furniture-Kitchen/Bedding/Rugs-Mats/Korhani-Studio-Scraper-Loop-Mat-60-cm-X-90-cm-X-07-cm/p/1997002,https://www.costco.com.tw/medias/sys_master/images/hcb/hd8/436453805293598.jpg,https://www.costco.com.tw/c/hot-buys?q=:relevance
2026-08-14,其他,Duro 32吋木炭烤肉爐,"$8,699","$10,899","$2,200","商品已折價$2,200 含運",https://www.costco.com.tw/Sports-Lifestyle/Camping-Outdoors/Camp-Kitchen-Cooking-Gear/Duro-32-inch-Charcoal-Grill/p/1807116,https://www.costco.com.tw/medias/sys_master/images/h62/ha1/346355960578078.jpg,https://www.costco.com.tw/c/hot-buys?q=:relevance
2026-08-14,其他,INTEX Jump-O-Lene 城堡彈跳池,"$1,389","$1,739",$350,商品已折價$350 含運,https://www.costco.com.tw/Lawn-Garden/Patio-Furniture/Outdoor-Patio-Furniture/INTEX-Jump-O-Lene-Castle-Bouncer/p/158245,https://www.costco.com.tw/medias/sys_master/images/h21/hea/436453395824670.jpg,https://www.costco.com.tw/c/hot-buys?q=:relevance
2026-08-14,家電 3C,MSI 31.5吋平面電競螢幕 MAG 325QF E18V,"$5,029","$5,899",$870,商品已折價$870 含運,https://www.costco.com.tw/Digital-Mobile/Laptops-Computers/Monitors/MSI-315-inch-Gaming-Flat-Monitor-MAG-325QF-E18V/p/157672,https://www.costco.com.tw/medias/sys_master/images/h52/hff/413421489127454.jpg,https://www.costco.com.tw/c/hot-buys?q=:relevance
2026-08-14,服飾配件,Le Coq Sportif 男短袖純棉上衣,"$1,999",,,,https://www.costco.com.tw/Clothing-Accessories/Mens-Clothing/Mens-Tops/Le-Coq-Sportif-Mens-Short-Sleeve-Cotton-Tee/p/240942,https://www.costco.com.tw/medias/sys_master/images/ha7/hc8/455934093852702.jpg,https://www.costco.com.tw/c/hot-buys?q=:relevance
2026-08-14,服飾配件,Tailor Vintage 男長褲,$449,$649,$200,商品已折價$200 含運,https://www.costco.com.tw/Clothing-Accessories/Mens-Clothing/Mens-Bottoms/Tailor-Vintage-Mens-Ewaist-Surplus-Pant/p/1956433,https://www.costco.com.tw/medias/sys_master/images/h48/h0c/438876310011934.jpg,https://www.costco.com.tw/c/hot-buys?q=:relevance
2026-08-14,服飾配件,SOUP 韓版女丹寧短褲,$519,$649,$130,商品已折價$130 含運,https://www.costco.com.tw/Clothing-Accessories/Womens-Clothing/Womens-Bottoms-Dresses/SOUP-Ladies-Denim-Short/p/1956392,https://www.costco.com.tw/medias/sys_master/images/h36/hb6/454001923391518.jpg,https://www.costco.com.tw/c/hot-buys?q=:relevance
2026-08-14,家具家居,Simon Li 牛皮電動三人座沙發,"$23,999","$29,999","$6,000","商品已折價$6,000 含運",https://www.costco.com.tw/Furniture-Kitchen/Furniture/Sofas-Sectionals/Simon-Li-Leather-Power-3-Seater-Reclining-Sofa/p/1783051,https://www.costco.com.tw/medias/sys_master/images/h72/h9f/242857823272990.jpg,https://www.costco.com.tw/c/hot-buys?q=:relevance
2026-08-14,家具家居,True Innovations 電競椅 黑白,"$3,199","$4,099",$900,商品已折價$900 含運,https://www.costco.com.tw/Furniture-Kitchen/Furniture/Computer-Desk-Chair-Sets/True-Innovations-Gaming-Chair-Black-White/p/1752583,https://www.costco.com.tw/medias/sys_master/images/h0a/h35/206972256288798.jpg,https://www.costco.com.tw/c/hot-buys?q=:relevance
2026-08-14,其他,Mizuno Rb Max 高爾夫三層球 24顆,"$1,159","$1,449",$290,商品已折價$290 含運,https://www.costco.com.tw/Sports-Lifestyle/Sports-Fitness/Team-Sports/Mizuno-Rb-Max-3-Piece-Golf-Ball-24-Count/p/151179,https://www.costco.com.tw/medias/sys_master/images/haa/h9c/414650589413406.jpg,https://www.costco.com.tw/c/hot-buys?q=:relevance
2026-08-14,家具家居,La Belle 素色涼感被 150公分 X 200公分 杏色,$999,"$1,259",$260,商品已折價$260 含運,https://www.costco.com.tw/Furniture-Kitchen/Bedding/Pillows-Comforters-Blankets/La-Belle-ICE-Cool-Quilt-150-cm-X-200-cm-Beige/p/458611,https://www.costco.com.tw/medias/sys_master/images/h83/hdf/433626153353246.jpg,https://www.costco.com.tw/c/hot-buys?q=:relevance
2026-08-14,保健美容,舒適牌 Hydro 水次元5辨型刮鬍刀組 刀架 X 1 + 刀片 X 11,$759,$949,$190,商品已折價$190 含運,https://www.costco.com.tw/Health-Beauty/Personal-Care/Facial-Cleansers-Hand-Washes/Schick-Hydro-5-Custom-Shaving-Set-Razor-X-1-Pack-Cartridge-X-11-Pack/p/313984,https://www.costco.com.tw/medias/sys_master/images/hc2/h5e/379898438615070.jpg,https://www.costco.com.tw/c/hot-buys?q=:relevance
2026-08-14,家具家居,Aiden & Ivy 可升降吧檯椅,"$2,999","$3,599",$600,商品已折價$600 含運,https://www.costco.com.tw/Furniture-Kitchen/Furniture/Dining-Sets/Aiden-Ivy-Height-Adjustable-Bar-Stool/p/1987690,https://www.costco.com.tw/medias/sys_master/images/hbb/h54/466558886510622.jpg,https://www.costco.com.tw/c/hot-buys?q=:relevance
2026-08-14,家具家居,Disney 造型四格置物櫃,"$1,999","$2,499",$500,商品已折價$500 含運,https://www.costco.com.tw/Furniture-Kitchen/Furniture/Cabinets-Tables/Disney-4-Shelf-Organizer/p/175718,https://www.costco.com.tw/medias/sys_master/images/hfa/hb4/413421512359966.jpg,https://www.costco.com.tw/c/hot-buys?q=:relevance
2026-08-14,家電 3C,Shark EVOPOWER 手持吸塵器 WV210,"$2,299","$2,799",$500,商品已折價$500 含運,https://www.costco.com.tw/Televisions-Appliances/Small-Appliances/Vacuums-Floor-Care/Shark-EVOPOWER-Handheld-Vacuum-WV210/p/157140,https://www.costco.com.tw/medias/sys_master/images/h5c/h4f/436453378719774.jpg,https://www.costco.com.tw/c/hot-buys?q=:relevance
2026-08-14,服飾配件,Adidas 女短襪六入組,$379,,,,https://www.costco.com.tw/Clothing-Accessories/Womens-Clothing/Womens-Socks-Intimates/Adidas-Ladies-Ankle-Sock-6-Pack-Set/p/217975,https://www.costco.com.tw/medias/sys_master/images/h15/hcb/419358417190942.jpg,https://www.costco.com.tw/c/hot-buys?q=:relevance
2026-08-14,家具家居,Caliphil 美國棉單人床包枕套三件組 107公分 X 190公分 奶茶,$799,$999,$200,商品已折價$200 含運,https://www.costco.com.tw/Furniture-Kitchen/Bedding/Sheets-Pillowcases/Caliphil-Sheet-3-Piece-Set-107-cm-X-190-cm-Milk-tea/p/159384,https://www.costco.com.tw/medias/sys_master/images/hf1/h87/450418175868958.jpg,https://www.costco.com.tw/c/hot-buys?q=:relevance
2026-08-14,服飾配件,Adidas 兒童休閒鞋,$659,$859,$200,商品已折價$200 含運,https://www.costco.com.tw/Clothing-Accessories/Shoes/Childrens-Shoes/Adidas-Kids-Court-Shoe/p/1864508,https://www.costco.com.tw/medias/sys_master/images/hfd/h75/454001908776990.jpg,https://www.costco.com.tw/c/hot-buys?q=:relevance
2026-08-14,家具家居,CASA 雙人加大天然乳膠Q彈床墊 183公分 X 190公分 X 7.5公分,"$6,799","$8,499","$1,700","商品已折價$1,700 含運",https://www.costco.com.tw/Furniture-Kitchen/Bedding/Mattress-Toppers/CASA-Natural-Latex-Mattress-Topper-183-cm-X-190-cm-X-75-cm/p/127340,https://www.costco.com.tw/medias/sys_master/images/ha9/h28/30628870946846.jpg,https://www.costco.com.tw/c/hot-buys?q=:relevance
2026-08-14,家具家居,3M 新絲舒眠單人涼透被 150公分 X 180公分,"$1,999","$2,499",$500,商品已折價$500 含運,https://www.costco.com.tw/Furniture-Kitchen/Bedding/Pillows-Comforters-Blankets/3M-Thinsulate-Comforter-150-cm-X-180-cm/p/111136,https://www.costco.com.tw/medias/sys_master/images/h68/h5c/115072906657822.jpg,https://www.costco.com.tw/c/hot-buys?q=:relevance
2026-08-14,家具家居,Simon Li 牛皮電動躺椅 M553-3Q6,"$9,999","$12,999","$3,000","商品已折價$3,000 含運",https://www.costco.com.tw/Furniture-Kitchen/Furniture/Sofas-Sectionals/Simon-Li-Leather-Power-Recliner-M553-3Q6/p/1812549,https://www.costco.com.tw/medias/sys_master/images/h33/hce/279210273931294.jpg,https://www.costco.com.tw/c/hot-buys?q=:relevance
2026-08-14,家電 3C,DJI Osmo 360 套裝組 雙電池+自拍棒+收納包,"$12,119","$14,119","$2,000","商品已折價$2,000 含運",https://www.costco.com.tw/Digital-Mobile/Cameras/Security-Cameras-Drones/DJI-Osmo-360-Bundle-Battery-X-2-Selfie-Stick-X-1-Bag-X-1/p/159985,https://www.costco.com.tw/medias/sys_master/images/h1a/h3a/466558749507614.jpg,https://www.costco.com.tw/c/hot-buys?q=:relevance
2026-08-14,服飾配件,Sunday Afternoons 兒童抗UV遮陽帽,$409,$519,$110,商品已折價$110 含運,https://www.costco.com.tw/Clothing-Accessories/Kids-Clothing/Kids-Clothing-Sets-Accessories/Sunday-Afternoons-Kids-UPF-Sun-Protection-Hat/p/157456,https://www.costco.com.tw/medias/sys_master/images/hd2/hc4/450045194567710.jpg,https://www.costco.com.tw/c/hot-buys?q=:relevance
2026-08-14,服飾配件,Huggies 嬰兒連身包屁衣五件組,$529,$699,$170,商品已折價$170 含運,https://www.costco.com.tw/Clothing-Accessories/Kids-Clothing/Kids-Clothing-Sets-Accessories/Huggies-Baby-Bodysuit-5-Piece-Set/p/1976255,https://www.costco.com.tw/medias/sys_master/images/h32/h49/473820160819230.jpg,https://www.costco.com.tw/c/hot-buys?q=:relevance
2026-08-14,其他,Lifetime 8呎 X 10呎 戶外儲藏屋,"$37,999","$47,999","$10,000","商品已折價$10,000 含運",https://www.costco.com.tw/Sports-Lifestyle/Garden-Lifestyle/Outdoor-Storage/Lifetime-8-ft-X-10-ft-Shed/p/1900782,https://www.costco.com.tw/medias/sys_master/images/h82/hd2/13373170483230.jpg,https://www.costco.com.tw/c/hot-buys?q=:relevance
2026-08-14,服飾配件,Wenger Sidebar 16吋 多功能電腦後背包,"$1,049","$1,349",$300,商品已折價$300 含運,https://www.costco.com.tw/Clothing-Accessories/Luggage-Backpacks/Totes-Backpacks/Wenger-Sidebar-16-inch-Laptop-Backpack/p/160724,https://www.costco.com.tw/medias/sys_master/images/h99/hb7/466199077912606.jpg,https://www.costco.com.tw/c/hot-buys?q=:relevance
2026-08-14,服飾配件,Lacoste 男休閒鞋,"$1,399","$1,759",$360,商品已折價$360 含運,https://www.costco.com.tw/Clothing-Accessories/Shoes/Mens-Shoes/Lacoste-Mens-Shoe/p/154492,https://www.costco.com.tw/medias/sys_master/images/h50/hcb/438875884486686.jpg,https://www.costco.com.tw/c/hot-buys?q=:relevance
2026-08-14,家電 3C,TCL 333公升 變頻雙門冰箱 P333TM,"$14,099","$17,699","$3,600","商品已折價$3,600 含運",https://www.costco.com.tw/Televisions-Appliances/Large-Appliances/Fridges-Freezers/Overall-Capacity-200-350-L/TCL-333-L-Double-Door-Inverter-Fridge-P333TM/p/149470,https://www.costco.com.tw/medias/sys_master/images/h39/hb6/308063100174366.jpg,https://www.costco.com.tw/c/hot-buys?q=:relevance
2026-08-14,家電 3C,三星 Bespoke 21公斤滾筒洗衣機 WF21B9600KV/TW,"$26,999","$33,999","$7,000","商品已折價$7,000 含運",https://www.costco.com.tw/Televisions-Appliances/Large-Appliances/Washers-Dryers/Washer-Size-20-kg-Above/Samsung-Bespoke-21-kg-Front-Load-Washer-WF21B9600KVTW/p/161273,https://www.costco.com.tw/medias/sys_master/images/h19/hd4/471660354535454.jpg,https://www.costco.com.tw/c/hot-buys?q=:relevance
2026-08-14,家電 3C,Honeywell X560 UVC 殺菌空氣清淨機 HPA560WTW,"$17,099","$21,599","$4,500","商品已折價$4,500 含運",https://www.costco.com.tw/Televisions-Appliances/Cooling-Heating-Air-Treatment/Air-Purifiers-Filters-Accessories/Honeywell-X560-UVC-Air-Purifier-HPA560WTW/p/158372,https://www.costco.com.tw/medias/sys_master/images/h58/ha0/437687050108958.jpg,https://www.costco.com.tw/c/hot-buys?q=:relevance
2026-08-14,家具家居,Anda Seat 皮革電競椅 黑,"$3,649","$4,599",$950,商品已折價$950 含運,https://www.costco.com.tw/Furniture-Kitchen/Furniture/Computer-Desk-Chair-Sets/Anda-Seat-Leather-Gaming-Chair-Black/p/151428,https://www.costco.com.tw/medias/sys_master/images/h0f/h6e/344500463894558.jpg,https://www.costco.com.tw/c/hot-buys?q=:relevance
2026-08-14,其他,Intex 單人充氣沙發,$549,$799,$250,商品已折價$250 含運,https://www.costco.com.tw/Sports-Lifestyle/Camping-Outdoors/Tents-Camping-Gear/Intex-Inflatable-Empire-Chair/p/142531,https://www.costco.com.tw/medias/sys_master/images/hd0/hac/209599768559646.jpg,https://www.costco.com.tw/c/hot-buys?q=:relevance
2026-08-14,服飾配件,Tommy Hilfiger 女無鋼圈內衣 2入組 XL,$629,$779,$150,商品已折價$150 含運,https://www.costco.com.tw/Clothing-Accessories/Womens-Clothing/Womens-Socks-Intimates/Tommy-Hilfiger-Ladies-Seamless-Bra-2-Pack-Set-XL/p/1987634,https://www.costco.com.tw/medias/sys_master/images/h7f/h92/472591917154334.jpg,https://www.costco.com.tw/c/hot-buys?q=:relevance
2026-08-14,服飾配件,Lacoste 女休閒鞋,"$1,399","$1,759",$360,商品已折價$360 含運,https://www.costco.com.tw/Clothing-Accessories/Shoes/Womens-Shoes/Lacoste-Ladies-Shoe/p/154493,https://www.costco.com.tw/medias/sys_master/images/h68/h77/451293254418462.jpg,https://www.costco.com.tw/c/hot-buys?q=:relevance
2026-08-14,其他,Mizuno 兩層高爾夫球 24入 RB566,$749,$939,$190,商品已折價$190 含運,https://www.costco.com.tw/Sports-Lifestyle/Sports-Fitness/Team-Sports/Mizuno-2-Piece-Golf-Ball-24-Count-RB566/p/151178,https://www.costco.com.tw/medias/sys_master/images/h66/h77/420739463512094.jpg,https://www.costco.com.tw/c/hot-buys?q=:relevance
2026-08-14,服飾配件,Tommy Hilfiger 女無鋼圈內衣 2入組 M,$629,$779,$150,商品已折價$150 含運,https://www.costco.com.tw/Clothing-Accessories/Womens-Clothing/Womens-Socks-Intimates/Tommy-Hilfiger-Ladies-Seamless-Bra-2-Pack-Set-M/p/1987632,https://www.costco.com.tw/medias/sys_master/images/h6a/h71/472591903817758.jpg,https://www.costco.com.tw/c/hot-buys?q=:relevance
2026-08-14,服飾配件,Jezebel 女連身洋裝,$569,$749,$180,商品已折價$180 含運,https://www.costco.com.tw/Clothing-Accessories/Womens-Clothing/Womens-Bottoms-Dresses/Jezebel-Ladies-Tiered-Midi-Dress/p/1912121,https://www.costco.com.tw/medias/sys_master/images/h84/h35/451293688692766.jpg,https://www.costco.com.tw/c/hot-buys?q=:relevance
2026-08-14,其他,Igloo 23.6公升 保冷野餐籃,$669,"$1,169",$500,商品已折價$500 含運,https://www.costco.com.tw/Sports-Lifestyle/Camping-Outdoors/Coolers/Igloo-25QT-Modern-Picnic-Basket/p/1872096,https://www.costco.com.tw/medias/sys_master/images/h85/h5f/454001915559966.jpg,https://www.costco.com.tw/c/hot-buys?q=:relevance
2026-08-14,其他,兒歌點唱機 52首兒歌有聲書系列,$399,$499,$100,商品已折價$100 含運,https://www.costco.com.tw/Office-School/Books/Kids-Books/Childrens-Song-Jukebox-52-Nursery-Rhymes-Audio-Book-Series/p/162947,https://www.costco.com.tw/medias/sys_master/images/h3b/h34/490097985683486.jpg,https://www.costco.com.tw/c/hot-buys?q=:relevance
2026-08-14,家具家居,Finlandia Roca 餐桌椅四件組,"$17,599","$21,999","$4,400","商品已折價$4,400 含運",https://www.costco.com.tw/Furniture-Kitchen/Furniture/Dining-Sets/Finlandia-Roca-Dining-Set-4-Piece/p/160117,https://www.costco.com.tw/medias/sys_master/images/hac/hbf/472591371927582.jpg,https://www.costco.com.tw/c/hot-buys?q=:relevance
2026-08-14,家具家居,La Belle 素色涼感被 150公分 X 200公分 柔粉,$999,"$1,259",$260,商品已折價$260 含運,https://www.costco.com.tw/Furniture-Kitchen/Bedding/Pillows-Comforters-Blankets/La-Belle-ICE-Cool-Quilt-150-cm-X-200-cm-Pink/p/158611,https://www.costco.com.tw/medias/sys_master/images/h61/h2c/433626094731294.jpg,https://www.costco.com.tw/c/hot-buys?q=:relevance
2026-08-14,家具家居,Bentley Designs Mateo 咖啡桌兩件組,"$5,899","$7,399","$1,500","商品已折價$1,500 含運",https://www.costco.com.tw/Furniture-Kitchen/Furniture/Cabinets-Tables/Bentley-Designs-Mateo-Nest-of-Coffee-Table-2-Piece-Set/p/437153,https://www.costco.com.tw/medias/sys_master/images/h3e/hb0/244160032538654.jpg,https://www.costco.com.tw/c/hot-buys?q=:relevance
2026-08-14,服飾配件,Smiley World 兒童上衣兩件組,$399,$499,$100,商品已折價$100 含運,https://www.costco.com.tw/Clothing-Accessories/Kids-Clothing/Kids-Clothing-Sets-Accessories/Smiley-World-Kids-Top-2-Pack-Set/p/1977016,https://www.costco.com.tw/medias/sys_master/images/h4d/h18/450045519560734.jpg,https://www.costco.com.tw/c/hot-buys?q=:relevance
2026-08-14,家具家居,Simon Li 牛皮電動躺椅,"$11,099","$13,999","$2,900","商品已折價$2,900 含運",https://www.costco.com.tw/Furniture-Kitchen/Furniture/Sofas-Sectionals/Simon-Li-Leather-Power-Recliner/p/1783231,https://www.costco.com.tw/medias/sys_master/images/h69/h16/346355952648222.jpg,https://www.costco.com.tw/c/hot-buys?q=:relevance
2026-08-14,家具家居,Don Home 300織萊賽爾雙人兩用被套六件組 152公分 X 190公分 四季,"$2,079","$2,599",$520,商品已折價$520 含運,https://www.costco.com.tw/Furniture-Kitchen/Bedding/Sheets-Pillowcases/Don-Home-300-Thread-Count-Lyocell-Quilted-Duvet-6-Piece-Set-152-cm-X-190-cm-Four-seasons/p/159768,https://www.costco.com.tw/medias/sys_master/images/h84/ha8/455116805701662.jpg,https://www.costco.com.tw/c/hot-buys?q=:relevance
2026-08-14,家具家居,Don Home 萊賽爾雙人兩用被套6件組 格韻,"$2,079","$2,599",$520,商品已折價$520 含運,https://www.costco.com.tw/Furniture-Kitchen/Bedding/Sheets-Pillowcases/Don-Home-300-Thread-Count-Lyocell-Quilted-Duvet-6-Piece-Set-152-cm-X-190-cm-Blue-Square/p/150925,https://www.costco.com.tw/medias/sys_master/images/h7c/h45/327562420322334.jpg,https://www.costco.com.tw/c/hot-buys?q=:relevance
2026-08-14,其他,樂彩森林兒童智慧留聲機,$599,$699,$100,商品已折價$100 含運,https://www.costco.com.tw/Office-School/Books/Kids-Books/Kids-Intelligent-Phonograph/p/148525,https://www.costco.com.tw/medias/sys_master/images/h36/h35/279945951707166.jpg,https://www.costco.com.tw/c/hot-buys?q=:relevance
2026-08-14,服飾配件,新視紀 矯正鏡片(未滅菌) 200度 MCKAY 抗藍光,$479,$589,$110,商品已折價$110 含運,https://www.costco.com.tw/Clothing-Accessories/Sunglasses-Eyeglasses/Reading-Glasses/Design-Optics-Corrective-Spectacle-Lens-Non-Sterile-200-MCKAY-Anti-Blue-Light/p/146766,https://www.costco.com.tw/medias/sys_master/images/h35/h37/378821996216350.jpg,https://www.costco.com.tw/c/hot-buys?q=:relevance
2026-08-14,服飾配件,Berkemann Allexis 女休閒運動鞋,"$4,059","$5,059","$1,000","商品已折價$1,000 含運",https://www.costco.com.tw/Clothing-Accessories/Shoes/Womens-Shoes/Berkemann-Allexis-Ladies-Sneaker-White/p/1846415,https://www.costco.com.tw/medias/sys_master/images/h0a/h48/468935674658846.jpg,https://www.costco.com.tw/c/hot-buys?q=:relevance
2026-08-14,家具家居,Caliphil 美國棉單人床包枕套三件組 107公分 X 190公分 春粉,$799,$999,$200,商品已折價$200 含運,https://www.costco.com.tw/Furniture-Kitchen/Bedding/Sheets-Pillowcases/Caliphil-Sheet-3-Piece-Set-107-cm-X-190-cm-Pink/p/159383,https://www.costco.com.tw/medias/sys_master/images/h70/h21/450418175049758.jpg,https://www.costco.com.tw/c/hot-buys?q=:relevance
2026-08-14,服飾配件,新視紀 矯正鏡片(未滅菌) 250度 MCKAY 抗藍光,$479,$589,$110,商品已折價$110 含運,https://www.costco.com.tw/Clothing-Accessories/Sunglasses-Eyeglasses/Reading-Glasses/Design-Optics-Corrective-Spectacle-Lens-Non-Sterile-250-MCKAY-Anti-Blue-Light/p/146767,https://www.costco.com.tw/medias/sys_master/images/h8f/h23/378821997527070.jpg,https://www.costco.com.tw/c/hot-buys?q=:relevance
2026-08-14,家具家居,Bentley Designs 沙發邊桌,"$2,599","$3,299",$700,商品已折價$700 含運,https://www.costco.com.tw/Furniture-Kitchen/Furniture/Cabinets-Tables/Bentley-Designs-Sofa-Table/p/141689,https://www.costco.com.tw/medias/sys_master/images/h8b/he5/175063711809566.jpg,https://www.costco.com.tw/c/hot-buys?q=:relevance
2026-08-14,服飾配件,Nautica 女休閒服兩件組,$679,$849,$170,商品已折價$170 含運,https://www.costco.com.tw/Clothing-Accessories/Womens-Clothing/Womens-Pajamas/Nautica-Ladies-Short-Sleeve-Lounge-Set/p/8518084,https://www.costco.com.tw/medias/sys_master/images/heb/h7b/437687804952606.jpg,https://www.costco.com.tw/c/hot-buys?q=:relevance
2026-08-14,其他,Igloo 美國製 51公升Marine Ultra +11公升冰桶組,"$1,899","$2,399",$500,商品已折價$500 含運,https://www.costco.com.tw/Sports-Lifestyle/Camping-Outdoors/Coolers/Igloo-54-Quart-Marine-Ultra-12-Quart-Cooler-Set/p/2622186,https://www.costco.com.tw/medias/sys_master/images/h8c/h95/103336393244702.jpg,https://www.costco.com.tw/c/hot-buys?q=:relevance
2026-08-14,服飾配件,Tommy Hilfiger 女無鋼圈內衣 2入組 L,$629,$779,$150,商品已折價$150 含運,https://www.costco.com.tw/Clothing-Accessories/Womens-Clothing/Womens-Socks-Intimates/Tommy-Hilfiger-Ladies-Seamless-Bra-2-Pack-Set-L/p/1987633,https://www.costco.com.tw/medias/sys_master/images/h7c/h71/472591910240286.jpg,https://www.costco.com.tw/c/hot-buys?q=:relevance
2026-08-14,其他,Tommy Bahama 7.5呎 海灘遮陽傘,"$1,039","$1,299",$260,商品已折價$260 含運,https://www.costco.com.tw/Sports-Lifestyle/Sports-Fitness/Water-Sports/Tommy-Bahama-75-ft-Beach-Umbrella/p/1819570,https://www.costco.com.tw/medias/sys_master/images/hc9/hea/448868539596830.jpg,https://www.costco.com.tw/c/hot-buys?q=:relevance
2026-08-14,其他,Tommy Bahama 可調式海灘椅,$779,"$1,279",$500,商品已折價$500 含運,https://www.costco.com.tw/Sports-Lifestyle/Sports-Fitness/Water-Sports/Tommy-Bahama-Beach-Chair/p/1819490,https://www.costco.com.tw/medias/sys_master/images/h3c/ha5/361958048366622.jpg,https://www.costco.com.tw/c/hot-buys?q=:relevance
2026-08-14,服飾配件,Oh!Sunny 兒童防曬外套,$669,$839,$170,商品已折價$170 含運,https://www.costco.com.tw/Clothing-Accessories/Kids-Clothing/Kids-Coats-Jackets/OhSunny-Kids-Sun-Protection-Jacket/p/160709,https://www.costco.com.tw/medias/sys_master/images/hf4/hcf/471216400007198.jpg,https://www.costco.com.tw/c/hot-buys?q=:relevance
2026-08-14,家具家居,Caliphil 單人四季被附枕套 150公分 X 180公分 北歐森林,"$1,039","$1,299",$260,商品已折價$260 含運,https://www.costco.com.tw/Furniture-Kitchen/Bedding/Sheets-Pillowcases/Caliphil-Comforter-with-Pillowcase-150-cm-X-180-cm-Forest/p/159411,https://www.costco.com.tw/medias/sys_master/images/hd9/h2a/438876220096542.jpg,https://www.costco.com.tw/c/hot-buys?q=:relevance
2026-08-14,家具家居,TurboCar 多用途餐車附碗籃,"$3,999","$4,999","$1,000","商品已折價$1,000 含運",https://www.costco.com.tw/Furniture-Kitchen/Storage-Organization/Shelving/TurboCart-Utility-Cart-with-Baskets/p/156636,https://www.costco.com.tw/medias/sys_master/images/hb8/h01/449275213873182.jpg,https://www.costco.com.tw/c/hot-buys?q=:relevance
2026-08-14,服飾配件,Arowana 29.5吋 河馬運動行李箱,"$3,099","$3,899",$800,商品已折價$800 含運,https://www.costco.com.tw/Clothing-Accessories/Luggage-Backpacks/Luggage/Arowana-295-inch-Trunk-Luggage/p/154848-B,https://www.costco.com.tw/medias/sys_master/images/h30/h0d/368528759717918.jpg,https://www.costco.com.tw/c/hot-buys?q=:relevance
2026-08-14,家具家居,Bentley Designs Dansk 雙層茶几,"$3,495","$4,395",$900,商品已折價$900 含運,https://www.costco.com.tw/Furniture-Kitchen/Furniture/Cabinets-Tables/Bentley-Designs-Dansk-Scandi-Oak-Coffee-Table-With-Shelf/p/143697,https://www.costco.com.tw/medias/sys_master/images/h05/hb7/209599964971038.jpg,https://www.costco.com.tw/c/hot-buys?q=:relevance
2026-08-14,家具家居,Bentley Designs Dansk 邊桌兩件組,"$2,299","$2,899",$600,商品已折價$600 含運,https://www.costco.com.tw/Furniture-Kitchen/Furniture/Cabinets-Tables/Bentley-Designs-Dansk-Nest-of-Lamp-Tables-2-Piece/p/143694,https://www.costco.com.tw/medias/sys_master/images/hc9/hdc/209599959662622.jpg,https://www.costco.com.tw/c/hot-buys?q=:relevance
2026-08-14,家電 3C,震旦 15張細碎式超靜音高碎量多功能碎紙機 32公升,"$6,639","$7,999","$1,360","商品已折價$1,360 含運",https://www.costco.com.tw/Digital-Mobile/Office-Equipment-Accessories/Paper-Shredders-Office-Equipment/Aurora-15-Sheets-Multi-Function-Paper-Shredder-32-L/p/134557,https://www.costco.com.tw/medias/sys_master/images/h74/ha4/83706037829662.jpg,https://www.costco.com.tw/c/hot-buys?q=:relevance
2026-08-14,家具家居,睡綿綿 雙人四季雙面日式床墊 152公分 X 190公分 X 5公分,"$1,649","$2,069",$420,商品已折價$420 含運,https://www.costco.com.tw/Furniture-Kitchen/Bedding/Mattress-Toppers/Deep-Sleep-Reversible-Japanese-Futon-Mattress-Double-Size-152-cm-X-190-cm-X-5-cm/p/123314,https://www.costco.com.tw/medias/sys_master/images/h86/h5b/14168945262622.jpg,https://www.costco.com.tw/c/hot-buys?q=:relevance
2026-08-14,家具家居,Caliphil 雲朵雙人加大床包兩用被四件組 183公分 X 190公分 莉莉花園,"$1,739","$2,179",$440,商品已折價$440 含運,https://www.costco.com.tw/Furniture-Kitchen/Bedding/Sheets-Pillowcases/Caliphil-Duvet-Sheet-4-Piece-Set-King-Size-183-cm-X-190-cm-Beige/p/259155,https://www.costco.com.tw/medias/sys_master/images/haf/h45/437687722344478.jpg,https://www.costco.com.tw/c/hot-buys?q=:relevance
2026-08-14,家具家居,Simon Li 三人座全牛皮沙發,"$21,599","$26,999","$5,400","商品已折價$5,400 含運",https://www.costco.com.tw/Furniture-Kitchen/Furniture/Sofas-Sectionals/Simon-Li-Leather-Sofa/p/1783232,https://www.costco.com.tw/medias/sys_master/images/h93/h36/259572041777182.jpg,https://www.costco.com.tw/c/hot-buys?q=:relevance
2026-08-14,家具家居,Don Home 300織萊賽爾雙人兩用被套六件組 152公分 X 190公分 賽隆,"$2,079","$2,599",$520,商品已折價$520 含運,https://www.costco.com.tw/Furniture-Kitchen/Bedding/Sheets-Pillowcases/Don-Home-300-Thread-Count-Lyocell-Quilted-Duvet-6-Piece-Set-152-cm-X-190-cm-Sylon/p/314112,https://www.costco.com.tw/medias/sys_master/images/hcb/h31/378303824625694.jpg,https://www.costco.com.tw/c/hot-buys?q=:relevance
2026-08-14,服飾配件,Tommy Hilfiger 女無鋼圈內衣 2入組 S,$629,$779,$150,商品已折價$150 含運,https://www.costco.com.tw/Clothing-Accessories/Womens-Clothing/Womens-Socks-Intimates/Tommy-Hilfiger-Ladies-Seamless-Bra-2-Pack-Set-S/p/1987631,https://www.costco.com.tw/medias/sys_master/images/h04/h2c/472591896543262.jpg,https://www.costco.com.tw/c/hot-buys?q=:relevance
2026-08-14,家具家居,Relax A Lounger Ravenna 皮革沙發床,"$12,799","$15,999","$3,200","商品已折價$3,200 含運",https://www.costco.com.tw/Furniture-Kitchen/Furniture/Sofas-Sectionals/Relax-A-Lounger-Ravenna-Euro-Lounger/p/1752696,https://www.costco.com.tw/medias/sys_master/images/hf1/h65/220200417853470.jpg,https://www.costco.com.tw/c/hot-buys?q=:relevance
2026-08-14,家具家居,Cheers 頭層牛皮三人座電動沙發茶几款 白,"$31,999","$39,999","$8,000","商品已折價$8,000 含運",https://www.costco.com.tw/Furniture-Kitchen/Furniture/Sofas-Sectionals/Cheers-Leather-Power-Sofa-3-Seater-White/p/155576,https://www.costco.com.tw/medias/sys_master/images/h07/h4c/484306804211742.jpg,https://www.costco.com.tw/c/hot-buys?q=:relevance
2026-08-14,其他,Ito-En 伊藤園 綠茶 530毫升 X 24瓶 X 50箱,"$18,400","$22,999","$4,599","商品已折價$4,599 含運",https://www.costco.com.tw/Business-Delivery/Food-Beverages-Pet-Supplies/Water-Beverages/Ito-En-Green-Tea-530-ml-X-24-Count-X-50-Case/p/198270,https://www.costco.com.tw/medias/sys_master/images/hff/h3b/157251967385630.jpg,https://www.costco.com.tw/c/hot-buys?q=:relevance
2026-08-14,服飾配件,Jezebel 女無袖連身洋裝,$419,$549,$130,商品已折價$130 含運,https://www.costco.com.tw/Clothing-Accessories/Womens-Clothing/Womens-Bottoms-Dresses/Jezebel-Ladies-Tiered-Dress/p/1982075,https://www.costco.com.tw/medias/sys_master/images/h5e/hbf/422091092099102.jpg,https://www.costco.com.tw/c/hot-buys?q=:relevance
2026-08-14,家具家居,Coddle 布面沙發床,"$15,899","$19,999","$4,100","商品已折價$4,100 含運",https://www.costco.com.tw/Furniture-Kitchen/Furniture/Sofas-Sectionals/Coddle-Fabric-Sleeper-Sofa/p/1862099,https://www.costco.com.tw/medias/sys_master/images/h0c/h7f/434798883569694.jpg,https://www.costco.com.tw/c/hot-buys?q=:relevance
2026-08-14,家具家居,Cheers 頭層牛皮電動躺椅 白,"$14,399","$17,999","$3,600","商品已折價$3,600 含運",https://www.costco.com.tw/Furniture-Kitchen/Furniture/Sofas-Sectionals/Cheers-Leather-Power-Recliner-White/p/159983,https://www.costco.com.tw/medias/sys_master/images/hf2/h6f/484306821808158.jpg,https://www.costco.com.tw/c/hot-buys?q=:relevance
2026-08-14,家電 3C,創維 43吋 4K QLED 聯網液晶顯示器 43Q6600H 3入組,"$19,199","$23,999","$4,800","商品已折價$4,800 含運",https://www.costco.com.tw/Televisions-Appliances/TV-Home-Entertainment/Televisions-TV-Accessories/30-49-TVs/Skyworth-43-inch-4K-QLED-Smart-Monitor-43Q6600H-3-Pack-Set/p/159618,https://www.costco.com.tw/medias/sys_master/images/h2f/h57/438072231559198.jpg,https://www.costco.com.tw/c/hot-buys?q=:relevance
2026-08-14,家具家居,Caliphil 雲朵雙人床包兩用被四件組 152公分 X 190公分 莉莉花園,"$1,599","$1,999",$400,商品已折價$400 含運,https://www.costco.com.tw/Furniture-Kitchen/Bedding/Sheets-Pillowcases/Caliphil-Duvet-Sheet-4-Piece-Set-Queen-Size-152-cm-X-190-cm-Beige/p/159155,https://www.costco.com.tw/medias/sys_master/images/h22/h4d/437687075799070.jpg,https://www.costco.com.tw/c/hot-buys?q=:relevance
2026-08-14,家具家居,Finlandia 餐桌椅四件組,"$15,899","$19,999","$4,100","商品已折價$4,100 含運",https://www.costco.com.tw/Furniture-Kitchen/Furniture/Dining-Sets/Finlandia-Dining-Set-4-Piece/p/145642,https://www.costco.com.tw/medias/sys_master/images/h13/ha7/244418424864798.jpg,https://www.costco.com.tw/c/hot-buys?q=:relevance
2026-08-14,其他,Mobi Garden 自動天幕,"$1,599","$2,139",$540,商品已折價$540 含運,https://www.costco.com.tw/Sports-Lifestyle/Camping-Outdoors/Tents-Camping-Gear/Mobi-Garden-Auto-Trap/p/8523372,https://www.costco.com.tw/medias/sys_master/images/h98/h65/378823413235742.jpg,https://www.costco.com.tw/c/hot-buys?q=:relevance
2026-08-14,家具家居,Don Home 萊賽爾雙人加大兩用被套6件組 語菓,"$2,399","$2,999",$600,商品已折價$600 含運,https://www.costco.com.tw/Furniture-Kitchen/Bedding/Sheets-Pillowcases/Don-Home-300-Thread-Count-Lyocell-Quilted-Duvet-6-Piece-Set-182-cm-X-190-cm-Candy-Floral/p/3509251,https://www.costco.com.tw/medias/sys_master/images/h5f/h72/327562520592414.jpg,https://www.costco.com.tw/c/hot-buys?q=:relevance
2026-08-14,家具家居,ARTIKA Ridley LED 吸頂燈,$869,"$1,099",$230,商品已折價$230 含運,https://www.costco.com.tw/Furniture-Kitchen/Hardware-DIY/Lighting-Light-Bulbs/ARTIKA-Ridley-LED-Flush-Mount-Light/p/1834442,https://www.costco.com.tw/medias/sys_master/images/h4b/h1a/437687427170334.jpg,https://www.costco.com.tw/c/hot-buys?q=:relevance
2026-08-14,家具家居,Aiden & Ivy 布面模塊沙發三件組,"$15,999","$23,999","$8,000","商品已折價$8,000 含運",https://www.costco.com.tw/Furniture-Kitchen/Furniture/Sofas-Sectionals/Aiden-Ivy-3-Piece-Fabric-Modular-Sectional-Sofa/p/178522,https://www.costco.com.tw/medias/sys_master/images/hf8/h04/436453470994462.jpg,https://www.costco.com.tw/c/hot-buys?q=:relevance
2026-08-14,其他,Freetown MIPS 成人自行車安全頭盔,$999,"$1,279",$280,商品已折價$280 含運,https://www.costco.com.tw/Sports-Lifestyle/Sports-Fitness/Bikes/Freetown-MIPS-Adult-Bike-Helmet/p/1654516,https://www.costco.com.tw/medias/sys_master/images/ha1/ha1/193320251097118.jpg,https://www.costco.com.tw/c/hot-buys?q=:relevance
2026-08-14,家具家居,Aiden & Ivy 牛皮電動L型沙發 左,"$37,999","$47,999","$10,000","商品已折價$10,000 含運",https://www.costco.com.tw/Furniture-Kitchen/Furniture/Sofas-Sectionals/Aiden-Ivy-Leather-Power-Sectional-Left/p/160979,https://www.costco.com.tw/medias/sys_master/images/hfc/hd1/485751087071262.jpg,https://www.costco.com.tw/c/hot-buys?q=:relevance
2026-08-14,服飾配件,新視紀 矯正鏡片(未滅菌) 300度 MCKAY 抗藍光,$479,$589,$110,商品已折價$110 含運,https://www.costco.com.tw/Clothing-Accessories/Sunglasses-Eyeglasses/Reading-Glasses/Design-Optics-Corrective-Spectacle-Lens-Non-Sterile-300-MCKAY-Anti-Blue-Light/p/146769,https://www.costco.com.tw/medias/sys_master/images/h07/h5a/378822001655838.jpg,https://www.costco.com.tw/c/hot-buys?q=:relevance
2026-08-14,家具家居,Finlandia Cypress 儲物櫃 180公分,"$15,999","$20,999","$5,000","商品已折價$5,000 含運",https://www.costco.com.tw/Furniture-Kitchen/Furniture/Cabinets-Tables/Finlandia-Cypress-Console-180-cm/p/672533,https://www.costco.com.tw/medias/sys_master/images/h6c/h4a/361110715662366.jpg,https://www.costco.com.tw/c/hot-buys?q=:relevance
2026-08-14,家具家居,Caliphil 雲朵雙人加大床包兩用被四件組 183公分 X 190公分 晴空花海,"$1,739","$2,179",$440,商品已折價$440 含運,https://www.costco.com.tw/Furniture-Kitchen/Bedding/Sheets-Pillowcases/Caliphil-Duvet-Sheet-4-Piece-Set-King-Size-183-cm-X-190-cm-Blue/p/259156,https://www.costco.com.tw/medias/sys_master/images/h67/h43/437687723687966.jpg,https://www.costco.com.tw/c/hot-buys?q=:relevance
2026-08-14,其他,KOH COCONUT 純椰子水 250毫升 X 24入 X 144組,"$51,199","$64,199","$13,000","商品已折價$13,000 含運",https://www.costco.com.tw/Business-Delivery/Food-Beverages-Pet-Supplies/Water-Beverages/KOH-COCONUT-100-Coconut-Water-250-ml-X-24-Count-X-144-Unit/p/254461,https://www.costco.com.tw/medias/sys_master/images/h90/h76/471216553000990.jpg,https://www.costco.com.tw/c/hot-buys?q=:relevance
2026-08-14,家具家居,Bayside Furnishings 吧檯桌椅 4件組,"$9,999","$12,999","$3,000","商品已折價$3,000 含運",https://www.costco.com.tw/Furniture-Kitchen/Furniture/Dining-Sets/Bayside-Furnishings-Counter-Height-Sofa-Table-Set-4-Piece/p/1812744,https://www.costco.com.tw/medias/sys_master/images/h01/hbe/278946298527774.jpg,https://www.costco.com.tw/c/hot-buys?q=:relevance
2026-08-14,家具家居,Aiden & Ivy 牛皮電動L型沙發 右,"$37,999","$47,999","$10,000","商品已折價$10,000 含運",https://www.costco.com.tw/Furniture-Kitchen/Furniture/Sofas-Sectionals/Aiden-Ivy-Leather-Power-Sectional-Right/p/160980,https://www.costco.com.tw/medias/sys_master/images/hfa/h8d/485751093166110.jpg,https://www.costco.com.tw/c/hot-buys?q=:relevance
2026-08-14,家具家居,Don Home 300織萊賽爾雙人加大兩用被套六件組 182公分 X 190公分 協奏,"$2,399","$2,999",$600,商品已折價$600 含運,https://www.costco.com.tw/Furniture-Kitchen/Bedding/Sheets-Pillowcases/Don-Home-300-Thread-Count-Lyocell-Quilted-Duvet-6-Piece-Set-182-cm-X-190-cm-Concerto/p/159775,https://www.costco.com.tw/medias/sys_master/images/h8b/h9e/455116826804254.jpg,https://www.costco.com.tw/c/hot-buys?q=:relevance
2026-08-14,家具家居,Don Home 300織萊賽爾雙人加大兩用被套六件組 182公分 X 190公分 四季,"$2,399","$2,999",$600,商品已折價$600 含運,https://www.costco.com.tw/Furniture-Kitchen/Bedding/Sheets-Pillowcases/Don-Home-300-Thread-Count-Lyocell-Quilted-Duvet-6-Piece-Set-182-cm-X-190-cm-Four-seasons/p/159772,https://www.costco.com.tw/medias/sys_master/images/h64/h94/455116818350110.jpg,https://www.costco.com.tw/c/hot-buys?q=:relevance
2026-08-14,家具家居,Caliphil 高織密防螨雙人床包兩用被四件組 152公分 X 190公分 灰,"$3,839","$4,799",$960,商品已折價$960 含運,https://www.costco.com.tw/Furniture-Kitchen/Bedding/Sheets-Pillowcases/Caliphil-Anti-Mite-4-Piece-Set-Queen-Size-152-cm-X-190-cm-Grey/p/159667,https://www.costco.com.tw/medias/sys_master/images/h5d/h98/450418192482334.jpg,https://www.costco.com.tw/c/hot-buys?q=:relevance
2026-08-14,家具家居,Caliphil 雲朵雙人床包兩用被四件組 152公分 X 190公分 晴空花海,"$1,599","$1,999",$400,商品已折價$400 含運,https://www.costco.com.tw/Furniture-Kitchen/Bedding/Sheets-Pillowcases/Caliphil-Duvet-Sheet-4-Piece-Set-Queen-Size-152-cm-X-190-cm-Blue/p/159156,https://www.costco.com.tw/medias/sys_master/images/hc9/he2/437687076061214.jpg,https://www.costco.com.tw/c/hot-buys?q=:relevance
2026-08-14,服飾配件,新視紀 矯正鏡片(未滅菌) 250度 COLE,$479,$589,$110,商品已折價$110 含運,https://www.costco.com.tw/Clothing-Accessories/Sunglasses-Eyeglasses/Reading-Glasses/Design-Optics-Corrective-Spectacle-Lens-Non-Sterile-250-COLE/p/146773,https://www.costco.com.tw/medias/sys_master/images/h1c/h05/378822006046750.jpg,https://www.costco.com.tw/c/hot-buys?q=:relevance
2026-08-14,服飾配件,新視紀 矯正鏡片(未滅菌) 200度 COLE,$479,$589,$110,商品已折價$110 含運,https://www.costco.com.tw/Clothing-Accessories/Sunglasses-Eyeglasses/Reading-Glasses/Design-Optics-Corrective-Spectacle-Lens-Non-Sterile-200-COLE/p/146772,https://www.costco.com.tw/medias/sys_master/images/hc8/hd1/378822008963102.jpg,https://www.costco.com.tw/c/hot-buys?q=:relevance
2026-08-14,服飾配件,新視紀 矯正鏡片(未滅菌) 300度 ADDIE 金屬,$479,$589,$110,商品已折價$110 含運,https://www.costco.com.tw/Clothing-Accessories/Sunglasses-Eyeglasses/Reading-Glasses/Design-Optics-Corrective-Spectacle-Lens-Non-Sterile-300-ADDIE-Metal/p/146763,https://www.costco.com.tw/medias/sys_master/images/h76/h0c/378821991497758.jpg,https://www.costco.com.tw/c/hot-buys?q=:relevance
2026-08-14,服飾配件,新視紀 矯正鏡片(未滅菌) 175度 LIAM 抗藍光,$479,$589,$110,商品已折價$110 含運,https://www.costco.com.tw/Clothing-Accessories/Sunglasses-Eyeglasses/Reading-Glasses/Design-Optics-Corrective-Spectacle-Lens-Non-Sterile-175-LIAM-Anti-Blue-Light/p/146751,https://www.costco.com.tw/medias/sys_master/images/h73/hf2/378821903646750.jpg,https://www.costco.com.tw/c/hot-buys?q=:relevance
2026-08-14,服飾配件,新視紀 矯正鏡片(未滅菌) 150度 LIAM 抗藍光,$479,$589,$110,商品已折價$110 含運,https://www.costco.com.tw/Clothing-Accessories/Sunglasses-Eyeglasses/Reading-Glasses/Design-Optics-Corrective-Spectacle-Lens-Non-Sterile-150-LIAM-Anti-Blue-Light/p/146750,https://www.costco.com.tw/medias/sys_master/images/h60/h29/378821902958622.jpg,https://www.costco.com.tw/c/hot-buys?q=:relevance
2026-08-14,家具家居,Don Home 萊賽爾雙人兩用被套六件組 152公分 X 190公分 賽洛,"$2,079","$2,599",$520,商品已折價$520 含運,https://www.costco.com.tw/Furniture-Kitchen/Bedding/Sheets-Pillowcases/Don-Home-300-Thread-Count-Lyocell-Quilted-Duvet-6-Piece-Set-152-cm-X-190-cm-Lou/p/144731,https://www.costco.com.tw/medias/sys_master/images/hba/hbd/227296406372382.jpg,https://www.costco.com.tw/c/hot-buys?q=:relevance
2026-08-14,食品飲料,FIJI 天然深層礦泉水 330毫升 X 24瓶 X 78入,"$45,919","$57,399","$11,480","商品已折價$11,480 含運",https://www.costco.com.tw/Food-Dining/Drinks/Water-Sparkling-Water/FIJI-Natural-Artesian-Water-330-ml-X-24-Count-X-78-Case/p/1209255,https://www.costco.com.tw/medias/sys_master/images/hf2/hdf/241737431777310.jpg,https://www.costco.com.tw/c/hot-buys?q=:relevance
2026-08-14,家具家居,Trinity 66吋不鏽鋼工作檯附輪,"$16,799","$20,999","$4,200","商品已折價$4,200 含運",https://www.costco.com.tw/Furniture-Kitchen/Hardware-DIY/Tools-Storage/Trinity-66-inch-Stainless-Steel-Rolling-Workbench/p/1193846,https://www.costco.com.tw/medias/sys_master/images/hca/he8/12675054829598.jpg,https://www.costco.com.tw/c/hot-buys?q=:relevance
2026-08-14,家具家居,Finlandia Cypress 儲物櫃 220公分,"$15,999","$20,999","$5,000","商品已折價$5,000 含運",https://www.costco.com.tw/Furniture-Kitchen/Furniture/Cabinets-Tables/Finlandia-Cypress-Console-220-cm/p/672535,https://www.costco.com.tw/medias/sys_master/images/h74/hcf/361110719365150.jpg,https://www.costco.com.tw/c/hot-buys?q=:relevance
2026-08-14,家具家居,Coddle 布面多功能L型沙發床,"$18,999","$23,999","$5,000","商品已折價$5,000 含運",https://www.costco.com.tw/Furniture-Kitchen/Furniture/Sofas-Sectionals/Coddle-Cameron-Sleeper-Sofa-Chaise/p/1987623,https://www.costco.com.tw/medias/sys_master/images/hfc/h76/449275449147422.jpg,https://www.costco.com.tw/c/hot-buys?q=:relevance
2026-08-14,服飾配件,Tommy Hilfiger 女短袖連身裙,$719,$949,$230,商品已折價$230 含運,https://www.costco.com.tw/Clothing-Accessories/Womens-Clothing/Womens-Bottoms-Dresses/Tommy-Hilfiger-Ladies-Short-Sleeve-Dress/p/1956765,https://www.costco.com.tw/medias/sys_master/images/h24/ha4/472591855910942.jpg,https://www.costco.com.tw/c/hot-buys?q=:relevance
2026-08-14,家具家居,Thomasville 餐桌椅七件組,"$20,999","$26,999","$6,000","商品已折價$6,000 含運",https://www.costco.com.tw/Furniture-Kitchen/Furniture/Dining-Sets/Thomasville-Dining-Set-7-Piece-Set/p/1812516,https://www.costco.com.tw/medias/sys_master/images/he4/hf7/451293647339550.jpg,https://www.costco.com.tw/c/hot-buys?q=:relevance
2026-08-14,家具家居,Don Home 300織萊賽爾雙人兩用被套六件組 152公分 X 190公分 微光,"$2,079","$2,599",$520,商品已折價$520 含運,https://www.costco.com.tw/Furniture-Kitchen/Bedding/Sheets-Pillowcases/Don-Home-300-Thread-Count-Lyocell-Quilted-Duvet-6-Piece-Set-152-cm-X-190-cm-Shimmer/p/159770,https://www.costco.com.tw/medias/sys_master/images/hb1/hb9/455116810223646.jpg,https://www.costco.com.tw/c/hot-buys?q=:relevance
2026-08-14,家具家居,Don Home 300織萊賽爾雙人兩用被套六件組 152公分 X 190公分 同頻,"$2,079","$2,599",$520,商品已折價$520 含運,https://www.costco.com.tw/Furniture-Kitchen/Bedding/Sheets-Pillowcases/Don-Home-300-Thread-Count-Lyocell-Quilted-Duvet-6-Piece-Set-152-cm-X-190-cm-Frequency/p/159769,https://www.costco.com.tw/medias/sys_master/images/hd7/hb9/455116809633822.jpg,https://www.costco.com.tw/c/hot-buys?q=:relevance
2026-08-14,家具家居,Caliphil 高織密防螨雙人加大床包兩用被四件組 183公分 X 190公分 灰,"$4,319","$5,399","$1,080","商品已折價$1,080 含運",https://www.costco.com.tw/Furniture-Kitchen/Bedding/Sheets-Pillowcases/Caliphil-Anti-Mite-4-Piece-Set-King-Size-183-cm-X-190-cm-Grey/p/159669,https://www.costco.com.tw/medias/sys_master/images/h69/hff/450418193268766.jpg,https://www.costco.com.tw/c/hot-buys?q=:relevance
2026-08-14,家具家居,Bentley Designs Martini 餐桌椅 5件組 皮面餐椅,"$7,999","$9,999","$2,000","商品已折價$2,000 含運",https://www.costco.com.tw/Furniture-Kitchen/Furniture/Dining-Sets/Bentley-Designs-Martini-Dining-5-Piece-Set-Faux-Leather-Chair/p/159592,https://www.costco.com.tw/medias/sys_master/images/h94/h79/466558577410078.jpg,https://www.costco.com.tw/c/hot-buys?q=:relevance
2026-08-14,家具家居,Caliphil 單人四季被附枕套 150公分 X 180公分 鯨魚樂園,"$1,039","$1,299",$260,商品已折價$260 含運,https://www.costco.com.tw/Furniture-Kitchen/Bedding/Sheets-Pillowcases/Caliphil-Comforter-with-Pillowcase-150-cm-X-180-cm-Whale/p/159413,https://www.costco.com.tw/medias/sys_master/images/h50/he5/438876221210654.jpg,https://www.costco.com.tw/c/hot-buys?q=:relevance
2026-08-14,家具家居,Anda Seat 皮革電競椅 白,"$7,499","$9,499","$2,000","商品已折價$2,000 含運",https://www.costco.com.tw/Furniture-Kitchen/Furniture/Computer-Desk-Chair-Sets/Anda-Seat-Leather-Gaming-Chair-White/p/153095,https://www.costco.com.tw/medias/sys_master/images/h37/h7e/367883356536862.jpg,https://www.costco.com.tw/c/hot-buys?q=:relevance
2026-08-14,家具家居,Aiden & Ivy 布面可移動式沙發附腳凳 綠,"$18,399","$22,999","$4,600","商品已折價$4,600 含運",https://www.costco.com.tw/Furniture-Kitchen/Furniture/Sofas-Sectionals/Aiden-Ivy-Fabric-Sofa-and-Ottoman-Green/p/152332,https://www.costco.com.tw/medias/sys_master/images/h32/h14/361386678648862.jpg,https://www.costco.com.tw/c/hot-buys?q=:relevance
2026-08-14,服飾配件,Under Armour 女短袖上衣,$579,$729,$150,商品已折價$150 含運,https://www.costco.com.tw/Clothing-Accessories/Womens-Clothing/Womens-Tops/Under-Armour-Ladies-Short-Sleeve-Tee/p/1491575,https://www.costco.com.tw/medias/sys_master/images/h03/h0d/451293248127006.jpg,https://www.costco.com.tw/c/hot-buys?q=:relevance
2026-08-14,服飾配件,新視紀 矯正鏡片(未滅菌) 250度 KYNE,$479,$589,$110,商品已折價$110 含運,https://www.costco.com.tw/Clothing-Accessories/Sunglasses-Eyeglasses/Reading-Glasses/Design-Optics-Corrective-Spectacle-Lens-Non-Sterile-250-KYNE/p/146747,https://www.costco.com.tw/medias/sys_master/images/ha6/h6f/378821897650206.jpg,https://www.costco.com.tw/c/hot-buys?q=:relevance
2026-08-14,家具家居,Finlandia Lubis 儲物櫃 181公分,"$13,899","$17,999","$4,100","商品已折價$4,100 含運",https://www.costco.com.tw/Furniture-Kitchen/Furniture/Cabinets-Tables/Finlandia-Lubis-Cabinet-181-cm/p/648137,https://www.costco.com.tw/medias/sys_master/images/ha5/h67/361110573613086.jpg,https://www.costco.com.tw/c/hot-buys?q=:relevance
2026-08-14,家具家居,Gallery Neyland 亞麻布雙人沙發,"$7,999","$9,999","$2,000","商品已折價$2,000 含運",https://www.costco.com.tw/Furniture-Kitchen/Furniture/Sofas-Sectionals/Gallery-Neyland-Natural-Linen-Two-Seater-Sofa/p/504971,https://www.costco.com.tw/medias/sys_master/images/hee/h23/346356072939550.jpg,https://www.costco.com.tw/c/hot-buys?q=:relevance
2026-08-14,其他,STAG Pacifica 戶外乒乓球桌,"$12,399","$15,599","$3,200","商品已折價$3,200 含運",https://www.costco.com.tw/Sports-Lifestyle/Sports-Fitness/Team-Sports/STAG-Pacifica-Outdoor-Table-Tennis/p/2622001,https://www.costco.com.tw/medias/sys_master/images/hdf/hb5/454002089590814.jpg,https://www.costco.com.tw/c/hot-buys?q=:relevance
2026-08-14,家具家居,Synergy 牛皮電動躺椅,"$12,799","$16,899","$4,100","商品已折價$4,100 含運",https://www.costco.com.tw/Furniture-Kitchen/Furniture/Sofas-Sectionals/Synergy-Leather-Power-Recliner/p/1862124,https://www.costco.com.tw/medias/sys_master/images/h66/h55/415044025090078.jpg,https://www.costco.com.tw/c/hot-buys?q=:relevance
2026-08-14,家具家居,Thomasville 布面模塊沙發六件組,"$25,999","$32,999","$7,000","商品已折價$7,000 含運",https://www.costco.com.tw/Furniture-Kitchen/Furniture/Sofas-Sectionals/Thomasville-Fabric-Modular-Sectional-6-Piece-Set/p/1783045,https://www.costco.com.tw/medias/sys_master/images/h75/h04/383052817465374.jpg,https://www.costco.com.tw/c/hot-buys?q=:relevance
2026-08-14,家具家居,Don Home 300織萊賽爾雙人加大兩用被套六件組 182公分 X 190公分 同頻,"$2,399","$2,999",$600,商品已折價$600 含運,https://www.costco.com.tw/Furniture-Kitchen/Bedding/Sheets-Pillowcases/Don-Home-300-Thread-Count-Lyocell-Quilted-Duvet-6-Piece-Set-182-cm-X-190-cm-Frequency/p/159773,https://www.costco.com.tw/medias/sys_master/images/hf0/h31/455116822478878.jpg,https://www.costco.com.tw/c/hot-buys?q=:relevance
2026-08-14,家具家居,Caliphil 單人四季被附枕套 150公分 X 180公分 你好澳洲,"$1,039","$1,299",$260,商品已折價$260 含運,https://www.costco.com.tw/Furniture-Kitchen/Bedding/Sheets-Pillowcases/Caliphil-Comforter-with-Pillowcase-150-cm-X-180-cm-Hello/p/159412,https://www.costco.com.tw/medias/sys_master/images/h96/h0a/438876221014046.jpg,https://www.costco.com.tw/c/hot-buys?q=:relevance
2026-08-14,家具家居,Caliphil 雲朵雙人床包兩用被四件組 152公分 X 190公分 特佩克堡,"$1,599","$1,999",$400,商品已折價$400 含運,https://www.costco.com.tw/Furniture-Kitchen/Bedding/Sheets-Pillowcases/Caliphil-Duvet-Sheet-4-Piece-Set-Queen-Size-152-cm-X-190-cm-Mocha/p/159157,https://www.costco.com.tw/medias/sys_master/images/he8/h4d/437687076618270.jpg,https://www.costco.com.tw/c/hot-buys?q=:relevance
2026-08-14,家具家居,Gallery Bugatti 布面休閒躺椅,"$4,799","$5,999","$1,200","商品已折價$1,200 含運",https://www.costco.com.tw/Furniture-Kitchen/Furniture/Sofas-Sectionals/Gallery-Bugatti-Fabric-Tub-Chair/p/157500,https://www.costco.com.tw/medias/sys_master/images/h18/hcc/434798771109918.jpg,https://www.costco.com.tw/c/hot-buys?q=:relevance
2026-08-14,家具家居,Gallery Blackhall 牛皮休閒躺椅,"$6,999","$8,999","$2,000","商品已折價$2,000 含運",https://www.costco.com.tw/Furniture-Kitchen/Furniture/Sofas-Sectionals/Gallery-Blackhall-Leather-Lounge-Chair/p/157498,https://www.costco.com.tw/medias/sys_master/images/hf6/h90/418530690990110.jpg,https://www.costco.com.tw/c/hot-buys?q=:relevance
2026-08-14,家具家居,Anda Seat 皮革電競椅 栗色,"$7,499","$9,499","$2,000","商品已折價$2,000 含運",https://www.costco.com.tw/Furniture-Kitchen/Furniture/Computer-Desk-Chair-Sets/Anda-Seat-Leather-Gaming-Chair-Classic-Maroon/p/153097,https://www.costco.com.tw/medias/sys_master/images/h09/hd4/367883393859614.jpg,https://www.costco.com.tw/c/hot-buys?q=:relevance
2026-08-14,家具家居,Aiden & Ivy 牛皮電動L型沙發 右,"$38,999","$47,999","$9,000","商品已折價$9,000 含運",https://www.costco.com.tw/Furniture-Kitchen/Furniture/Sofas-Sectionals/Aiden-Ivy-Leather-Power-Sectional-Right/p/152325,https://www.costco.com.tw/medias/sys_master/images/hb4/h9d/361957918965790.jpg,https://www.costco.com.tw/c/hot-buys?q=:relevance
2026-08-14,服飾配件,新視紀 矯正鏡片(未滅菌) 150度 COLE,$479,$589,$110,商品已折價$110 含運,https://www.costco.com.tw/Clothing-Accessories/Sunglasses-Eyeglasses/Reading-Glasses/Design-Optics-Corrective-Spectacle-Lens-Non-Sterile-150-COLE/p/146770,https://www.costco.com.tw/medias/sys_master/images/h31/he7/378822002311198.jpg,https://www.costco.com.tw/c/hot-buys?q=:relevance
2026-08-14,服飾配件,新視紀 矯正鏡片(未滅菌) 150度 DAX,$479,$589,$110,商品已折價$110 含運,https://www.costco.com.tw/Clothing-Accessories/Sunglasses-Eyeglasses/Reading-Glasses/Design-Optics-Corrective-Spectacle-Lens-Non-Sterile-150-DAX/p/146756,https://www.costco.com.tw/medias/sys_master/images/h92/h36/378821913247774.jpg,https://www.costco.com.tw/c/hot-buys?q=:relevance
2026-08-14,服飾配件,新視紀 矯正鏡片(未滅菌) 275度 LIAM 抗藍光,$479,$589,$110,商品已折價$110 含運,https://www.costco.com.tw/Clothing-Accessories/Sunglasses-Eyeglasses/Reading-Glasses/Design-Optics-Corrective-Spectacle-Lens-Non-Sterile-275-LIAM-Anti-Blue-Light/p/146754,https://www.costco.com.tw/medias/sys_master/images/hde/h4e/378821908234270.jpg,https://www.costco.com.tw/c/hot-buys?q=:relevance
2026-08-14,服飾配件,新視紀 矯正鏡片(未滅菌) 200度 LIAM 抗藍光,$479,$589,$110,商品已折價$110 含運,https://www.costco.com.tw/Clothing-Accessories/Sunglasses-Eyeglasses/Reading-Glasses/Design-Optics-Corrective-Spectacle-Lens-Non-Sterile-200-LIAM-Anti-Blue-Light/p/146752,https://www.costco.com.tw/medias/sys_master/images/h35/hc7/378821904039966.jpg,https://www.costco.com.tw/c/hot-buys?q=:relevance
2026-08-14,服飾配件,新視紀 矯正鏡片(未滅菌) 300度 KYNE,$479,$589,$110,商品已折價$110 含運,https://www.costco.com.tw/Clothing-Accessories/Sunglasses-Eyeglasses/Reading-Glasses/Design-Optics-Corrective-Spectacle-Lens-Non-Sterile-300-KYNE/p/146749,https://www.costco.com.tw/medias/sys_master/images/he4/h98/378821898960926.jpg,https://www.costco.com.tw/c/hot-buys?q=:relevance
2026-08-14,服飾配件,新視紀 矯正鏡片(未滅菌) 250度 ADDIE,$479,$589,$110,商品已折價$110 含運,https://www.costco.com.tw/Clothing-Accessories/Sunglasses-Eyeglasses/Reading-Glasses/Design-Optics-Corrective-Spectacle-Lens-Non-Sterile-250-ADDIE/p/146739,https://www.costco.com.tw/medias/sys_master/images/hbd/ha5/378821659623454.jpg,https://www.costco.com.tw/c/hot-buys?q=:relevance
2026-08-14,服飾配件,新視紀 矯正鏡片(未滅菌) 175度 ADDIE,$479,$589,$110,商品已折價$110 含運,https://www.costco.com.tw/Clothing-Accessories/Sunglasses-Eyeglasses/Reading-Glasses/Design-Optics-Corrective-Spectacle-Lens-Non-Sterile-175-ADDIE/p/146736,https://www.costco.com.tw/medias/sys_master/images/had/hc1/378821648547870.jpg,https://www.costco.com.tw/c/hot-buys?q=:relevance
2026-08-14,服飾配件,新視紀 矯正鏡片(未滅菌) 150度 ADDIE,$479,$589,$110,商品已折價$110 含運,https://www.costco.com.tw/Clothing-Accessories/Sunglasses-Eyeglasses/Reading-Glasses/Design-Optics-Corrective-Spectacle-Lens-Non-Sterile-150-ADDIE/p/146735,https://www.costco.com.tw/medias/sys_master/images/h6f/h5c/378821646516254.jpg,https://www.costco.com.tw/c/hot-buys?q=:relevance
2026-08-14,家具家居,Don Home 300織萊賽爾雙人加大兩用被套六件組 182公分 X 190公分,"$2,335","$2,925",$590,商品已折價$590 含運,https://www.costco.com.tw/Furniture-Kitchen/Bedding/Sheets-Pillowcases/Don-Home-300-Thread-Count-Lyocell-Quilted-Duvet-6-Piece-Set-182-cm-X-190-cm/p/125787,https://www.costco.com.tw/medias/sys_master/images/h26/he2/378822836486174.jpg,https://www.costco.com.tw/c/hot-buys?q=:relevance
2026-08-14,家具家居,Don Home 300織萊賽爾雙人兩用被套六件組 152公分 X 190公分 布拉,"$2,079","$2,599",$520,商品已折價$520 含運,https://www.costco.com.tw/Furniture-Kitchen/Bedding/Sheets-Pillowcases/Don-Home-300-Thread-Count-Lyocell-Quilted-Duvet-6-Piece-Set-152-cm-X-190-cm-Bula/p/414112,https://www.costco.com.tw/medias/sys_master/images/haf/h92/382511792652318.jpg,https://www.costco.com.tw/c/hot-buys?q=:relevance
2026-08-14,家具家居,Caliphil 雲朵雙人加大床包兩用被四件組 183公分 X 190公分 特佩克堡,"$1,739","$2,179",$440,商品已折價$440 含運,https://www.costco.com.tw/Furniture-Kitchen/Bedding/Sheets-Pillowcases/Caliphil-Duvet-Sheet-4-Piece-Set-King-Size-183-cm-X-190-cm-Mocha/p/259157,https://www.costco.com.tw/medias/sys_master/images/ha7/h0b/437687724605470.jpg,https://www.costco.com.tw/c/hot-buys?q=:relevance
2026-08-14,家具家居,Don Home 300織萊賽爾雙人兩用被套六件組 152公分 X 190公分 初綻,"$2,079","$2,599",$520,商品已折價$520 含運,https://www.costco.com.tw/Furniture-Kitchen/Bedding/Sheets-Pillowcases/Don-Home-300-Thread-Count-Lyocell-Quilted-Duvet-6-Piece-Set-152-cm-X-190-cm-Bloom/p/214112,https://www.costco.com.tw/medias/sys_master/images/hb6/he4/382511788392478.jpg,https://www.costco.com.tw/c/hot-buys?q=:relevance
2026-08-14,其他,AGIO Stockholm 戶外休閒沙發四件組,"$36,799","$45,999","$9,200","商品已折價$9,200 含運",https://www.costco.com.tw/Lawn-Garden/Patio-Furniture/Outdoor-Patio-Furniture/AGIO-Stockholm-4-Piece-Outdoor-Deep-Seating-Set/p/1934246,https://www.costco.com.tw/medias/sys_master/images/heb/h44/436453739823134.jpg,https://www.costco.com.tw/c/hot-buys?q=:relevance
2026-08-14,家具家居,Trinity 72 吋滑輪不鏽鋼工作檯,"$17,359","$21,699","$4,340","商品已折價$4,340 含運",https://www.costco.com.tw/Furniture-Kitchen/Hardware-DIY/Tools-Storage/Trinity-72-inch-Stainless-Steel-Rolling-Workbench/p/1900526,https://www.costco.com.tw/medias/sys_master/images/hdd/ha4/10330780958750.jpg,https://www.costco.com.tw/c/hot-buys?q=:relevance
2026-08-14,家具家居,Aiden & Ivy 布面雙人電動沙發,"$20,999","$26,999","$6,000","商品已折價$6,000 含運",https://www.costco.com.tw/Furniture-Kitchen/Furniture/Sofas-Sectionals/Aiden-Ivy-Fabric-Two-Seater-Power-Sofa/p/1862169,https://www.costco.com.tw/medias/sys_master/images/h1f/h90/438035502727198.jpg,https://www.costco.com.tw/c/hot-buys?q=:relevance
2026-08-14,家具家居,Don Home 300織萊賽爾雙人兩用被套 6件組 152公分 X 190公分 協奏,"$2,079","$2,599",$520,商品已折價$520 含運,https://www.costco.com.tw/Furniture-Kitchen/Bedding/Sheets-Pillowcases/Don-Home-300-Thread-Count-Lyocell-Quilted-Duvet-6-Piece-Set-152-cm-X-190-cm-Concerto/p/159771,https://www.costco.com.tw/medias/sys_master/images/h27/h2b/455116814090270.jpg,https://www.costco.com.tw/c/hot-buys?q=:relevance
2026-08-14,家具家居,Caliphil 高織密防螨雙人加大床包兩用被四件組 183公分 X 190公分 白,"$4,319","$5,399","$1,080","商品已折價$1,080 含運",https://www.costco.com.tw/Furniture-Kitchen/Bedding/Sheets-Pillowcases/Caliphil-Anti-Mite-4-Piece-Set-King-Size-183-cm-X-190-cm-White/p/159668,https://www.costco.com.tw/medias/sys_master/images/h72/h0a/450418192810014.jpg,https://www.costco.com.tw/c/hot-buys?q=:relevance
2026-08-14,家具家居,Caliphil 高織密防螨雙人床包兩用被四件組 152公分 X 190公分 白,"$3,839","$4,799",$960,商品已折價$960 含運,https://www.costco.com.tw/Furniture-Kitchen/Bedding/Sheets-Pillowcases/Caliphil-Anti-Mite-4-Piece-Set-Queen-Size-152-cm-X-190-cm-White/p/159666,https://www.costco.com.tw/medias/sys_master/images/hf3/he7/450418192154654.jpg,https://www.costco.com.tw/c/hot-buys?q=:relevance
2026-08-14,家具家居,Bentley Designs Vega 布面吧檯椅,"$3,599","$4,599","$1,000","商品已折價$1,000 含運",https://www.costco.com.tw/Furniture-Kitchen/Furniture/Dining-Sets/Bentley-Designs-Vega-Fabric-Bar-Stool/p/159439,https://www.costco.com.tw/medias/sys_master/images/h7b/had/437687091658782.jpg,https://www.costco.com.tw/c/hot-buys?q=:relevance
2026-08-14,家具家居,Duaning 全牛皮雙人座沙發 灰,"$49,999","$63,999","$14,000","商品已折價$14,000 含運",https://www.costco.com.tw/Furniture-Kitchen/Furniture/Sofas-Sectionals/Duaning-Leather-Sofa-Lucia-Dolce-Light-Grey/p/152907,https://www.costco.com.tw/medias/sys_master/images/hdf/h3b/364686851866654.jpg,https://www.costco.com.tw/c/hot-buys?q=:relevance
2026-08-14,家具家居,Aiden & Ivy 布面可移動式沙發附腳凳 米,"$18,399","$22,999","$4,600","商品已折價$4,600 含運",https://www.costco.com.tw/Furniture-Kitchen/Furniture/Sofas-Sectionals/Aiden-Ivy-Fabric-Sofa-and-Ottoman-Beige/p/152331,https://www.costco.com.tw/medias/sys_master/images/ha0/h9a/361957960319006.jpg,https://www.costco.com.tw/c/hot-buys?q=:relevance
2026-08-14,家具家居,Aiden & Ivy 牛皮電動L型沙發 左,"$38,999","$47,999","$9,000","商品已折價$9,000 含運",https://www.costco.com.tw/Furniture-Kitchen/Furniture/Sofas-Sectionals/Aiden-Ivy-Leather-Power-Sectional-Left/p/152324,https://www.costco.com.tw/medias/sys_master/images/h70/h5e/361957904023582.jpg,https://www.costco.com.tw/c/hot-buys?q=:relevance
2026-08-14,服飾配件,新視紀 矯正鏡片(未滅菌) 150度 MCKAY 抗藍光,$479,$589,$110,商品已折價$110 含運,https://www.costco.com.tw/Clothing-Accessories/Sunglasses-Eyeglasses/Reading-Glasses/Design-Optics-Corrective-Spectacle-Lens-Non-Sterile-150-MCKAY-Anti-Blue-Light/p/146764,https://www.costco.com.tw/medias/sys_master/images/h22/hff/378821992349726.jpg,https://www.costco.com.tw/c/hot-buys?q=:relevance
2026-08-14,服飾配件,新視紀 矯正鏡片(未滅菌) 250度 DAX,$479,$589,$110,商品已折價$110 含運,https://www.costco.com.tw/Clothing-Accessories/Sunglasses-Eyeglasses/Reading-Glasses/Design-Optics-Corrective-Spectacle-Lens-Non-Sterile-250-DAX/p/146759,https://www.costco.com.tw/medias/sys_master/images/h4f/h37/378821918687262.jpg,https://www.costco.com.tw/c/hot-buys?q=:relevance
2026-08-14,服飾配件,新視紀 矯正鏡片(未滅菌) 200度 DAX,$479,$589,$110,商品已折價$110 含運,https://www.costco.com.tw/Clothing-Accessories/Sunglasses-Eyeglasses/Reading-Glasses/Design-Optics-Corrective-Spectacle-Lens-Non-Sterile-200-DAX/p/146758,https://www.costco.com.tw/medias/sys_master/images/h20/h8e/378821917311006.jpg,https://www.costco.com.tw/c/hot-buys?q=:relevance
2026-08-14,服飾配件,新視紀 矯正鏡片(未滅菌) 175度 DAX,$479,$589,$110,商品已折價$110 含運,https://www.costco.com.tw/Clothing-Accessories/Sunglasses-Eyeglasses/Reading-Glasses/Design-Optics-Corrective-Spectacle-Lens-Non-Sterile-175-DAX/p/146757,https://www.costco.com.tw/medias/sys_master/images/h43/hff/378821913477150.jpg,https://www.costco.com.tw/c/hot-buys?q=:relevance
2026-08-14,服飾配件,新視紀 矯正鏡片(未滅菌) 250度 LIAM 抗藍光,$479,$589,$110,商品已折價$110 含運,https://www.costco.com.tw/Clothing-Accessories/Sunglasses-Eyeglasses/Reading-Glasses/Design-Optics-Corrective-Spectacle-Lens-Non-Sterile-250-LIAM-Anti-Blue-Light/p/146753,https://www.costco.com.tw/medias/sys_master/images/hee/hb9/378821907644446.jpg,https://www.costco.com.tw/c/hot-buys?q=:relevance
2026-08-14,服飾配件,新視紀 矯正鏡片(未滅菌) 275度 KYNE,$479,$589,$110,商品已折價$110 含運,https://www.costco.com.tw/Clothing-Accessories/Sunglasses-Eyeglasses/Reading-Glasses/Design-Optics-Corrective-Spectacle-Lens-Non-Sterile-275-KYNE/p/146748,https://www.costco.com.tw/medias/sys_master/images/h4a/h8a/378821898305566.jpg,https://www.costco.com.tw/c/hot-buys?q=:relevance
2026-08-14,服飾配件,新視紀 矯正鏡片(未滅菌) 200度 KYNE,$479,$589,$110,商品已折價$110 含運,https://www.costco.com.tw/Clothing-Accessories/Sunglasses-Eyeglasses/Reading-Glasses/Design-Optics-Corrective-Spectacle-Lens-Non-Sterile-200-KYNE/p/146746,https://www.costco.com.tw/medias/sys_master/images/h2b/ha8/378821893652510.jpg,https://www.costco.com.tw/c/hot-buys?q=:relevance
2026-08-14,服飾配件,新視紀 矯正鏡片(未滅菌) 175度 KYNE,$479,$589,$110,商品已折價$110 含運,https://www.costco.com.tw/Clothing-Accessories/Sunglasses-Eyeglasses/Reading-Glasses/Design-Optics-Corrective-Spectacle-Lens-Non-Sterile-175-KYNE/p/146745,https://www.costco.com.tw/medias/sys_master/images/h92/he6/378821893357598.jpg,https://www.costco.com.tw/c/hot-buys?q=:relevance
2026-08-14,服飾配件,新視紀 矯正鏡片(未滅菌) 150度 KYNE,$479,$589,$110,商品已折價$110 含運,https://www.costco.com.tw/Clothing-Accessories/Sunglasses-Eyeglasses/Reading-Glasses/Design-Optics-Corrective-Spectacle-Lens-Non-Sterile-150-KYNE/p/146743,https://www.costco.com.tw/medias/sys_master/images/h5e/h34/378821660475422.jpg,https://www.costco.com.tw/c/hot-buys?q=:relevance
2026-08-14,家具家居,Don Home 萊賽爾雙人加大兩用被套六件組 182公分 X 190公分 賽洛,"$2,399","$2,999",$600,商品已折價$600 含運,https://www.costco.com.tw/Furniture-Kitchen/Bedding/Sheets-Pillowcases/Don-Home-300-Thread-Count-Lyocell-Quilted-Duvet-6-Piece-Set-182-cm-X-190-cm-Lou/p/144734,https://www.costco.com.tw/medias/sys_master/images/hc2/haf/227296421478430.jpg,https://www.costco.com.tw/c/hot-buys?q=:relevance
2026-08-14,家具家居,Don Home 300織萊賽爾雙人兩用被套六件組 152公分 X 190公分,"$2,079","$2,599",$520,商品已折價$520 含運,https://www.costco.com.tw/Furniture-Kitchen/Bedding/Sheets-Pillowcases/Don-Home-300-Thread-Count-Lyocell-Quilted-Duvet-6-Piece-Set-152-cm-X-190-cm/p/114112,https://www.costco.com.tw/medias/sys_master/images/h4f/hce/378822832357406.jpg,https://www.costco.com.tw/c/hot-buys?q=:relevance
2026-08-14,日用品／母嬰／玩具,OzKleen 寵物汙漬異味清除劑 500毫升 X 2入,$294,$369,$75,商品已折價$75 含運,https://www.costco.com.tw/Household-Baby-Toys/Household-Essentials/Cleaning-Supplies/OzKleen-Pet-Power-500-ml-X-2-Count/p/412384,https://www.costco.com.tw/medias/sys_master/images/hf4/h6e/450045556785182.jpg,https://www.costco.com.tw/c/hot-buys?q=:relevance
2026-08-14,其他,KidKraft Sunny Bluff 遊戲屋,"$10,989","$14,999","$4,010","商品已折價$4,010 含運",https://www.costco.com.tw/Lawn-Garden/Patio-Furniture/Outdoor-Patio-Furniture/KidKraft-Sunny-Bluff-Playhouse/p/1872206,https://www.costco.com.tw/medias/sys_master/images/hf7/h1f/471660421840926.jpg,https://www.costco.com.tw/c/hot-buys?q=:relevance
2026-08-14,其他,Igloo 18.9公升 保冷桶,"$1,359","$1,759",$400,商品已折價$400 含運,https://www.costco.com.tw/Sports-Lifestyle/Camping-Outdoors/Coolers/Igloo-Sport-5-Gallon-Roller/p/1872201,https://www.costco.com.tw/medias/sys_master/images/hca/h9f/454001921064990.jpg,https://www.costco.com.tw/c/hot-buys?q=:relevance
2026-08-14,其他,AGIO Stinsley 戶外休閒沙發四件組,"$33,199","$41,499","$8,300","商品已折價$8,300 含運",https://www.costco.com.tw/Lawn-Garden/Patio-Furniture/Outdoor-Patio-Furniture/AGIO-Stinsley-4-Piece-Outdoor-Deep-Seating-Set/p/1807201,https://www.costco.com.tw/medias/sys_master/images/h03/ha8/436453558747166.jpg,https://www.costco.com.tw/c/hot-buys?q=:relevance
2026-08-14,家具家居,Don Home 300織萊賽爾雙人加大兩用被套六件組 182公分 X 190公分 微光,"$2,399","$2,999",$600,商品已折價$600 含運,https://www.costco.com.tw/Furniture-Kitchen/Bedding/Sheets-Pillowcases/Don-Home-300-Thread-Count-Lyocell-Quilted-Duvet-6-Piece-Set-182-cm-X-190-cm-Shimmer/p/159774,https://www.costco.com.tw/medias/sys_master/images/hc0/hd4/455116822806558.jpg,https://www.costco.com.tw/c/hot-buys?q=:relevance
2026-08-14,家具家居,Bentley Designs Sienna 三層抽屜櫃,"$11,999","$14,999","$3,000","商品已折價$3,000 含運",https://www.costco.com.tw/Furniture-Kitchen/Furniture/Cabinets-Tables/Bentley-Designs-Sienna-3-Drawer-Chest/p/159451,https://www.costco.com.tw/medias/sys_master/images/h02/h69/437687222927390.jpg,https://www.costco.com.tw/c/hot-buys?q=:relevance
2026-08-14,家具家居,Bentley Designs Sienna 雙門衣櫃,"$19,999","$24,999","$5,000","商品已折價$5,000 含運",https://www.costco.com.tw/Furniture-Kitchen/Furniture/Cabinets-Tables/Bentley-Designs-Sienna-Double-Wardrobe/p/159449,https://www.costco.com.tw/medias/sys_master/images/h23/h83/437687217848350.jpg,https://www.costco.com.tw/c/hot-buys?q=:relevance
2026-08-14,家具家居,Bentley Designs Kristen 電視櫃,"$10,299","$12,899","$2,600","商品已折價$2,600 含運",https://www.costco.com.tw/Furniture-Kitchen/Furniture/Cabinets-Tables/Bentley-Designs-Kristen-Media-Unit/p/159441,https://www.costco.com.tw/medias/sys_master/images/h18/h9c/437687199924254.jpg,https://www.costco.com.tw/c/hot-buys?q=:relevance
2026-08-14,家具家居,Bentley Designs Vega 餐桌椅五件組,"$27,999","$34,999","$7,000","商品已折價$7,000 含運",https://www.costco.com.tw/Furniture-Kitchen/Furniture/Dining-Sets/Bentley-Designs-Vega-Dining-Set-5-Piece-Set/p/159440,https://www.costco.com.tw/medias/sys_master/images/h10/hf0/437687194484766.jpg,https://www.costco.com.tw/c/hot-buys?q=:relevance
2026-08-14,家具家居,Gallery Wigmore 布面休閒躺椅,"$5,599","$6,999","$1,400","商品已折價$1,400 含運",https://www.costco.com.tw/Furniture-Kitchen/Furniture/Sofas-Sectionals/Gallery-Wigmore-Fabric-Lounge-Chair/p/157766,https://www.costco.com.tw/medias/sys_master/images/h09/h3e/433249467039774.jpg,https://www.costco.com.tw/c/hot-buys?q=:relevance
2026-08-14,家具家居,Gallery Wigmore 布面雙人沙發,"$10,999","$13,999","$3,000","商品已折價$3,000 含運",https://www.costco.com.tw/Furniture-Kitchen/Furniture/Sofas-Sectionals/Gallery-Wigmore-Fabric-Two-Seater-Sofa/p/157495,https://www.costco.com.tw/medias/sys_master/images/h9d/hbe/434798770847774.jpg,https://www.costco.com.tw/c/hot-buys?q=:relevance
2026-08-14,家具家居,Anda Seat 皮革電競椅 粉,"$7,499","$9,499","$2,000","商品已折價$2,000 含運",https://www.costco.com.tw/Furniture-Kitchen/Furniture/Computer-Desk-Chair-Sets/Anda-Seat-Leather-Gaming-Chair-Pink/p/153101,https://www.costco.com.tw/medias/sys_master/images/hf9/ha0/367883407720478.jpg,https://www.costco.com.tw/c/hot-buys?q=:relevance
2026-08-14,家具家居,Anda Seat 皮革電競椅 藍,"$7,499","$9,499","$2,000","商品已折價$2,000 含運",https://www.costco.com.tw/Furniture-Kitchen/Furniture/Computer-Desk-Chair-Sets/Anda-Seat-Leather-Gaming-Chair-Blue/p/153100,https://www.costco.com.tw/medias/sys_master/images/h8a/ha7/367883403264030.jpg,https://www.costco.com.tw/c/hot-buys?q=:relevance
2026-08-14,家具家居,Aiden & Ivy 布面可移動式沙發附腳凳 灰,"$18,399","$22,999","$4,600","商品已折價$4,600 含運",https://www.costco.com.tw/Furniture-Kitchen/Furniture/Sofas-Sectionals/Aiden-Ivy-Fabric-Sofa-and-Ottoman-Grey/p/152330,https://www.costco.com.tw/medias/sys_master/images/h17/h1a/361386673012766.jpg,https://www.costco.com.tw/c/hot-buys?q=:relevance
2026-08-14,服飾配件,新視紀 矯正鏡片(未滅菌) 300度 COLE,$479,$589,$110,商品已折價$110 含運,https://www.costco.com.tw/Clothing-Accessories/Sunglasses-Eyeglasses/Reading-Glasses/Design-Optics-Corrective-Spectacle-Lens-Non-Sterile-300-COLE/p/146775,https://www.costco.com.tw/medias/sys_master/images/h50/h51/378822012600350.jpg,https://www.costco.com.tw/c/hot-buys?q=:relevance
2026-08-14,服飾配件,新視紀 矯正鏡片(未滅菌) 275度 COLE,$479,$589,$110,商品已折價$110 含運,https://www.costco.com.tw/Clothing-Accessories/Sunglasses-Eyeglasses/Reading-Glasses/Design-Optics-Corrective-Spectacle-Lens-Non-Sterile-275-COLE/p/146774,https://www.costco.com.tw/medias/sys_master/images/hce/h9e/378822010306590.jpg,https://www.costco.com.tw/c/hot-buys?q=:relevance
2026-08-14,服飾配件,新視紀 矯正鏡片(未滅菌) 175度 COLE,$479,$589,$110,商品已折價$110 含運,https://www.costco.com.tw/Clothing-Accessories/Sunglasses-Eyeglasses/Reading-Glasses/Design-Optics-Corrective-Spectacle-Lens-Non-Sterile-175-COLE/p/146771,https://www.costco.com.tw/medias/sys_master/images/h53/h95/378822003982366.jpg,https://www.costco.com.tw/c/hot-buys?q=:relevance
2026-08-14,服飾配件,新視紀 矯正鏡片(未滅菌) 275度 MCKAY 抗藍光,$479,$589,$110,商品已折價$110 含運,https://www.costco.com.tw/Clothing-Accessories/Sunglasses-Eyeglasses/Reading-Glasses/Design-Optics-Corrective-Spectacle-Lens-Non-Sterile-275-MCKAY-Anti-Blue-Light/p/146768,https://www.costco.com.tw/medias/sys_master/images/h24/hb2/378821998051358.jpg,https://www.costco.com.tw/c/hot-buys?q=:relevance
2026-08-14,服飾配件,新視紀 矯正鏡片(未滅菌) 275度 ADDIE 金屬,$479,$589,$110,商品已折價$110 含運,https://www.costco.com.tw/Clothing-Accessories/Sunglasses-Eyeglasses/Reading-Glasses/Design-Optics-Corrective-Spectacle-Lens-Non-Sterile-275-ADDIE-Metal/p/146762,https://www.costco.com.tw/medias/sys_master/images/hac/hd7/378821923209246.jpg,https://www.costco.com.tw/c/hot-buys?q=:relevance
2026-08-14,服飾配件,新視紀 矯正鏡片(未滅菌) 300度 DAX,$479,$589,$110,商品已折價$110 含運,https://www.costco.com.tw/Clothing-Accessories/Sunglasses-Eyeglasses/Reading-Glasses/Design-Optics-Corrective-Spectacle-Lens-Non-Sterile-300-DAX/p/146761,https://www.costco.com.tw/medias/sys_master/images/hdb/h32/378821922029598.jpg,https://www.costco.com.tw/c/hot-buys?q=:relevance
2026-08-14,服飾配件,新視紀 矯正鏡片(未滅菌) 275度 DAX,$479,$589,$110,商品已折價$110 含運,https://www.costco.com.tw/Clothing-Accessories/Sunglasses-Eyeglasses/Reading-Glasses/Design-Optics-Corrective-Spectacle-Lens-Non-Sterile-275-DAX/p/146760,https://www.costco.com.tw/medias/sys_master/images/h06/h52/378821918949406.jpg,https://www.costco.com.tw/c/hot-buys?q=:relevance
2026-08-14,服飾配件,新視紀 矯正鏡片(未滅菌) 300度 LIAM 抗藍光,$479,$589,$110,商品已折價$110 含運,https://www.costco.com.tw/Clothing-Accessories/Sunglasses-Eyeglasses/Reading-Glasses/Design-Optics-Corrective-Spectacle-Lens-Non-Sterile-300-LIAM-Anti-Blue-Light/p/146755,https://www.costco.com.tw/medias/sys_master/images/h37/h67/378821908725790.jpg,https://www.costco.com.tw/c/hot-buys?q=:relevance
2026-08-14,服飾配件,新視紀 矯正鏡片(未滅菌) 200度 ADDIE,$479,$589,$110,商品已折價$110 含運,https://www.costco.com.tw/Clothing-Accessories/Sunglasses-Eyeglasses/Reading-Glasses/Design-Optics-Corrective-Spectacle-Lens-Non-Sterile-200-ADDIE/p/146738,https://www.costco.com.tw/medias/sys_master/images/h34/h3f/378821659492382.jpg,https://www.costco.com.tw/c/hot-buys?q=:relevance
2026-08-14,家具家居,Bentley Designs 咖啡桌 淺棕色 114公分,"$4,999","$6,299","$1,300","商品已折價$1,300 含運",https://www.costco.com.tw/Furniture-Kitchen/Furniture/Cabinets-Tables/Bentley-Designs-Coffee-Table-Light-Brown-114-cm/p/141686,https://www.costco.com.tw/medias/sys_master/images/he9/hd0/175063705911326.jpg,https://www.costco.com.tw/c/hot-buys?q=:relevance
2026-08-14,食品飲料,科克蘭 初榨橄欖油 1 公升,$399,,,含運,https://www.costco.com.tw/Food-Dining/Groceries/Cooking-Oil-Sauces/Kirkland-Signature-Siurana-Arbequina-Extra-Virgin-Olive-Oil-1L/p/891831,https://www.costco.com.tw/medias/sys_master/images/h16/ha9/471660454969374.jpg,https://www.costco.com.tw/c/hot-buys?q=:relevance
2026-08-14,保健美容,科克蘭 超級維他命B群 500錠,$627,,,含運,https://www.costco.com.tw/Health-Beauty/Supplements/Multi-Letter-Vitamins/Kirkland-Signature-Super-B-Complex-500-Tablet/p/339120,https://www.costco.com.tw/medias/sys_master/images/h58/h00/450045553967134.jpg,https://www.costco.com.tw/c/hot-buys?q=:relevance
2026-08-14,食品飲料,科克蘭 冷萃特級初榨橄欖油 2公升,$729,,,含運,https://www.costco.com.tw/Food-Dining/Groceries/Cooking-Oil-Sauces/Kirkland-Signature-Extra-Virgin-Olive-Oil-2-L/p/1058619,https://www.costco.com.tw/medias/sys_master/images/hf8/h7f/472591303573534.jpg,https://www.costco.com.tw/c/hot-buys?q=:relevance
2026-08-14,食品飲料,"科克蘭 冷凍養殖超特大生蝦仁 1.5磅 / 680公克, 每磅11-15隻",$609,,,含運,https://www.costco.com.tw/Food-Dining/Frozen-Fresh-Food/Frozen-Seafood-Meat/Kirkland-Signature-Frozen-Raw-Tail-On-Shrimp-15-LBs-680-g-11-15-Count-LB/p/2255533,https://www.costco.com.tw/medias/sys_master/images/h82/h65/137772763709470.jpg,https://www.costco.com.tw/c/hot-buys?q=:relevance
2026-08-14,食品飲料,科克蘭 冷壓初榨椰子油 2.48公升,$529,,,含運,https://www.costco.com.tw/Food-Dining/Groceries/Cooking-Oil-Sauces/Kirkland-Signature-Virgin-Coconut-Oil-248-L/p/1076366,https://www.costco.com.tw/medias/sys_master/images/hea/h60/11171010084894.jpg,https://www.costco.com.tw/c/hot-buys?q=:relevance
2026-08-14,服飾配件,科克蘭 女輕量休閒短褲,$327,,,含運,https://www.costco.com.tw/Clothing-Accessories/Womens-Clothing/Womens-Bottoms-Dresses/Kirkland-Signature-Ladies-Lightweight-Short/p/7771782,https://www.costco.com.tw/medias/sys_master/images/hce/hcc/437687799644190.jpg,https://www.costco.com.tw/c/hot-buys?q=:relevance
2026-08-14,日用品／母嬰／玩具,Ariel 極致雙效洗衣精補充包 1100公克 X 6 入,$949,,,含運,https://www.costco.com.tw/Household-Baby-Toys/Household-Essentials/Laundry-Care/Ariel-Laundry-Detergent-Liquid-Refill-1100-g-X-6-Count/p/417455,https://www.costco.com.tw/medias/sys_master/images/h1a/hc8/438035520225310.jpg,https://www.costco.com.tw/c/hot-buys?q=:relevance
2026-08-14,食品飲料,CJ Bibigo 韓式辣炒年糕 1080公克,$277,,,含運,https://www.costco.com.tw/Food-Dining/Groceries/Canned-Prepared-Food/CJ-Bibigo-Korean-Sweet-Spicy-Tteokbokki-1080-g/p/153693,https://www.costco.com.tw/medias/sys_master/images/h19/hb2/381454903967774.jpg,https://www.costco.com.tw/c/hot-buys?q=:relevance
2026-08-14,保健美容,Tryall 無調味水解乳清蛋白 2.5公斤,"$2,439",,,含運,https://www.costco.com.tw/Health-Beauty/Supplements/Sports-Performance/Tryall-Whey-Protein-Hydrolysate-Unflavored-25-kg/p/155647,https://www.costco.com.tw/medias/sys_master/images/he4/h16/397422709243934.jpg,https://www.costco.com.tw/c/hot-buys?q=:relevance
2026-08-14,食品飲料,不二家 經典牛奶糖 520公克,$237,,,含運,https://www.costco.com.tw/Food-Dining/Snacks/Candies-Chocolates/Fujiya-Peko-Milk-Soft-Candy-520-g/p/155247,https://www.costco.com.tw/medias/sys_master/images/h2f/h79/381660478636062.jpg,https://www.costco.com.tw/c/hot-buys?q=:relevance
2026-08-14,服飾配件,Aeropostale 女短袖上衣,$247,,,含運,https://www.costco.com.tw/Clothing-Accessories/Womens-Clothing/Womens-Tops/Aeropostale-Ladies-Short-Sleeve-Tee/p/520715,https://www.costco.com.tw/medias/sys_master/images/hea/h29/453636935254046.jpg,https://www.costco.com.tw/c/hot-buys?q=:relevance
2026-08-14,食品飲料,Paradise Green 芒果乾 1公斤,$397,,,含運,https://www.costco.com.tw/Food-Dining/Snacks/Nuts-Jerky/Paradise-Green-Dried-Mangoes-1-kg/p/130032,https://www.costco.com.tw/medias/sys_master/images/hf7/h08/49442270969886.jpg,https://www.costco.com.tw/c/hot-buys?q=:relevance
2026-08-14,日用品／母嬰／玩具,Charmin 超柔捲筒衛生紙 213張 X 30卷,$999,,,含運,https://www.costco.com.tw/Household-Baby-Toys/Household-Essentials/Toilet-Paper-Paper-Towels/Charmin-Ultra-Soft-Bath-Tissue-213-Sheet-X-30-Roll/p/2773119,https://www.costco.com.tw/medias/sys_master/images/hc7/h92/420739725426718.jpg,https://www.costco.com.tw/c/hot-buys?q=:relevance
2026-08-14,食品飲料,冷凍龍虎石斑魚片 1公斤,$929,,,含運,https://www.costco.com.tw/Food-Dining/Frozen-Fresh-Food/Frozen-Seafood-Meat/Frozen-Tiger-Grouper-Fillet-1-kg/p/186793,https://www.costco.com.tw/medias/sys_master/images/h49/hb7/115203741548574.jpg,https://www.costco.com.tw/c/hot-buys?q=:relevance
2026-08-14,家具家居,歐司朗 40W LED 平板燈 60公分 X 60公分 1入組,$869,,,含運,https://www.costco.com.tw/Furniture-Kitchen/Hardware-DIY/Lighting-Light-Bulbs/OSRAM-40W-LED-Panel-60-cm-X-60-cm-1-Pack/p/145364-B,https://www.costco.com.tw/medias/sys_master/images/hee/h4e/228335434137630.jpg,https://www.costco.com.tw/c/hot-buys?q=:relevance
2026-08-14,保健美容,蜜唇之吻迪士尼系列潤唇膏,$297,,,含運,https://www.costco.com.tw/Health-Beauty/Beauty-Skin-Care/Makeup-Beauty-Accessories/LIP-SMACKER-LIP-BALM/p/8521030,https://www.costco.com.tw/medias/sys_master/images/hd6/h0d/399197064855582.jpg,https://www.costco.com.tw/c/hot-buys?q=:relevance
2026-08-14,服飾配件,GAP 女九分褲,"$1,999",,,,https://www.costco.com.tw/Clothing-Accessories/Womens-Clothing/Womens-Bottoms-Dresses/GAP-Ladies-Ankle-Trouser/p/1971848,https://www.costco.com.tw/medias/sys_master/images/h75/h8f/451293719953438.jpg,https://www.costco.com.tw/c/hot-buys?q=:relevance
2026-08-14,家電 3C,飛利浦 55吋 4K QLED Google TV 顯示器 55PQT8530/96,"$15,799",,,含運,https://www.costco.com.tw/Televisions-Appliances/TV-Home-Entertainment/Televisions-TV-Accessories/50-59-TVs/Philips-55-inch-4K-QLED-Google-TV-Monitor-55PQT853096/p/153526,https://www.costco.com.tw/medias/sys_master/images/hf8/h76/438072172707870.jpg,https://www.costco.com.tw/c/hot-buys?q=:relevance
2026-08-14,家電 3C,TP-Link Tapo C425 電池式戶外安全攝影機,"$2,289",,,含運,https://www.costco.com.tw/Digital-Mobile/Cameras/Security-Cameras-Drones/TP-Link-Tapo-C425-Smart-Wire-Free-Security-Camera/p/158488,https://www.costco.com.tw/medias/sys_master/images/hf5/h95/448868354785310.jpg,https://www.costco.com.tw/c/hot-buys?q=:relevance
2026-08-14,服飾配件,Juicy Couture 女短袖上衣,$347,,,含運,https://www.costco.com.tw/Clothing-Accessories/Womens-Clothing/Womens-Tops/Juicy-Couture-Ladies-Short-Sleeve-Tee/p/156551,https://www.costco.com.tw/medias/sys_master/images/he7/h19/420739560636446.jpg,https://www.costco.com.tw/c/hot-buys?q=:relevance
2026-08-14,服飾配件,Levi's 男內褲四入組,$347,,,含運,https://www.costco.com.tw/Clothing-Accessories/Mens-Clothing/Mens-Socks-Underwear/Levis-Mens-Active-Boxer-4-Pack-Set/p/156158,https://www.costco.com.tw/medias/sys_master/images/h9d/h87/437686995386398.jpg,https://www.costco.com.tw/c/hot-buys?q=:relevance
2026-08-14,家電 3C,TP-Link Tapo C510W 戶外旋轉式防護 WiFi 攝影機,"$1,299",,,含運,https://www.costco.com.tw/Digital-Mobile/Cameras/Security-Cameras-Drones/TP-Link-Tapo-C510W-Pan-Tilt-Security-Wi-Fi-Camera/p/158487,https://www.costco.com.tw/medias/sys_master/images/h72/h49/448868354719774.jpg,https://www.costco.com.tw/c/hot-buys?q=:relevance
2026-08-14,保健美容,Thinksport 新寶貝 純物理防曬霜 SPF 50 (運動款) 89毫升 X 2入,$397,,,含運,https://www.costco.com.tw/Health-Beauty/Beauty-Skin-Care/Sun-Care/Thinksport-Sunscreen-SPF-50-for-Sports-89-ml-X-2-Pack/p/145875,https://www.costco.com.tw/medias/sys_master/images/hb6/h35/238946522071070.jpg,https://www.costco.com.tw/c/hot-buys?q=:relevance
2026-08-14,服飾配件,Nepa 男休閒多口袋短褲,$647,,,含運,https://www.costco.com.tw/Clothing-Accessories/Mens-Clothing/Mens-Bottoms/Nepa-Mens-Cargo-Shorts/p/658226,https://www.costco.com.tw/medias/sys_master/images/h63/h13/467794425020446.jpg,https://www.costco.com.tw/c/hot-buys?q=:relevance
2026-08-14,服飾配件,Hi-Tec 男印花短袖上衣,$247,,,含運,https://www.costco.com.tw/Clothing-Accessories/Mens-Clothing/Mens-Tops/Hi-Tec-Mens-Short-Sleeve-Graphic-Tee/p/1956456,https://www.costco.com.tw/medias/sys_master/images/h93/hfc/452308928397342.jpg,https://www.costco.com.tw/c/hot-buys?q=:relevance
2026-08-14,服飾配件,Advent 女寬直筒褲,$347,,,含運,https://www.costco.com.tw/Clothing-Accessories/Womens-Clothing/Womens-Bottoms-Dresses/Advent-Ladies-Advent-Draped-Pleated-Wide-Pant/p/156457,https://www.costco.com.tw/medias/sys_master/images/had/haf/422090897227806.jpg,https://www.costco.com.tw/c/hot-buys?q=:relevance
2026-08-14,家電 3C,Apple MagSafe 充電器 1公尺,"$1,029",,,含運,https://www.costco.com.tw/Digital-Mobile/Mobile-Tablets/Mobile-Tablets-Accessories/Apple-MagSafe-Charger-1-m/p/155889,https://www.costco.com.tw/medias/sys_master/images/h96/h39/489125933580318.jpg,https://www.costco.com.tw/c/hot-buys?q=:relevance
2026-08-14,保健美容,Thinkbaby 新寶貝純物理防曬霜 SPF 50 89毫升 X 2入,$397,,,含運,https://www.costco.com.tw/Health-Beauty/Beauty-Skin-Care/Sun-Care/Thinkbaby-Sunscreen-SPF-50-89-ml-X-2-Pack/p/117096,https://www.costco.com.tw/medias/sys_master/images/h5a/h67/138405416140830.jpg,https://www.costco.com.tw/c/hot-buys?q=:relevance
2026-08-14,服飾配件,Body Blue 女細肩帶背心2入組,$697,,,含運,https://www.costco.com.tw/Clothing-Accessories/Womens-Clothing/Womens-Socks-Intimates/Body-Blue-Ladies-Bratop-2-Piece-Set/p/157012,https://www.costco.com.tw/medias/sys_master/images/h84/h7e/449275355365406.jpg,https://www.costco.com.tw/c/hot-buys?q=:relevance
2026-08-14,服飾配件,Nautica 女短版短袖上衣,$397,,,含運,https://www.costco.com.tw/Clothing-Accessories/Womens-Clothing/Womens-Tops/Nautica-Ladies-Short-Cut-Short-Sleeve-Tee/p/155245,https://www.costco.com.tw/medias/sys_master/images/hb6/hb9/454001500749854.jpg,https://www.costco.com.tw/c/hot-buys?q=:relevance
2026-08-14,家具家居,Wyatt & Ash 印花可水洗地毯 2入組,$797,,,含運,https://www.costco.com.tw/Furniture-Kitchen/Bedding/Rugs-Mats/Wyatt-Ash-Machine-Washable-Runner-Rug-2-Pack-Set/p/1881574,https://www.costco.com.tw/medias/sys_master/images/h29/h06/401756148269086.jpg,https://www.costco.com.tw/c/hot-buys?q=:relevance
2026-08-14,服飾配件,Nautica 女休閒短褲,$497,,,含運,https://www.costco.com.tw/Clothing-Accessories/Womens-Clothing/Womens-Bottoms-Dresses/Nautica-Ladies-Casual-Short/p/142040,https://www.costco.com.tw/medias/sys_master/images/h05/h13/448868221681694.jpg,https://www.costco.com.tw/c/hot-buys?q=:relevance
2026-08-14,其他,California Board Company 41吋 沙板,$597,,,含運,https://www.costco.com.tw/Sports-Lifestyle/Sports-Fitness/Water-Sports/California-Board-Company-41-inch-Skimboard/p/1872087,https://www.costco.com.tw/medias/sys_master/images/h8f/hcf/454769529028638.jpg,https://www.costco.com.tw/c/hot-buys?q=:relevance
2026-08-14,家電 3C,飛利浦 抗敏除甲醛空氣清淨機 AC0917,"$7,999",,,含運,https://www.costco.com.tw/Televisions-Appliances/Cooling-Heating-Air-Treatment/Air-Purifiers-Filters-Accessories/Philips-Air-Purifier-AC0917/p/148769,https://www.costco.com.tw/medias/sys_master/images/h21/h15/345757370351646.jpg,https://www.costco.com.tw/c/hot-buys?q=:relevance
2026-08-14,保健美容,Thinksport 新寶貝 純物理防曬霜 SPF 50 (兒童款) 89毫升 X 2入,$397,,,含運,https://www.costco.com.tw/Health-Beauty/Beauty-Skin-Care/Sun-Care/Thinksport-Sunscreen-SPF-50-for-Kids-89-ml-X-2-Pack/p/145877,https://www.costco.com.tw/medias/sys_master/images/hdd/hd1/238946525741086.jpg,https://www.costco.com.tw/c/hot-buys?q=:relevance
2026-08-14,家電 3C,TP-Link Tapo D210 智慧門鈴,"$1,599",,,含運,https://www.costco.com.tw/Digital-Mobile/Cameras/Security-Cameras-Drones/TP-Link-Tapo-D210-Video-Doorbell-Camera/p/158484,https://www.costco.com.tw/medias/sys_master/images/h79/h36/448868347772958.jpg,https://www.costco.com.tw/c/hot-buys?q=:relevance
2026-08-14,家具家居,Disney 萌萌抱枕,$297,,,含運,https://www.costco.com.tw/Furniture-Kitchen/Bedding/Throw-Pillows-Cushions/Disney-Cute-Cushion/p/152481,https://www.costco.com.tw/medias/sys_master/images/h11/hff/421140480393246.jpg,https://www.costco.com.tw/c/hot-buys?q=:relevance
2026-08-14,服飾配件,Tailor Vintage 男短褲,$447,,,含運,https://www.costco.com.tw/Clothing-Accessories/Mens-Clothing/Mens-Bottoms/Tailor-Vintage-Mens-Short/p/1956435,https://www.costco.com.tw/medias/sys_master/images/h6d/h13/452308916764702.jpg,https://www.costco.com.tw/c/hot-buys?q=:relevance
2026-08-14,家具家居,Signature 動物圖案馬克杯 503毫升 X 6件組,$447,,,含運,https://www.costco.com.tw/Furniture-Kitchen/Kitchen-Dining/Coffee-Accessories-Drinkware/Signature-Animal-Mugs-503-ml-X-6-Piece-Set/p/157177,https://www.costco.com.tw/medias/sys_master/images/h63/hb7/403520140345374.jpg,https://www.costco.com.tw/c/hot-buys?q=:relevance
2026-08-14,家具家居,Riviera Home 花邊柔軟浴室地墊 2入 40公分 X 60公分,$447,,,含運,https://www.costco.com.tw/Furniture-Kitchen/Bedding/Rugs-Mats/Riviera-Home-Bath-Mat-2-Pack-40-cm-X-60-cm/p/669807,https://www.costco.com.tw/medias/sys_master/images/h98/hb9/401756180119582.jpg,https://www.costco.com.tw/c/hot-buys?q=:relevance
2026-08-14,服飾配件,Tailor Vintage 男短褲,$397,,,含運,https://www.costco.com.tw/Clothing-Accessories/Mens-Clothing/Mens-Bottoms/Tailor-Vintage-Mens-Ewaist-Surplus-Short/p/1956454,https://www.costco.com.tw/medias/sys_master/images/h52/hec/438876318466078.jpg,https://www.costco.com.tw/c/hot-buys?q=:relevance
2026-08-14,其他,Intex 遮陽烏龜遊樂園,"$1,047",,,含運,https://www.costco.com.tw/Sports-Lifestyle/Sports-Fitness/Water-Sports/Intex-Turtle-Cove-Playland/p/159634,https://www.costco.com.tw/medias/sys_master/images/hb3/hdd/454001778294814.jpg,https://www.costco.com.tw/c/hot-buys?q=:relevance
2026-08-14,家具家居,Panasonic 碳鋅2號電池 24入組,$397,,,含運,https://www.costco.com.tw/Furniture-Kitchen/Hardware-DIY/Power-Tools-Electrical/Panasonic-Carbon-Zinc-C-Size-Battery-24-Pack/p/152790,https://www.costco.com.tw/medias/sys_master/images/h2c/hf7/363341288079390.jpg,https://www.costco.com.tw/c/hot-buys?q=:relevance
2026-08-14,家具家居,Tramontina 廚房烹飪用具 4件組,$527,,,含運,https://www.costco.com.tw/Furniture-Kitchen/Kitchen-Dining/Cooking-Accessories/Tramontina-Gourmet-Tool-4-Piece-Set/p/8525857,https://www.costco.com.tw/medias/sys_master/images/ha2/h17/432046597931038.jpg,https://www.costco.com.tw/c/hot-buys?q=:relevance
2026-08-14,家具家居,三麗鷗 兒童不鏽鋼保冷保溫瓶 700毫升,$377,,,含運,https://www.costco.com.tw/Furniture-Kitchen/Kitchen-Dining/Water-Bottles/Sanrio-Kids-Stainless-Steel-Water-Bottle-700-ml/p/8524812,https://www.costco.com.tw/medias/sys_master/images/h86/h63/382254260322334.jpg,https://www.costco.com.tw/c/hot-buys?q=:relevance
2026-08-14,保健美容,SUISAI 淨透酵素粉N 32顆 X 2入,$759,,,含運,https://www.costco.com.tw/Health-Beauty/Beauty-Skin-Care/Skin-Care/SUISAI-Beauty-Clear-Powder-Wash-32-Count-X-2-Pack/p/158825,https://www.costco.com.tw/medias/sys_master/images/h83/h74/432046532296734.jpg,https://www.costco.com.tw/c/hot-buys?q=:relevance
2026-08-14,服飾配件,Fila 兒童毛圈布長褲,$247,,,含運,https://www.costco.com.tw/Clothing-Accessories/Kids-Clothing/Kids-Bottoms-Dresses/Fila-Kids-French-Terry-Jogger/p/152413,https://www.costco.com.tw/medias/sys_master/images/he4/had/400499317571614.jpg,https://www.costco.com.tw/c/hot-buys?q=:relevance
2026-08-14,家具家居,Over & Back 彩繪花紋馬克杯 414毫升 X 6件組,$457,,,含運,https://www.costco.com.tw/Furniture-Kitchen/Kitchen-Dining/Coffee-Accessories-Drinkware/Over-Back-Floral-Mugs-414-ml-X-6-Piece-Set/p/1324688,https://www.costco.com.tw/medias/sys_master/images/h18/he9/433249360478238.jpg,https://www.costco.com.tw/c/hot-buys?q=:relevance
2026-08-14,服飾配件,New Balance 男經典 Logo 短袖上衣,"$1,999",,,,https://www.costco.com.tw/Clothing-Accessories/Mens-Clothing/Mens-Tops/New-Balance-Mens-Classic-Logo-Short-Sleeve-Tee/p/1846538,https://www.costco.com.tw/medias/sys_master/images/ha8/h90/434798860697630.jpg,https://www.costco.com.tw/c/hot-buys?q=:relevance
2026-08-14,家電 3C,ASUS Vivobook Go 15 15.6吋 筆記型電腦,"$15,999",,,含運,https://www.costco.com.tw/Digital-Mobile/Laptops-Computers/Laptops/ASUS-Vivobook-Go-15-156-inch-Laptop/p/161254,https://www.costco.com.tw/medias/sys_master/images/h7c/h8d/467794329665566.jpg,https://www.costco.com.tw/c/hot-buys?q=:relevance
2026-08-14,日用品／母嬰／玩具,喜躍 豪華海鮮拼盤湯包綜合組 43.9公克 X 24包入,$347,,,含運,https://www.costco.com.tw/Household-Baby-Toys/Pet-Supplies/Pet-Dry-Wet-Food/Friskies-Seafood-Faves-Variety-Pack-439-g-X-24-Pack/p/155123,https://www.costco.com.tw/medias/sys_master/images/h97/h95/384001257177118.jpg,https://www.costco.com.tw/c/hot-buys?q=:relevance
2026-08-14,家具家居,Polartec 毛絨毯 170公分 X 220公分,$797,,,含運,https://www.costco.com.tw/Furniture-Kitchen/Bedding/Pillows-Comforters-Blankets/Polartec-Fleece-Blanket-170-cm-X-220-cm/p/8526078,https://www.costco.com.tw/medias/sys_master/images/h31/h78/421141240709150.jpg,https://www.costco.com.tw/c/hot-buys?q=:relevance
2026-08-14,服飾配件,Adidas 多功能運動包,"$1,147",,,含運,https://www.costco.com.tw/Clothing-Accessories/Luggage-Backpacks/Totes-Backpacks/Adidas-Duffle-Bag/p/157722,https://www.costco.com.tw/medias/sys_master/images/h02/h1f/450045201448990.jpg,https://www.costco.com.tw/c/hot-buys?q=:relevance
2026-08-14,日用品／母嬰／玩具,Step2 汽車造型戲水桌 / 3歲以上,"$1,997",,,含運,https://www.costco.com.tw/Household-Baby-Toys/Toys/Outdoor-Play/Step2-Car-Wash-Splash-Center-Ages-3-and-Up/p/152880,https://www.costco.com.tw/medias/sys_master/images/h8d/hd9/381454866710558.jpg,https://www.costco.com.tw/c/hot-buys?q=:relevance
2026-08-14,家具家居,日本製雙層冷水壺 1.7公升,$899,,,含運,https://www.costco.com.tw/Furniture-Kitchen/Kitchen-Dining/Coffee-Accessories-Drinkware/Double-Layer-Water-Pitcher-17-L/p/143526,https://www.costco.com.tw/medias/sys_master/images/hf8/h7a/224528993058846.jpg,https://www.costco.com.tw/c/hot-buys?q=:relevance
2026-08-14,其他,Bestway 充氣飛鏢盤,$497,,,含運,https://www.costco.com.tw/Sports-Lifestyle/Sports-Fitness/Team-Sports/Bestway-Soccer-Yard-Game/p/8523339,https://www.costco.com.tw/medias/sys_master/images/hc2/h7d/420739777822750.jpg,https://www.costco.com.tw/c/hot-buys?q=:relevance
2026-08-14,服飾配件,Max & Mia 女無袖連身洋裝,$847,,,含運,https://www.costco.com.tw/Clothing-Accessories/Womens-Clothing/Womens-Bottoms-Dresses/Max-Mia-Ladies-Sleeveless-Dress/p/1912115,https://www.costco.com.tw/medias/sys_master/images/h19/h3f/379632630693918.jpg,https://www.costco.com.tw/c/hot-buys?q=:relevance
2026-08-14,服飾配件,Adidas 男戶外涼鞋,$837,,,含運,https://www.costco.com.tw/Clothing-Accessories/Shoes/Mens-Shoes/Adidas-Mens-Outdoor-Sandals/p/154890,https://www.costco.com.tw/medias/sys_master/images/h24/hae/466558437228574.jpg,https://www.costco.com.tw/c/hot-buys?q=:relevance
2026-08-14,日用品／母嬰／玩具,三麗鷗 抱抱球 / 3歲以上,$687,,,含運,https://www.costco.com.tw/Household-Baby-Toys/Toys/Dolls-Pretend-Play/Sanrio-Biggies-Ages-3-and-Up/p/151564,https://www.costco.com.tw/medias/sys_master/images/h2c/ha1/344774106316830.jpg,https://www.costco.com.tw/c/hot-buys?q=:relevance
2026-08-14,日用品／母嬰／玩具,緊急救援機動玩具車 多種款式選擇 / 3歲以上,$397,,,含運,https://www.costco.com.tw/Household-Baby-Toys/Toys/Outdoor-Play/Mighty-Fleet-Motorized-Vehecles-Various-Styles-Available-Ages-3-and-Up/p/146995,https://www.costco.com.tw/medias/sys_master/images/hd7/h5c/273678039744542.jpg,https://www.costco.com.tw/c/hot-buys?q=:relevance
2026-08-14,日用品／母嬰／玩具,Sunlemon 動物絨毛玩偶 / 6歲以上,$357,,,含運,https://www.costco.com.tw/Household-Baby-Toys/Toys/Dolls-Pretend-Play/Sunlemon-Animal-Fluffies-Plush-Ages-6-and-Up/p/172984,https://www.costco.com.tw/medias/sys_master/images/h22/hdc/421141119827998.jpg,https://www.costco.com.tw/c/hot-buys?q=:relevance
2026-08-14,服飾配件,Advent 女短袖睡衣套組,$547,,,含運,https://www.costco.com.tw/Clothing-Accessories/Womens-Clothing/Womens-Pajamas/Advent-Ladies-Short-Sleeve-Pajama-Set/p/156611,https://www.costco.com.tw/medias/sys_master/images/h54/h03/437687004626974.jpg,https://www.costco.com.tw/c/hot-buys?q=:relevance
2026-08-14,其他,Water Buddies 20吋 浮板,$247,,,含運,https://www.costco.com.tw/Sports-Lifestyle/Sports-Fitness/Water-Sports/Water-Buddies-20-inch-Floating-Disc/p/678571,https://www.costco.com.tw/medias/sys_master/images/h1f/hdc/329850820296734.jpg,https://www.costco.com.tw/c/hot-buys?q=:relevance
2026-08-14,服飾配件,Kate Spade 太陽眼鏡 FRIDA/G/S 8079O 黑色,"$1,297",,,含運,https://www.costco.com.tw/Clothing-Accessories/Sunglasses-Eyeglasses/Sunglasses/Kate-Spade-Sunglasses-FRIDAGS-8079O-Black/p/251674,https://www.costco.com.tw/medias/sys_master/images/he7/hcc/433626125172766.jpg,https://www.costco.com.tw/c/hot-buys?q=:relevance
2026-08-14,服飾配件,Buffalo 女短丹寧洋裝,$647,,,含運,https://www.costco.com.tw/Clothing-Accessories/Womens-Clothing/Womens-Bottoms-Dresses/Buffalo-Ladies-Soft-Denim-Dress/p/2046573,https://www.costco.com.tw/medias/sys_master/images/h7f/hc7/453636861952030.jpg,https://www.costco.com.tw/c/hot-buys?q=:relevance
2026-08-14,家具家居,Hunter 可攜式萬用墊 152公分 X 183公分,$657,,,含運,https://www.costco.com.tw/Furniture-Kitchen/Bedding/Rugs-Mats/Hunter-Outdoor-Blanket-152-cm-X-183-cm/p/1909192,https://www.costco.com.tw/medias/sys_master/images/hc2/h62/437687435264030.jpg,https://www.costco.com.tw/c/hot-buys?q=:relevance
2026-08-14,服飾配件,Gerry 男運動休閒短褲,$397,,,含運,https://www.costco.com.tw/Clothing-Accessories/Mens-Clothing/Mens-Bottoms/Gerry-Mens-Trail-Short/p/1555147,https://www.costco.com.tw/medias/sys_master/images/h1e/h3d/139880318763038.jpg,https://www.costco.com.tw/c/hot-buys?q=:relevance
2026-08-14,家電 3C,Samsung 55吋 QLED 4K AI 量子智慧顯示器 QA55QEF1AXXZW,"$17,999",,,含運,https://www.costco.com.tw/Televisions-Appliances/TV-Home-Entertainment/Televisions-TV-Accessories/50-59-TVs/Samsung-55-inch-QLED-4K-AI-Smart-Monitor-QA55QEF1AXXZW/p/153529,https://www.costco.com.tw/medias/sys_master/images/h2e/h59/438072173625374.jpg,https://www.costco.com.tw/c/hot-buys?q=:relevance
2026-08-14,家電 3C,飛利浦 75吋 4K QLED Google TV 顯示器 75PQT8530/96,"$34,999",,,含運,https://www.costco.com.tw/Televisions-Appliances/TV-Home-Entertainment/Televisions-TV-Accessories/70-79-TVs/Philips-75-inch-4K-QLED-Google-TV-Monitor-75PQT853096/p/153525,https://www.costco.com.tw/medias/sys_master/images/he0/hf2/438072169365534.jpg,https://www.costco.com.tw/c/hot-buys?q=:relevance
2026-08-14,家電 3C,惠而浦 16公斤變頻蒸氣溫水洗衣機 VWHD1611BG,"$18,199",,,含運,https://www.costco.com.tw/Televisions-Appliances/Large-Appliances/Washers-Dryers/Whirlpool-16-kg-Inverter-Top-Load-Washer-VWHD1611BG/p/145751,https://www.costco.com.tw/medias/sys_master/images/h80/h27/239550149591070.jpg,https://www.costco.com.tw/c/hot-buys?q=:relevance
2026-08-14,家具家居,日本製雙層冷水壺 1.2公升,$799,,,含運,https://www.costco.com.tw/Furniture-Kitchen/Kitchen-Dining/Coffee-Accessories-Drinkware/Double-Layer-Water-Pitcher-12-L/p/144408,https://www.costco.com.tw/medias/sys_master/images/hc9/ha4/224529148641310.jpg,https://www.costco.com.tw/c/hot-buys?q=:relevance
2026-08-14,日用品／母嬰／玩具,24吋 彩虹熊絨毛玩偶 多種顏色選擇 / 4歲以上,$497,,,含運,https://www.costco.com.tw/Household-Baby-Toys/Toys/Dolls-Pretend-Play/24-inch-Care-Bears-Plush-Various-Colors-Available-Ages-4-and-Up/p/450607,https://www.costco.com.tw/medias/sys_master/images/ha7/h17/291292503572510.jpg,https://www.costco.com.tw/c/hot-buys?q=:relevance
2026-08-14,服飾配件,Kate Spade 太陽眼鏡 KS FLYNNIE/G/S 1EIIR 黑色,"$1,297",,,含運,https://www.costco.com.tw/Clothing-Accessories/Sunglasses-Eyeglasses/Sunglasses/Kate-Spade-Sunglasses-KS-FLYNNIEGS-1EIIR-Black/p/251677,https://www.costco.com.tw/medias/sys_master/images/h73/ha9/433626130481182.jpg,https://www.costco.com.tw/c/hot-buys?q=:relevance
2026-08-14,服飾配件,Scotch & Soda 女無袖連身洋裝,$697,,,含運,https://www.costco.com.tw/Clothing-Accessories/Womens-Clothing/Womens-Bottoms-Dresses/Scotch-Soda-Ladies-Sleeveless-Dress/p/1956396,https://www.costco.com.tw/medias/sys_master/images/h53/h80/400800676511774.jpg,https://www.costco.com.tw/c/hot-buys?q=:relevance
2026-08-14,服飾配件,RVCA 女無袖連身洋裝,$547,,,含運,https://www.costco.com.tw/Clothing-Accessories/Womens-Clothing/Womens-Bottoms-Dresses/RVCA-Womens-Sleeveless-Dress/p/1956389,https://www.costco.com.tw/medias/sys_master/images/h08/h83/448868549623838.jpg,https://www.costco.com.tw/c/hot-buys?q=:relevance
2026-08-14,家具家居,Mon Chateau 仿動物毛圓形抱枕 30公分 X 30公分 X 30公分,$247,,,含運,https://www.costco.com.tw/Furniture-Kitchen/Bedding/Throw-Pillows-Cushions/Mon-Chateau-Faux-Fur-Round-Deco-Pillow-30-cm-X-30-cm-X-30-cm/p/1909180,https://www.costco.com.tw/medias/sys_master/images/h22/h0c/378823389052958.jpg,https://www.costco.com.tw/c/hot-buys?q=:relevance
2026-08-14,家電 3C,Samsung 655公升 美式對開 AI 冰箱 星空灰 RS70F65Q4TTW,"$43,999",,,含運,https://www.costco.com.tw/Televisions-Appliances/Large-Appliances/Fridges-Freezers/Overall-Capacity-500-L-Above/Samsung-655-L-French-Door-AI-Refrigerator-Starry-Gray-RS70F65Q4TTW/p/155431,https://www.costco.com.tw/medias/sys_master/images/hb6/hac/396189713563678.jpg,https://www.costco.com.tw/c/hot-buys?q=:relevance
2026-08-14,服飾配件,Character 兒童短袖短褲四件套組,$347,,,含運,https://www.costco.com.tw/Clothing-Accessories/Kids-Clothing/Kids-Clothing-Sets-Accessories/Character-Kids-Short-Sleeve-Shorts-4-Piece-Set/p/155283,https://www.costco.com.tw/medias/sys_master/images/h94/hee/431395261218846.jpg,https://www.costco.com.tw/c/hot-buys?q=:relevance
2026-08-14,服飾配件,Adidas 女戶外涼鞋,$837,,,含運,https://www.costco.com.tw/Clothing-Accessories/Shoes/Womens-Shoes/Adidas-Ladies-Outdoor-Sandals/p/154891,https://www.costco.com.tw/medias/sys_master/images/h6e/h85/466558441881630.jpg,https://www.costco.com.tw/c/hot-buys?q=:relevance
2026-08-14,家電 3C,Samsung 85吋 4K 晶彩智慧顯示器 UA85U8500FXXZW,"$59,999",,,含運,https://www.costco.com.tw/Televisions-Appliances/TV-Home-Entertainment/Televisions-TV-Accessories/80-Above-TVs/Samsung-85-inch-4K-Smart-Monitor-UA85U8500FXXZW/p/153748,https://www.costco.com.tw/medias/sys_master/images/h33/h67/438072218976286.jpg,https://www.costco.com.tw/c/hot-buys?q=:relevance
2026-08-14,家電 3C,夏普 55吋 4K QLED 144HZ 顯示器 4T-C55HN70CST,"$21,299",,,含運,https://www.costco.com.tw/Televisions-Appliances/TV-Home-Entertainment/Televisions-TV-Accessories/50-59-TVs/SHARP-55-inch-4K-QLED-144HZ-Monitor-4T-C55HN70CST/p/153545,https://www.costco.com.tw/medias/sys_master/images/haf/h45/438072181489694.jpg,https://www.costco.com.tw/c/hot-buys?q=:relevance
2026-08-14,家具家居,Casual Living 雙人舒適毯 233公分 X 248公分,$597,,,含運,https://www.costco.com.tw/Furniture-Kitchen/Bedding/Pillows-Comforters-Blankets/Casual-Living-Velvet-Blanket-233-cm-X-248-cm/p/153200,https://www.costco.com.tw/medias/sys_master/images/h25/h9e/369280949977118.jpg,https://www.costco.com.tw/c/hot-buys?q=:relevance
2026-08-14,家電 3C,Samsung Serif 55吋 智慧顯示器 QA55LS01DAXXZW,"$32,999",,,含運,https://www.costco.com.tw/Televisions-Appliances/TV-Home-Entertainment/Televisions-TV-Accessories/50-59-TVs/Samsung-Serif-55-inch-UHD-Smart-Monitor-QA55LS01DAXXZW/p/148435,https://www.costco.com.tw/medias/sys_master/images/hc6/h60/438072151670814.jpg,https://www.costco.com.tw/c/hot-buys?q=:relevance
2026-08-14,家具家居,Korhani Studio 編織質感地墊 60公分 X 90公分 X 1.8公分,$697,,,含運,https://www.costco.com.tw/Furniture-Kitchen/Bedding/Rugs-Mats/Korhani-Studio-Rope-Mat-60-cm-X-90-cm-X-18-cm/p/1997001,https://www.costco.com.tw/medias/sys_master/images/hd1/h73/437687668768798.jpg,https://www.costco.com.tw/c/hot-buys?q=:relevance
2026-08-14,日用品／母嬰／玩具,FIFA 世界盃 8吋 絨毛玩偶,$357,,,含運,https://www.costco.com.tw/Household-Baby-Toys/Toys/Dolls-Pretend-Play/FIFA-World-Cup-8-inch-Plush/p/1851571,https://www.costco.com.tw/medias/sys_master/images/h42/hd0/467794339168286.jpg,https://www.costco.com.tw/c/hot-buys?q=:relevance
2026-08-14,其他,Cascade Mountain Tech 水上浮力板,$697,,,含運,https://www.costco.com.tw/Sports-Lifestyle/Sports-Fitness/Water-Sports/Cascade-Mountain-Tech-Water-Sports-Plank/p/1740616,https://www.costco.com.tw/medias/sys_master/images/h2f/h5c/470130482610206.jpg,https://www.costco.com.tw/c/hot-buys?q=:relevance
2026-08-14,家具家居,Duralex 玻璃餐碗盤 6件組,$447,,,含運,https://www.costco.com.tw/Furniture-Kitchen/Kitchen-Dining/Dinnerware-Flatware/Duralex-Glass-Dinnerware-6-Piece-Set/p/169311,https://www.costco.com.tw/medias/sys_master/images/h16/h3c/332442820509726.jpg,https://www.costco.com.tw/c/hot-buys?q=:relevance
2026-08-14,日用品／母嬰／玩具,環形電動軟球槍 / 14歲以上,$467,,,含運,https://www.costco.com.tw/Household-Baby-Toys/Toys/Outdoor-Play/Spiral-Power-Popper-Ages-14-and-Up/p/155749,https://www.costco.com.tw/medias/sys_master/images/h33/hd6/386411412520990.jpg,https://www.costco.com.tw/c/hot-buys?q=:relevance
2026-08-14,服飾配件,Adidas Golf男短袖上衣,$347,,,含運,https://www.costco.com.tw/Clothing-Accessories/Mens-Clothing/Mens-Tops/Adidas-Golf-Mens-Short-Sleeve-Tee/p/154296,https://www.costco.com.tw/medias/sys_master/images/hcd/hff/431395256631326.jpg,https://www.costco.com.tw/c/hot-buys?q=:relevance
2026-08-14,其他,Hedgehog Dryer 多用途烘物機,"$1,747",,,含運,https://www.costco.com.tw/Sports-Lifestyle/Camping-Outdoors/Tents-Camping-Gear/Hedgehog-Dryer-Multi-Wear-Dryer/p/151322,https://www.costco.com.tw/medias/sys_master/images/h01/h28/346355756269598.jpg,https://www.costco.com.tw/c/hot-buys?q=:relevance
2026-08-14,其他,2.03克拉 鉑金 圓形鑽石戒指 VVS2/E,"$1,349,997",,,含運,https://www.costco.com.tw/Jewelry-Gold/Diamond/Diamond-Rings/203-ct-Platinum-Round-Diamond-Ring-VVS2E/p/967585,https://www.costco.com.tw/medias/sys_master/images/hf9/hee/30241882865694.jpg,https://www.costco.com.tw/c/hot-buys?q=:relevance
2026-08-14,服飾配件,Canada Goose 男連帽外套,"$1,999",,,,https://www.costco.com.tw/Clothing-Accessories/Mens-Clothing/Mens-Coats-Jackets/Canada-Goose-Mens-Expedition-Parka/p/772994,https://www.costco.com.tw/medias/sys_master/images/he7/ha0/418530817572894.jpg,https://www.costco.com.tw/c/hot-buys?q=:relevance
2026-08-14,服飾配件,UCLA 男LOGO短袖上衣,$347,,,含運,https://www.costco.com.tw/Clothing-Accessories/Mens-Clothing/Mens-Tops/UCLA-Mens-Wordmark-Logo-Short-Sleeve-Tee/p/675346,https://www.costco.com.tw/medias/sys_master/images/h2a/ha6/437687786143774.jpg,https://www.costco.com.tw/c/hot-buys?q=:relevance
2026-08-14,其他,1.11克拉 鉑金 圓形鑽石戒指 VVS2/E,"$439,997",,,含運,https://www.costco.com.tw/Jewelry-Gold/Diamond/Diamond-Rings/111-ct-Platinum-Round-Diamond-Ring-VVS2E/p/672472,https://www.costco.com.tw/medias/sys_master/images/h77/h71/30241881391134.jpg,https://www.costco.com.tw/c/hot-buys?q=:relevance
2026-08-14,其他,1.09克拉 鉑金 圓形鑽石戒指 VVS1/F,"$456,997",,,含運,https://www.costco.com.tw/Jewelry-Gold/Diamond/Diamond-Rings/109-ct-Platinum-Round-Diamond-Ring-VVS1F/p/651049,https://www.costco.com.tw/medias/sys_master/images/h7d/h96/30241880211486.jpg,https://www.costco.com.tw/c/hot-buys?q=:relevance
2026-08-14,其他,1.63克拉 鉑金 圓形鑽石戒指 VS2/G,"$558,997",,,含運,https://www.costco.com.tw/Jewelry-Gold/Diamond/Diamond-Rings/163-ct-Platinum-Round-Diamond-Ring-VS2G/p/648495,https://www.costco.com.tw/medias/sys_master/images/hcf/h4a/30241880670238.jpg,https://www.costco.com.tw/c/hot-buys?q=:relevance
2026-08-14,其他,2.24克拉 鉑金 圓形鑽石戒指 VS1/G,"$1,149,997",,,含運,https://www.costco.com.tw/Jewelry-Gold/Diamond/Diamond-Rings/224-ct-Platinum-Round-Diamond-Ring-VS1G/p/644495,https://www.costco.com.tw/medias/sys_master/products/h76/h8a/8826152583198.jpg,https://www.costco.com.tw/c/hot-buys?q=:relevance
2026-08-14,其他,1.75克拉 鉑金 圓形鑽石戒指 VS1/G,"$679,997",,,含運,https://www.costco.com.tw/Jewelry-Gold/Diamond/Diamond-Rings/175-ct-Platinum-Round-Diamond-Ring-VS1G/p/630894,https://www.costco.com.tw/medias/sys_master/products/h76/h8a/8826152583198.jpg,https://www.costco.com.tw/c/hot-buys?q=:relevance
2026-08-14,其他,2.01克拉 鉑金 圓形鑽石戒指 VVS2/D,"$1,599,997",,,含運,https://www.costco.com.tw/Jewelry-Gold/Diamond/Diamond-Rings/201-ct-Platinum-Round-Diamond-Ring-VVS2D/p/630832,https://www.costco.com.tw/medias/sys_master/products/h76/h8a/8826152583198.jpg,https://www.costco.com.tw/c/hot-buys?q=:relevance
2026-08-14,家具家居,Gallery Reliant 亞麻布扶手椅,"$8,999",,,含運,https://www.costco.com.tw/Furniture-Kitchen/Furniture/Sofas-Sectionals/Gallery-Reliant-Natural-Linen-Chair/p/535616,https://www.costco.com.tw/medias/sys_master/images/h81/h22/346356079656990.jpg,https://www.costco.com.tw/c/hot-buys?q=:relevance
2026-08-14,家具家居,Gallery Neyland Green 牛皮扶手椅,"$8,999",,,含運,https://www.costco.com.tw/Furniture-Kitchen/Furniture/Sofas-Sectionals/Gallery-Neyland-Green-Leather-Armchair/p/473489,https://www.costco.com.tw/medias/sys_master/images/h91/he0/366002090901534.jpg,https://www.costco.com.tw/c/hot-buys?q=:relevance
2026-08-14,其他,1.42克拉 鉑金 圓形鑽石戒指 VS2/I,"$239,997",,,含運,https://www.costco.com.tw/Jewelry-Gold/Diamond/Diamond-Rings/142-ctw-Platinum-Round-Diamond-Ring-VS2I/p/440592,https://www.costco.com.tw/medias/sys_master/products/h2a/h39/8825179111454.jpg,https://www.costco.com.tw/c/hot-buys?q=:relevance
2026-08-14,服飾配件,Kate Spade 太陽眼鏡 KS EMALIE 2/G/S HT83X 粉紅色,"$1,297",,,含運,https://www.costco.com.tw/Clothing-Accessories/Sunglasses-Eyeglasses/Sunglasses/Kate-Spade-Sunglasses-KS-EMALIE-2GS-HT83X-Pink/p/251676,https://www.costco.com.tw/medias/sys_master/images/h43/h25/433626130939934.jpg,https://www.costco.com.tw/c/hot-buys?q=:relevance
2026-08-14,其他,1.61克拉 鉑金 圓形鑽石戒指 VS1/E,"$639,997",,,含運,https://www.costco.com.tw/Jewelry-Gold/Diamond/Diamond-Rings/161-ctw-Platinum-Round-Diamond-Ring-VS1E/p/228782,https://www.costco.com.tw/medias/sys_master/images/h48/he9/30241877131294.jpg,https://www.costco.com.tw/c/hot-buys?q=:relevance
2026-08-14,家具家居,FIFA 足球造型抱枕 周長 124.4公分,$347,,,含運,https://www.costco.com.tw/Furniture-Kitchen/Bedding/Throw-Pillows-Cushions/FIFA-Soccer-Deco-Pillow-Around-1244-cm/p/1991360,https://www.costco.com.tw/medias/sys_master/images/h49/hf5/451293833920542.jpg,https://www.costco.com.tw/c/hot-buys?q=:relevance
2026-08-14,其他,Leisure Line 進口造型椅 灰色,"$4,797",,,含運,https://www.costco.com.tw/Lawn-Garden/Patio-Furniture/Outdoor-Patio-Furniture/Leisure-Line-Classic-Adirondack-Chair-Gray/p/1900693,https://www.costco.com.tw/medias/sys_master/images/h83/ha7/123033053626398.jpg,https://www.costco.com.tw/c/hot-buys?q=:relevance
2026-08-14,其他,RinseKit 可攜式淋浴灑水器,"$4,097",,,含運,https://www.costco.com.tw/Sports-Lifestyle/Camping-Outdoors/Tents-Camping-Gear/RinseKit-Portable-Shower/p/1872141,https://www.costco.com.tw/medias/sys_master/images/h56/hcd/438876264300574.jpg,https://www.costco.com.tw/c/hot-buys?q=:relevance
2026-08-14,家具家居,Aiden & Ivy 布面單人椅,"$7,499",,,含運,https://www.costco.com.tw/Furniture-Kitchen/Furniture/Sofas-Sectionals/Aiden-Ivy-Fabric-Accent-Chair/p/1862170,https://www.costco.com.tw/medias/sys_master/images/ha7/h8b/449275418738718.jpg,https://www.costco.com.tw/c/hot-buys?q=:relevance
2026-08-14,其他,Harbour 戶外休閒沙發四件組,"$59,997",,,含運,https://www.costco.com.tw/Lawn-Garden/Patio-Furniture/Outdoor-Patio-Furniture/Harbour-Deep-Seating-4-Piece-Set/p/1768196,https://www.costco.com.tw/medias/sys_master/images/he2/h57/206972366389278.jpg,https://www.costco.com.tw/c/hot-buys?q=:relevance
2026-08-14,家具家居,Bentley Designs Athena 咖啡桌 114公分,"$5,997",,,含運,https://www.costco.com.tw/Furniture-Kitchen/Furniture/Cabinets-Tables/Bentley-Designs-Athena-Fumed-Oak-Coffee-Table-114-cm/p/157435,https://www.costco.com.tw/medias/sys_master/images/h4a/h4b/401755900674078.jpg,https://www.costco.com.tw/c/hot-buys?q=:relevance
2026-08-14,日用品／母嬰／玩具,LEGO Ideas 家族樹 21346 / 18歲以上,"$1,767",,,含運,https://www.costco.com.tw/Household-Baby-Toys/Toys/Building-Sets-Blocks/LEGO-Ideas-Family-Tree-21346-Ages-18-and-Up/p/153156,https://www.costco.com.tw/medias/sys_master/images/h4c/h0e/361110047948830.jpg,https://www.costco.com.tw/c/hot-buys?q=:relevance
2026-08-14,家具家居,Bentley Designs Indus Rustic 橡木 & 胡椒色 電視櫃 133公分,"$9,997",,,含運,https://www.costco.com.tw/Furniture-Kitchen/Furniture/Cabinets-Tables/Bentley-Designs-Indus-Rustic-Oak-Peppercorn-Entertainment-Unit-133-cm/p/152773,https://www.costco.com.tw/medias/sys_master/images/hf8/h0c/362804824768542.jpg,https://www.costco.com.tw/c/hot-buys?q=:relevance
2026-08-14,家具家居,Hotel Grand 雙人白鵝絨可水洗子母被 180公分 X 210公分,"$7,997",,,含運,https://www.costco.com.tw/Furniture-Kitchen/Bedding/Pillows-Comforters-Blankets/Hotel-Grand-Goose-Down-Comforter-180-cm-X-210-cm/p/152368,https://www.costco.com.tw/medias/sys_master/images/h99/hb8/379632076062750.jpg,https://www.costco.com.tw/c/hot-buys?q=:relevance
2026-08-14,家具家居,日本製雙層冷水壺 1.2公升 X 6件組,"$4,499",,,含運,https://www.costco.com.tw/Furniture-Kitchen/Kitchen-Dining/Coffee-Accessories-Drinkware/Double-Layer-Water-Pitcher-12-L-X-6-Piece-Set/p/144402,https://www.costco.com.tw/medias/sys_master/images/h43/h04/224529141891102.jpg,https://www.costco.com.tw/c/hot-buys?q=:relevance
2026-08-14,家具家居,日本製雙層冷水壺 1.7公升 X 6件組,"$5,099",,,含運,https://www.costco.com.tw/Furniture-Kitchen/Kitchen-Dining/Coffee-Accessories-Drinkware/Double-Layer-Water-Pitcher-17-L-X-6-Piece-Set/p/143524,https://www.costco.com.tw/medias/sys_master/images/h41/hfd/224528978116638.jpg,https://www.costco.com.tw/c/hot-buys?q=:relevance
2026-08-14,其他,2.02克拉18K白K金 圓形鑽石項鍊 VVS1/D,"$1,599,997",,,含運,https://www.costco.com.tw/Jewelry-Gold/Diamond/Diamond-Necklaces/202-ctw-18kt-White-Gold-Round-Diamond-Pendant-VVS1D/p/1024902,https://www.costco.com.tw/medias/sys_master/images/h85/hbe/10520064950302.jpg,https://www.costco.com.tw/c/hot-buys?q=:relevance
2026-08-14,食品飲料,貝思寶兒 蜜桃果茶 330毫升 X 24入,$299,$359,$60,商品已折價 $60 含運,https://www.costco.com.tw/Food-Dining/Drinks/Beverages-Juice/Bessie-Byer-Peach-Tea-330-ml-X-24-Count/p/124420,https://www.costco.com.tw/medias/sys_master/images/h41/hc5/450418064752670.jpg,https://www.costco.com.tw/c/hot-buys?q=:relevance
2026-08-14,服飾配件,Skechers 女運動鞋,$999,,,含運,https://www.costco.com.tw/Clothing-Accessories/Shoes/Womens-Shoes/Skechers-Ladies-Athletic-Shoe/p/1961240,https://www.costco.com.tw/medias/sys_master/images/hf2/h9e/473820154658846.jpg,https://www.costco.com.tw/c/hot-buys?q=:relevance
2026-08-14,保健美容,Giovanni 茶樹洗髮精 1公升,$379,$475,$96,商品已折價 $96 含運,https://www.costco.com.tw/Health-Beauty/Personal-Care/Shampoo-Conditioner/Giovanni-Tea-Tree-Shampoo-1-L/p/62371,https://www.costco.com.tw/medias/sys_master/images/hc2/hea/432345310625822.jpg,https://www.costco.com.tw/c/hot-buys?q=:relevance
2026-08-14,食品飲料,紐西蘭有機富士蘋果 8.5公斤/ 50入,"$1,349","$1,599",$250,商品已折價$250 含運,https://www.costco.com.tw/Food-Dining/Frozen-Fresh-Food/Chilled-Fresh-Food/New-Zealand-Organic-Fuji-Apple-85-kg-50CT/p/3985077,https://www.costco.com.tw/medias/sys_master/images/h19/h91/172356705746974.jpg,https://www.costco.com.tw/c/hot-buys?q=:relevance
2026-08-14,保健美容,Alepia Marseille 液態馬賽皂 檸檬 1000毫升 X 2入,$619,$779,$160,商品已折價 $160 含運,https://www.costco.com.tw/Health-Beauty/Personal-Care/Bath-Body/Alepia-Marseille-Soap-Lemon-1000-ml-X-2-Count/p/155689,https://www.costco.com.tw/medias/sys_master/images/h4a/h97/384001257766942.jpg,https://www.costco.com.tw/c/hot-buys?q=:relevance
2026-08-14,家具家居,Curble 護脊美學椅 38.0公分 X 31.5公分 X 31.6公分 薰衣草紫,$875,"$1,099",$224,商品已折價$224 含運,https://www.costco.com.tw/Furniture-Kitchen/Bedding/Throw-Pillows-Cushions/Curble-Posture-Corrector-Chair-Wider-380-cm-X-315-cm-X-316-cm-Lavender/p/1017418,https://www.costco.com.tw/medias/sys_master/images/h90/he5/346620753313822.jpg,https://www.costco.com.tw/c/hot-buys?q=:relevance
2026-08-14,家具家居,Curble 護脊美學椅 38.0公分 X 31.5公分 X 31.6公分 薄荷綠,$875,"$1,099",$224,商品已折價$224 含運,https://www.costco.com.tw/Furniture-Kitchen/Bedding/Throw-Pillows-Cushions/Curble-Posture-Corrector-Chair-Wider-380-cm-X-315-cm-X-316-cm-Mint/p/1117418,https://www.costco.com.tw/medias/sys_master/images/hb9/h1f/346620753149982.jpg,https://www.costco.com.tw/c/hot-buys?q=:relevance
2026-08-14,日用品／母嬰／玩具,蘭諾 衣物抗黃抗菌芳香豆 柑橘香 1900毫升,$495,$615,$120,商品已折價$120 含運,https://www.costco.com.tw/Household-Baby-Toys/Household-Essentials/Laundry-Care/Lenor-Yellow-Blocking-Scent-Booster-1900-ml/p/150978,https://www.costco.com.tw/medias/sys_master/images/hbb/hed/344500437811230.jpg,https://www.costco.com.tw/c/hot-buys?q=:relevance
2026-08-14,食品飲料,樂天 卡士達派 27公克 X 36入,$389,$489,$100,商品已折價$100 含運,https://www.costco.com.tw/Food-Dining/Snacks/Cookies-Chips/Lotte-Custard-Cake-27-g-X-36-Pack/p/227320,https://www.costco.com.tw/medias/sys_master/images/h2a/h84/190634467098654.jpg,https://www.costco.com.tw/c/hot-buys?q=:relevance
2026-08-14,食品飲料,Nu-Pure 氣泡水 500毫升 X 30瓶,$349,$419,$70,商品已折價$70 含運,https://www.costco.com.tw/Food-Dining/Drinks/Water-Sparkling-Water/Nu-Pure-Sparkling-Water-500-ml-X-30-Count/p/1498677,https://www.costco.com.tw/medias/sys_master/images/hac/h0c/240878245445662.jpg,https://www.costco.com.tw/c/hot-buys?q=:relevance
2026-08-14,食品飲料,格力高 杏仁果飲 原味 196毫升 X 12瓶,$349,$429,$80,商品已折價$80 含運,https://www.costco.com.tw/Food-Dining/Drinks/Beverages-Juice/Glico-Almond-Almond-Beverage-Original-196-ml-X-12-Pack/p/135621,https://www.costco.com.tw/medias/sys_master/images/h3e/hba/206032508125214.jpg,https://www.costco.com.tw/c/hot-buys?q=:relevance
2026-08-14,食品飲料,丹尼船長 X 蜜蜂工坊聯名 米米花 嚴選龍眼蜂蜜味 60公克 X 10包,$259,,,需一次購買活動組數才可享受此優惠 含運,https://www.costco.com.tw/Food-Dining/Snacks/Cookies-Chips/Captain-Danny-Rice-Popcorn-Honey-Flavor-60-g-X-10-Pack/p/146249,https://www.costco.com.tw/medias/sys_master/images/h0d/h5d/292506411434014.jpg,https://www.costco.com.tw/c/hot-buys?q=:relevance
2026-08-14,家電 3C,飛利浦 65吋 4K Google TV 顯示器聲霸組合 65PUH7890/96,"$16,699","$20,899","$4,200","商品已折價$4,200 含運",https://www.costco.com.tw/Televisions-Appliances/TV-Home-Entertainment/Televisions-TV-Accessories/60-69-TVs/Philips-65-inch-4K-Google-TV-Monitor-with-Soundbar-Set-65PUH789096/p/153517,https://www.costco.com.tw/medias/sys_master/images/h8e/h30/438072169103390.jpg,https://www.costco.com.tw/c/hot-buys?q=:relevance
2026-08-14,其他,3M 文具用透明膠帶 16入 1.8公分 X 40公尺,$149,$189,$40,商品已折價$40 含運,https://www.costco.com.tw/Office-School/Office-Stationary/Tapes-Scissors/3M-Office-Tape-16-Row-18-cm-X-40-m/p/64500,https://www.costco.com.tw/medias/sys_master/images/h05/h45/11953612193822.jpg,https://www.costco.com.tw/c/hot-buys?q=:relevance
2026-08-14,保健美容,福樂 PRO雙效蛋白飲(水果) 250毫升 X 24入,$689,$865,$176,商品已折價$176 含運,https://www.costco.com.tw/Health-Beauty/Supplements/Sports-Performance/FreshDelight-PRO-Milk-Whey-Protein-Shake-Fruit-Flavor-250-ml-X-24-Count/p/157013,https://www.costco.com.tw/medias/sys_master/images/haa/hc6/413421385121822.jpg,https://www.costco.com.tw/c/hot-buys?q=:relevance
2026-08-14,其他,翠果子 綜合米果 20公克 X 30包 X 4盒,$949,"$1,189",$240,商品已折價$240 含運,https://www.costco.com.tw/Business-Delivery/Food-Beverages-Pet-Supplies/Grains-Nuts-Snacks/Trygoodz-Rice-Crackers-with-Almonds-20-g-X-30-Bag-X-4-Case/p/211681,https://www.costco.com.tw/medias/sys_master/images/h28/h8e/168536159420446.jpg,https://www.costco.com.tw/c/hot-buys?q=:relevance
2026-08-14,食品飲料,王品 青花驕特釀酸梅汁 1500毫升 X 6入,$459,$559,$100,商品已折價$100 含運,https://www.costco.com.tw/Food-Dining/Drinks/Beverages-Juice/Wowprime-Chin-Huajiao-Plum-Juice-1500-ml-X-6-Pack/p/160594,https://www.costco.com.tw/medias/sys_master/images/h33/hf2/452750396325918.jpg,https://www.costco.com.tw/c/hot-buys?q=:relevance
2026-08-14,家具家居,CASA 經典優質三角靠墊 60公分 X 50公分 X 30公分 青,$499,$639,$140,商品已折價$140 含運,https://www.costco.com.tw/Furniture-Kitchen/Bedding/Throw-Pillows-Cushions/CASA-Wedge-Cushion-60-cm-X-50-cm-X-30-cm-Blue/p/156363,https://www.costco.com.tw/medias/sys_master/images/h91/hdf/419358258724894.jpg,https://www.costco.com.tw/c/hot-buys?q=:relevance
2026-08-14,家電 3C,歐樂B 微震科技充電式電動牙刷 單握柄+6刷頭 iO PRO,"$3,099","$3,999",$900,商品已折價$900 含運,https://www.costco.com.tw/Televisions-Appliances/Small-Appliances/Electric-Toothbrushes-Water-Flossers/Oral-B-Rechargeable-Toothbrush-1-Handle-6-Brush-Heads-iO-PRO/p/159964,https://www.costco.com.tw/medias/sys_master/images/h29/hed/466199060316190.jpg,https://www.costco.com.tw/c/hot-buys?q=:relevance
2026-08-14,其他,SABA 20W 擺放/懸掛2用電擊式捕蚊燈 SA-HG07,$835,"$1,049",$214,商品已折價$214 含運,https://www.costco.com.tw/Sports-Lifestyle/Camping-Outdoors/Pest-Control/SABA-20W-Electric-Shock-Mosquito-Zapper-SA-HG07/p/151284,https://www.costco.com.tw/medias/sys_master/images/ha2/h0f/326879453315102.jpg,https://www.costco.com.tw/c/hot-buys?q=:relevance
2026-08-14,家具家居,Trinity 六層多功能置物架 黑色,"$2,349","$2,949",$600,商品已折價$600 含運,https://www.costco.com.tw/Furniture-Kitchen/Storage-Organization/Shelving/Trinity-6-Tier-NSF-Wire-Rack-With-Wheels-Black/p/106817,https://www.costco.com.tw/medias/sys_master/products/hea/ha8/8825997951006.jpg,https://www.costco.com.tw/c/hot-buys?q=:relevance
2026-08-14,家具家居,CASA 經典優質三角靠墊 60公分 X 50公分 X 30公分 米,$499,$639,$140,商品已折價$140 含運,https://www.costco.com.tw/Furniture-Kitchen/Bedding/Throw-Pillows-Cushions/CASA-Wedge-Cushion-60-cm-X-50-cm-X-30-cm-Beige/p/156362,https://www.costco.com.tw/medias/sys_master/images/h80/h5c/419358257872926.jpg,https://www.costco.com.tw/c/hot-buys?q=:relevance
2026-08-14,家具家居,Backbone Hippo 兒童成長椅,"$2,699","$3,399",$700,商品已折價$700 含運,https://www.costco.com.tw/Furniture-Kitchen/Furniture/Computer-Desk-Chair-Sets/Backbone-Hippo-Kids-Chair/p/152649,https://www.costco.com.tw/medias/sys_master/images/h0f/h32/363835041710110.jpg,https://www.costco.com.tw/c/hot-buys?q=:relevance
2026-08-14,家具家居,CASA 單人天然乳膠Q彈床墊 91公分 X 190公分 X 7.5公分,"$3,509","$4,389",$880,商品已折價$880 含運,https://www.costco.com.tw/Furniture-Kitchen/Bedding/Mattress-Toppers/CASA-Natural-Latex-Mattress-Topper-91-cm-X-190-cm-X-75-cm/p/127337,https://www.costco.com.tw/medias/sys_master/images/h0e/h8e/30628867145758.jpg,https://www.costco.com.tw/c/hot-buys?q=:relevance
2026-08-14,家具家居,Trinity 五層多功能大型置物架 黑色,"$2,729","$3,429",$700,商品已折價$700 含運,https://www.costco.com.tw/Furniture-Kitchen/Storage-Organization/Shelving/Trinity-5-Tier-NSF-Wire-Rack-with-Wheels-Black/p/106816,https://www.costco.com.tw/medias/sys_master/products/h8f/hc2/8825996050462.jpg,https://www.costco.com.tw/c/hot-buys?q=:relevance
2026-08-14,家具家居,CASA 單人3.5呎天然乳膠Q彈床墊 107公分 X 190公分 X 7.5公分,"$4,159","$5,199","$1,040","商品已折價$1,040 含運",https://www.costco.com.tw/Furniture-Kitchen/Bedding/Mattress-Toppers/CASA-Natural-Latex-Mattress-Topper-35-inch-107-cm-X-190-cm-X-75-cm/p/127338,https://www.costco.com.tw/medias/sys_master/images/hfe/h8a/30628868522014.jpg,https://www.costco.com.tw/c/hot-buys?q=:relevance
2026-08-14,家具家居,Caliphil 美國棉單人床包枕套三件組 107公分 X 190公分 森綠,$799,$999,$200,商品已折價$200 含運,https://www.costco.com.tw/Furniture-Kitchen/Bedding/Sheets-Pillowcases/Caliphil-Sheet-3-Piece-Set-107-cm-X-190-cm-Green/p/159382,https://www.costco.com.tw/medias/sys_master/images/h85/hac/450418175442974.jpg,https://www.costco.com.tw/c/hot-buys?q=:relevance
2026-08-14,家具家居,CASA 雙人天然乳膠Q彈床墊 152公分 X 190公分 X 7.5公分,"$5,599","$6,999","$1,400","商品已折價$1,400 含運",https://www.costco.com.tw/Furniture-Kitchen/Bedding/Mattress-Toppers/CASA-Natural-Latex-Mattress-Topper-152-cm-X-190-cm-X-75-cm/p/127339,https://www.costco.com.tw/medias/sys_master/images/hdb/h76/30628868980766.jpg,https://www.costco.com.tw/c/hot-buys?q=:relevance
2026-08-14,家具家居,Tresanti Charlie 含鏡旋轉櫃,"$6,399","$7,999","$1,600","商品已折價$1,600 含運",https://www.costco.com.tw/Furniture-Kitchen/Furniture/Cabinets-Tables/Tresanti-Charlie-Rotating-Vanity-with-Mirror/p/1812633,https://www.costco.com.tw/medias/sys_master/images/h22/h3c/472591831597086.jpg,https://www.costco.com.tw/c/hot-buys?q=:relevance
2026-08-14,其他,KOVEA 雙人鍋具組 KSK-SOLO2,$695,$985,$290,商品已折價$290 含運,https://www.costco.com.tw/Sports-Lifestyle/Camping-Outdoors/Camp-Kitchen-Cooking-Gear/KOVEA-Solo-2-Cookware-Set-KSK-SOLO2/p/140830,https://www.costco.com.tw/medias/sys_master/images/hef/h67/189642938318878.jpg,https://www.costco.com.tw/c/hot-buys?q=:relevance
2026-08-14,服飾配件,新視紀 矯正鏡片(未滅菌) 175度 MCKAY 抗藍光,$479,$589,$110,商品已折價$110 含運,https://www.costco.com.tw/Clothing-Accessories/Sunglasses-Eyeglasses/Reading-Glasses/Design-Optics-Corrective-Spectacle-Lens-Non-Sterile-175-MCKAY-Anti-Blue-Light/p/146765,https://www.costco.com.tw/medias/sys_master/images/h8f/h0e/378821993463838.jpg,https://www.costco.com.tw/c/hot-buys?q=:relevance
2026-08-14,家具家居,MIT卡通兒童睡墊枕被組 角落小夥伴 我們的角落 黃,$719,$899,$180,商品已折價$180 含運,https://www.costco.com.tw/Furniture-Kitchen/Bedding/Pillows-Comforters-Blankets/MIT-Sleeping-Pad-Set-For-Kids-SUMIKKO-GURASHI-Yellow/p/147515,https://www.costco.com.tw/medias/sys_master/images/ha5/hb5/281047359160350.jpg,https://www.costco.com.tw/c/hot-buys?q=:relevance
2026-08-14,家具家居,MIT卡通兒童睡墊枕被組 小熊維尼 鄉間小徑 米黃,$719,$899,$180,商品已折價$180 含運,https://www.costco.com.tw/Furniture-Kitchen/Bedding/Pillows-Comforters-Blankets/MIT-Sleeping-Pad-Set-For-Kids-Winnie-The-Pooh-Beige/p/147517,https://www.costco.com.tw/medias/sys_master/images/hea/h8d/281047349100574.jpg,https://www.costco.com.tw/c/hot-buys?q=:relevance
2026-08-14,家具家居,MIT卡通兒童睡墊枕被組 雙星仙子 花串聚會 藍,$719,$899,$180,商品已折價$180 含運,https://www.costco.com.tw/Furniture-Kitchen/Bedding/Pillows-Comforters-Blankets/MIT-Sleeping-Pad-Set-For-Kids-Little-Twin-Stars-Blue/p/147733,https://www.costco.com.tw/medias/sys_master/images/h00/h96/296816391815198.jpg,https://www.costco.com.tw/c/hot-buys?q=:relevance
2026-08-14,家具家居,MIT卡通兒童睡墊枕被組 史努比 彩虹好友 藍,$719,$899,$180,商品已折價$180 含運,https://www.costco.com.tw/Furniture-Kitchen/Bedding/Pillows-Comforters-Blankets/MIT-Sleeping-Pad-Set-For-Kids-Snoopy-Blue/p/147518,https://www.costco.com.tw/medias/sys_master/images/h92/hc4/295028699889694.jpg,https://www.costco.com.tw/c/hot-buys?q=:relevance
2026-08-14,家具家居,Don Home 萊賽爾雙人兩用被套6件組 語菓,"$2,079","$2,599",$520,商品已折價$520 含運,https://www.costco.com.tw/Furniture-Kitchen/Bedding/Sheets-Pillowcases/Don-Home-300-Thread-Count-Lyocell-Quilted-Duvet-6-Piece-Set-152-cm-X-190-cm-Candy-Floral/p/350925,https://www.costco.com.tw/medias/sys_master/images/h00/h05/327562521182238.jpg,https://www.costco.com.tw/c/hot-buys?q=:relevance
2026-08-14,家具家居,MIT卡通兒童睡墊枕被組 美樂蒂 甜點嚐一口 粉,$719,$899,$180,商品已折價$180 含運,https://www.costco.com.tw/Furniture-Kitchen/Bedding/Pillows-Comforters-Blankets/MIT-Sleeping-Pad-Set-For-Kids-My-Melody-Pink/p/147514,https://www.costco.com.tw/medias/sys_master/images/h44/h71/295028599488542.jpg,https://www.costco.com.tw/c/hot-buys?q=:relevance
2026-08-14,家具家居,幻知曲 單人天然舒柔防水保潔墊 2件組 107公分 X 190公分 X 38公分,$615,$769,$154,商品已折價$154 含運,https://www.costco.com.tw/Furniture-Kitchen/Bedding/Mattress-Toppers/Reverie-Modal-Mattress-Protector-2-Piece-Set-107-cm-X-190-cm-X-38-cm/p/114499,https://www.costco.com.tw/medias/sys_master/images/hab/h0d/47771977646110.jpg,https://www.costco.com.tw/c/hot-buys?q=:relevance
2026-08-14,家具家居,MIT卡通兒童睡墊枕被組 三麗鷗大耳狗 奶油捲捲 藍,$719,$899,$180,商品已折價$180 含運,https://www.costco.com.tw/Furniture-Kitchen/Bedding/Pillows-Comforters-Blankets/MIT-Sleeping-Pad-Set-For-Kids-Cinnamoroll-Blue/p/147510,https://www.costco.com.tw/medias/sys_master/images/hec/h91/295028597686302.jpg,https://www.costco.com.tw/c/hot-buys?q=:relevance
2026-08-14,其他,岩谷 1kW 無煙燒烤卡式爐 CB-SLG-3,"$1,469","$1,969",$500,商品已折價$500 含運,https://www.costco.com.tw/Sports-Lifestyle/Camping-Outdoors/Tents-Camping-Gear/Iwatani-1kW-Smokeless-Portable-Gas-Stove-CB-SLG-3/p/160067,https://www.costco.com.tw/medias/sys_master/images/h7f/h9b/485340771942430.jpg,https://www.costco.com.tw/c/hot-buys?q=:relevance
2026-08-14,家具家居,MIT卡通兒童睡墊枕被組 超人力霸王 英雄樂園 藍,$719,$899,$180,商品已折價$180 含運,https://www.costco.com.tw/Furniture-Kitchen/Bedding/Pillows-Comforters-Blankets/MIT-Sleeping-Pad-Set-For-Kids-Ultraman-Blue/p/147519,https://www.costco.com.tw/medias/sys_master/images/h48/h84/295028701986846.jpg,https://www.costco.com.tw/c/hot-buys?q=:relevance
2026-08-14,家具家居,MIT卡通兒童睡墊枕被組 酷洛米 幸福時刻 紫,$719,$899,$180,商品已折價$180 含運,https://www.costco.com.tw/Furniture-Kitchen/Bedding/Pillows-Comforters-Blankets/MIT-Sleeping-Pad-Set-For-Kids-Kuromi-Purple/p/147512,https://www.costco.com.tw/medias/sys_master/images/h8c/h11/296816270639134.jpg,https://www.costco.com.tw/c/hot-buys?q=:relevance
2026-08-14,家具家居,Trinity 五層多功能置物架 黑色,"$1,125","$1,415",$290,商品已折價$290 含運,https://www.costco.com.tw/Furniture-Kitchen/Storage-Organization/Shelving/Trinity-5-Tier-NSF-Wire-Rack-With-Wheels-Black/p/106818,https://www.costco.com.tw/medias/sys_master/products/h5e/h2a/8825999327262.jpg,https://www.costco.com.tw/c/hot-buys?q=:relevance
2026-08-14,食品飲料,得意的一天 芋頭燕麥椰奶露 750公克 X 3包,$227,,,含運,https://www.costco.com.tw/Food-Dining/Drinks/Beverages-Juice/Great-Day-Taro-Coconut-Soup-with-Oats-750-g-X-3-Pack/p/149344,https://www.costco.com.tw/medias/sys_master/images/ha0/h5b/293903504801822.jpg,https://www.costco.com.tw/c/hot-buys?q=:relevance
2026-08-14,保健美容,Oikos 咖啡拿鐵風味蛋白飲 240毫升 X 12入,$557,,,含運,https://www.costco.com.tw/Health-Beauty/Supplements/Sports-Performance/Oikos-Protein-Drink-Cafe-Latte-Flavor-240-ml-X-12-Count/p/168836,https://www.costco.com.tw/medias/sys_master/images/ha6/h75/398741755265054.jpg,https://www.costco.com.tw/c/hot-buys?q=:relevance
2026-08-14,服飾配件,Ferragamo 太陽眼鏡 SF226S 086 黑色,"$1,999",,,,https://www.costco.com.tw/Clothing-Accessories/Sunglasses-Eyeglasses/Sunglasses/Ferragamo-Sunglasses-SF226S-086-Black/p/250869,https://www.costco.com.tw/medias/sys_master/images/h2f/hd2/384789269217310.jpg,https://www.costco.com.tw/c/hot-buys?q=:relevance
2026-08-14,服飾配件,UV Skinz 兒童泳衣三件組,$447,,,含運,https://www.costco.com.tw/Clothing-Accessories/Kids-Clothing/Kids-Clothing-Sets-Accessories/UV-Skinz-Kids-Swimsuit-3-Piece-Set/p/157057,https://www.costco.com.tw/medias/sys_master/images/hdc/h36/438875897593886.jpg,https://www.costco.com.tw/c/hot-buys?q=:relevance
2026-08-14,服飾配件,Ferragamo 太陽眼鏡 SF157S 069 黑色,"$1,999",,,,https://www.costco.com.tw/Clothing-Accessories/Sunglasses-Eyeglasses/Sunglasses/Ferragamo-Sunglasses-SF157S-069-Black/p/221001,https://www.costco.com.tw/medias/sys_master/images/he3/h58/384789266006046.jpg,https://www.costco.com.tw/c/hot-buys?q=:relevance
2026-08-14,服飾配件,JIMMY CHOO 太陽眼鏡 BIRDIE/S BKUHA 金色,"$1,897",,,含運,https://www.costco.com.tw/Clothing-Accessories/Sunglasses-Eyeglasses/Sunglasses/JIMMY-CHOO-Sunglasses-BIRDIES-BKUHA-Gold/p/250673,https://www.costco.com.tw/medias/sys_master/images/h56/h55/381684948926494.jpg,https://www.costco.com.tw/c/hot-buys?q=:relevance
2026-08-14,食品飲料,三上食楽 燃太郎 辣湯拉麵 187公克 X 6袋,$297,,,含運,https://www.costco.com.tw/Food-Dining/Groceries/Rice-Noodles/Mikami-Shokuraku-Spicy-Soup-Ramen-187-g-X-6-Pack/p/339638,https://www.costco.com.tw/medias/sys_master/images/h89/h68/415897492684830.jpg,https://www.costco.com.tw/c/hot-buys?q=:relevance
2026-08-14,食品飲料,樂天 巧克力派 北海道生焦糖乳酪蛋糕風味 30公克 X 6入 X 5盒,$297,,,含運,https://www.costco.com.tw/Food-Dining/Snacks/Cookies-Chips/Lotte-Choco-Pie-Hokkaido-Caramel-Cheese-Cake-30-g-X-6-Count-X-5-Pack/p/159840,https://www.costco.com.tw/medias/sys_master/images/h14/h76/450418239078430.jpg,https://www.costco.com.tw/c/hot-buys?q=:relevance
2026-08-14,其他,Continental 215/50 R18 92W FR UX7 Tire,"$1,999",,,,https://www.costco.com.tw/Tire/Continental-21550-R18-92W-FR-UX7-Tire/tire/p/155336,https://www.costco.com.tw/medias/sys_master/images/h4f/h54/368528938565662.jpg,https://www.costco.com.tw/c/hot-buys?q=:relevance
2026-08-14,其他,Energizer 4-in-1 Air Compressor / Car Jump Starter,"$2,999",,,,https://www.costco.com.tw/Sports-Lifestyle/Automotive/Automotive/Energizer-4-in-1-Air-Compressor-Car-Jump-Starter/p/154389,https://www.costco.com.tw/medias/sys_master/images/h3e/hbd/364555306467358.jpg,https://www.costco.com.tw/c/hot-buys?q=:relevance
2026-08-14,其他,科克蘭 三層抽取衛生紙 120抽 X 72入,"$1,159",,,,https://www.costco.com.tw/c/Kirkland-Signature-3-Ply-Interfold-Bath-Tissue-120-Sheet-X-72-Count/p/189999,https://www.costco.com.tw/medias/sys_master/images/hf5/h5e/228120348950558.jpg,https://www.costco.com.tw/c/hot-buys?q=:relevance
2026-08-14,家電 3C,A.O.史密斯 16公升瓦斯熱水器 限配送都會區,"$20,099",,,指定夏日涼感商品：買2件享8.5折，買3件享8折（結帳時依活動條件計算）,https://www.costco.com.tw/Televisions-Appliances/Kitchen-Appliances/Water-Heaters/AO-Smith-16-L-Gas-Water-Heater-Metropolitan-area/p/132076,https://www.costco.com.tw/medias/sys_master/images/h11/h8e/80396731777054.webp,https://www.costco.com.tw/voucher4
2026-08-14,家電 3C,A.O.史密斯 24公升瓦斯熱水器 限配送都會區,"$30,899",,,指定夏日涼感商品：買2件享8.5折，買3件享8折（結帳時依活動條件計算）,https://www.costco.com.tw/Televisions-Appliances/Kitchen-Appliances/Water-Heaters/AO-Smith-24-L-Gas-Water-Heater-Metropolitan-area-/p/132077,https://www.costco.com.tw/medias/sys_master/images/hf0/h97/80396736364574.webp,https://www.costco.com.tw/voucher4
2026-08-14,其他,A.O.史密斯 80公升高階電熱水器 限配送都會區,"$17,699",,,指定夏日涼感商品：買2件享8.5折，買3件享8折（結帳時依活動條件計算）,https://www.costco.com.tw/c/AO-Smith-80-L-Electric-Water-Heater-Metropolitan-area/p/132078,https://www.costco.com.tw/medias/sys_master/images/h78/hdb/64084764885022.jpg,https://www.costco.com.tw/voucher4
2026-08-14,其他,A.O.史密斯 100公升高階電熱水器 限配送都會區,"$19,599",,,指定夏日涼感商品：買2件享8.5折，買3件享8折（結帳時依活動條件計算）,https://www.costco.com.tw/c/AO-Smith-100-L-Electric-Water-Heater-Metropolitan-area/p/132079,https://www.costco.com.tw/medias/sys_master/images/h22/h63/64084765802526.jpg,https://www.costco.com.tw/voucher4
2026-08-14,家電 3C,A.O.史密斯 16公升瓦斯熱水器 限配偏遠地區 ( 第一區 ),"$20,599",,,指定夏日涼感商品：買2件享8.5折，買3件享8折（結帳時依活動條件計算）,https://www.costco.com.tw/Televisions-Appliances/Kitchen-Appliances/Water-Heaters/AO-Smith-16-L-Gas-Water-Heater-Area-1-/p/133428,https://www.costco.com.tw/medias/sys_master/images/h11/h8e/80396731777054.webp,https://www.costco.com.tw/voucher4
2026-08-14,家電 3C,A.O.史密斯 24公升瓦斯熱水器 限配偏遠地區 ( 第一區 ),"$31,399",,,指定夏日涼感商品：買2件享8.5折，買3件享8折（結帳時依活動條件計算）,https://www.costco.com.tw/Televisions-Appliances/Kitchen-Appliances/Water-Heaters/AO-Smith-24-L-Gas-Water-Heater-Area-1-/p/133432,https://www.costco.com.tw/medias/sys_master/images/hf0/h97/80396736364574.webp,https://www.costco.com.tw/voucher4
2026-08-14,其他,A.O.史密斯 80公升高階電熱水器 限配偏遠地區 ( 第一區 ),"$18,199",,,指定夏日涼感商品：買2件享8.5折，買3件享8折（結帳時依活動條件計算）,https://www.costco.com.tw/c/AO-Smith-80-L-Electric-Water-Heater-Area-1-/p/133438,https://www.costco.com.tw/medias/sys_master/images/h2e/hf2/80396735512606.webp,https://www.costco.com.tw/voucher4
2026-08-14,其他,A.O.史密斯 100公升高階電熱水器 限配偏遠地區 ( 第一區 ),"$20,099",,,指定夏日涼感商品：買2件享8.5折，買3件享8折（結帳時依活動條件計算）,https://www.costco.com.tw/c/AO-Smith-100-L-Electric-Water-Heater-Area-1-/p/133442,https://www.costco.com.tw/medias/sys_master/images/h18/h23/80396747866142.webp,https://www.costco.com.tw/voucher4
2026-08-14,其他,A.O. 史密斯 190公升 熱泵熱水器 配送都會區,"$77,999",,,指定夏日涼感商品：買2件享8.5折，買3件享8折（結帳時依活動條件計算）,https://www.costco.com.tw/c/AO-Smith-190L-Air-Source-Heat-Pump-Metropolitan-Area/p/138200,https://www.costco.com.tw/medias/sys_master/images/hd6/hb5/122109297721374.jpg,https://www.costco.com.tw/voucher4
2026-08-14,家電 3C,A.O. 史密斯 190公升 熱泵熱水器 限配偏遠地區 (第一區),"$78,499",,,指定夏日涼感商品：買2件享8.5折，買3件享8折（結帳時依活動條件計算）,https://www.costco.com.tw/Televisions-Appliances/Kitchen-Appliances/Water-Heaters/AO-Smith-190L-Heat-Pump-Water-Heater-Area-1/p/138201,https://www.costco.com.tw/medias/sys_master/images/h50/h76/122109297655838.jpg,https://www.costco.com.tw/voucher4
2026-08-14,家具家居,席伊麗 美姿系列 Colorado雙人加大床墊 183公分 X 190公分,"$3,000","$3,155",$155,商品已折價 $155；2026/07/20-08/02期間購買指定家具，買1件享85折，買2件享8折優惠。,https://www.costco.com.tw/Furniture-Kitchen/Bedding/Mattress-Toppers/Sealy-Colorado-Posturepedic-Mattress-183-X-190-cm/p/133225,https://www.costco.com.tw/medias/sys_master/images/h6f/h6c/16007410712606.jpg,https://www.costco.com.tw/voucher2
2026-08-14,家具家居,Ergoking 網布人體工學椅 171 S Plus系列,"$3,000","$3,155",$155,商品已折價 $155；2026/07/20-08/02期間購買指定家具，買1件享85折，買2件享8折優惠。,https://www.costco.com.tw/Furniture-Kitchen/Furniture/Computer-Desk-Chair-Sets/Ergoking-Mesh-Chair-171-S-Plus/p/132324,https://www.costco.com.tw/medias/sys_master/images/h6f/h6c/16007410712606.jpg,https://www.costco.com.tw/voucher2
2026-08-14,家具家居,幻知曲 R450 標準雙人睡眠系統 贈保潔墊 150公分 X 200公分,"$3,000","$3,155",$155,商品已折價 $155；2026/07/20-08/02期間購買指定家具，買1件享85折，買2件享8折優惠。,https://www.costco.com.tw/Furniture-Kitchen/Furniture/Bedroom-Furniture-Sets/Reverie-R450-Sleep-System-with-Protector-150-cm-X-200-cm/p/141096,https://www.costco.com.tw/medias/sys_master/images/h6f/h6c/16007410712606.jpg,https://www.costco.com.tw/voucher2
2026-08-14,保健美容,老協珍 冷凍熬雞精 68毫升 X 30入,"$3,000","$3,155",$155,商品已折價 $155；2026/07/20-08/02期間購買指定家具，買1件享85折，買2件享8折優惠。,https://www.costco.com.tw/Health-Beauty/Elderly-Care/Supplements/Lao-Xie-Zhen-Frozen-Chicken-Essence-68-ml-X-30-Pack/p/118552,https://www.costco.com.tw/medias/sys_master/images/h6f/h6c/16007410712606.jpg,https://www.costco.com.tw/voucher2
2026-08-14,家電 3C,Beats Studio Pro 無線頭戴式耳機,"$3,000","$3,155",$155,商品已折價 $155；2026/07/20-08/02期間購買指定家具，買1件享85折，買2件享8折優惠。,https://www.costco.com.tw/Digital-Mobile/Wearables-Audio/Headphones-Audio-Devices/Beats-Studio-Pro-Wireless-Headphones/p/141447-B,https://www.costco.com.tw/medias/sys_master/images/h6f/h6c/16007410712606.jpg,https://www.costco.com.tw/voucher2
2026-08-14,家具家居,台達電子 多功能循環涼暖風機 標準型300系列 遙控型,"$3,000","$3,155",$155,商品已折價 $155；2026/07/20-08/02期間購買指定家具，買1件享85折，買2件享8折優惠。,https://www.costco.com.tw/Furniture-Kitchen/Hardware-DIY/KitchenBathroom-Hardware/Delta-Fan-Heater-Classic-300-Series-Remote-Control/p/135409-B,https://www.costco.com.tw/medias/sys_master/images/h6f/h6c/16007410712606.jpg,https://www.costco.com.tw/voucher2
2026-08-14,家具家居,席伊麗 護背系列 Sunshine 標準雙人床墊 152公分 X 190公分,"$3,000","$3,155",$155,商品已折價 $155；2026/07/20-08/02期間購買指定家具，買1件享85折，買2件享8折優惠。,https://www.costco.com.tw/Furniture-Kitchen/Bedding/Mattress-Toppers/Sealy-Sunshine-Backsaver-Mattress-152-cm-X-190-cm/p/133226,https://www.costco.com.tw/medias/sys_master/images/h6f/h6c/16007410712606.jpg,https://www.costco.com.tw/voucher2
2026-08-14,日用品／母嬰／玩具,科克蘭 兩層隨意撕特級廚房紙巾 160張 X 12捲,$609,$669,$60,商品已折價 $60 含運,https://www.costco.com.tw/Household-Baby-Toys/Household-Essentials/Toilet-Paper-Paper-Towels/Kirkland-Signature-Premium-Big-Roll-Create-A-Size-Paper-Towel-160-Sheet-X-12-Roll/p/1768085,https://www.costco.com.tw/medias/sys_master/images/hf9/ha1/260838170984478.jpg,https://www.costco.com.tw/Deals/c/Coupon
2026-08-14,家電 3C,IRIS Woozoo 空氣循環扇 PCF-SC15T-CT,"$1,269",,,含運,https://www.costco.com.tw/Televisions-Appliances/Cooling-Heating-Air-Treatment/Heating-Cooling/IRIS-Woozoo-Circulator-Fan-PCF-SC15T-CT/p/2354207,https://www.costco.com.tw/medias/sys_master/images/ha5/h9d/329850798506014.jpg,https://www.costco.com.tw/c/Hero_Cool
2026-08-14,家具家居,Thermoflask 不鏽鋼保冷保溫瓶 946毫升 X 2件組,$659,,,含運,https://www.costco.com.tw/Furniture-Kitchen/Kitchen-Dining/Water-Bottles/Thermoflask-Stainless-Steel-Water-Bottle-946-ml-X-2-Piece-Set/p/1901817,https://www.costco.com.tw/medias/sys_master/images/hc3/h42/451293661429790.jpg,https://www.costco.com.tw/c/Hero_Cool
2026-08-14,家具家居,Downlite 涼感舒眠枕 2入 51公分 X 71公分,$669,,,含運,https://www.costco.com.tw/Furniture-Kitchen/Bedding/Pillows-Comforters-Blankets/Downlite-Ultimate-Freeze-Sleep-Pillow-2-Pack-51-cm-X-71-cm/p/688672,https://www.costco.com.tw/medias/sys_master/images/h6b/he5/450418277122078.jpg,https://www.costco.com.tw/c/Hero_Cool
2026-08-14,家具家居,Zoobies 涼感動物造型抱枕,$429,,,含運,https://www.costco.com.tw/Furniture-Kitchen/Bedding/Throw-Pillows-Cushions/Zoobies-Animal-Ice-Cushion/p/8523236,https://www.costco.com.tw/medias/sys_master/images/h7a/h87/450418283184158.jpg,https://www.costco.com.tw/c/Hero_Cool
2026-08-14,家具家居,Berkshire 涼感被 152公分 X 177公分,$539,,,含運,https://www.costco.com.tw/Furniture-Kitchen/Bedding/Pillows-Comforters-Blankets/Berkshire-Reversible-Cooling-Throw-152-cm-X-177-cm/p/690459,https://www.costco.com.tw/medias/sys_master/images/he8/h49/436453833670686.jpg,https://www.costco.com.tw/c/Hero_Cool
2026-08-14,家具家居,ThermoFlask 不鏽鋼保冷保溫瓶 1.2公升 X 2件組,$759,,,含運,https://www.costco.com.tw/Furniture-Kitchen/Kitchen-Dining/Water-Bottles/ThermoFlask-Stainless-Steel-Water-Bottle-12-L-X-2-Piece-Set/p/158977,https://www.costco.com.tw/medias/sys_master/images/hf3/h66/451293301112862.jpg,https://www.costco.com.tw/c/Hero_Cool
2026-08-14,家具家居,Blender Bottle 不鏽鋼隨行搖搖杯 740毫升 X 2件組,$999,,,含運,https://www.costco.com.tw/Furniture-Kitchen/Kitchen-Dining/Water-Bottles/Blender-Bottle-Stainless-Steel-Shaker-740-ml-X-2-Piece-Set/p/2738416,https://www.costco.com.tw/medias/sys_master/images/h42/h90/399197041852446.jpg,https://www.costco.com.tw/c/Hero_Cool
2026-08-14,家電 3C,SodaStream Terra 自動扣瓶氣泡水機,"$3,499",,,含運,https://www.costco.com.tw/Televisions-Appliances/Kitchen-Appliances/Water-Dispensers-Water-Purification/SodaStream-Terra-Sparkling-Water-Maker/p/159693,https://www.costco.com.tw/medias/sys_master/images/h4e/h0d/437687257825310.jpg,https://www.costco.com.tw/c/Hero_Cool
2026-08-14,家電 3C,東元 快速自動製冰塊機,"$2,899",,,含運,https://www.costco.com.tw/Televisions-Appliances/Kitchen-Appliances/Water-Dispensers-Water-Purification/TECO-Ice-Makers/p/146687,https://www.costco.com.tw/medias/sys_master/images/h1d/hca/255087840395294.jpg,https://www.costco.com.tw/c/Hero_Cool
2026-08-14,家具家居,樂扣樂扣 Tritan 大容量彈蓋提帶冷水壺 2.2公升,$649,,,含運,https://www.costco.com.tw/Furniture-Kitchen/Kitchen-Dining/Water-Bottles/LocknLock-Tritan-Large-Capacity-Water-Bottle-22-L/p/159317,https://www.costco.com.tw/medias/sys_master/images/hc0/h86/433249572290590.jpg,https://www.costco.com.tw/c/Hero_Cool
2026-08-14,家具家居,Hario 日本製冷萃茶壺 1.2公升,$669,,,含運,https://www.costco.com.tw/Furniture-Kitchen/Kitchen-Dining/Coffee-Accessories-Drinkware/Hario-Tritan-Cold-Brew-Tea-Pitcher-12-L/p/158984,https://www.costco.com.tw/medias/sys_master/images/h6a/h4c/433626099417118.jpg,https://www.costco.com.tw/c/Hero_Cool
2026-08-14,家具家居,樂扣樂扣 Tritan 彈蓋提帶冷水壺 650毫升 + 1000毫升,$849,,,含運,https://www.costco.com.tw/Furniture-Kitchen/Kitchen-Dining/Water-Bottles/LocknLock-Tritan-Water-Bottle-650-ml-1000-ml/p/155277,https://www.costco.com.tw/medias/sys_master/images/h63/h8a/378303654690846.jpg,https://www.costco.com.tw/c/Hero_Cool
2026-08-14,家電 3C,艾美特 14吋DC 直流遙控立扇 FS35150R,"$2,099",,,含運,https://www.costco.com.tw/Televisions-Appliances/Cooling-Heating-Air-Treatment/Heating-Cooling/Airmate-14-inch-DC-Inverter-Stand-Fan-FS35150R/p/149335,https://www.costco.com.tw/medias/sys_master/images/h27/hee/333377589444638.jpg,https://www.costco.com.tw/c/Hero_Cool
2026-08-14,家具家居,Lustroware 冷水壺 2.1公升 X 2件組 附濾網,$679,,,含運,https://www.costco.com.tw/Furniture-Kitchen/Kitchen-Dining/Coffee-Accessories-Drinkware/Lustroware-Pitcher-21-L-X-2-Piece-Set-with-Filter/p/135210,https://www.costco.com.tw/medias/sys_master/images/hd2/h8e/97634191769630.jpg,https://www.costco.com.tw/c/Hero_Cool
2026-08-14,家具家居,Thermatec 涼感被 180公分 X 210公分,$945,,,含運,https://www.costco.com.tw/Furniture-Kitchen/Bedding/Pillows-Comforters-Blankets/Thermatec-Cooling-Comforter-180-cm-X-210-cm/p/159001,https://www.costco.com.tw/medias/sys_master/images/h1c/h92/467794274123806.jpg,https://www.costco.com.tw/c/Hero_Cool
2026-08-14,家電 3C,艾美特 12吋USB充電式摺疊電扇 UD3052R,"$2,549",,,含運,https://www.costco.com.tw/Televisions-Appliances/Cooling-Heating-Air-Treatment/Heating-Cooling/Airmate-USB-Rechargeable-Foldable-Stand-Fan-UD3052R/p/143497,https://www.costco.com.tw/medias/sys_master/images/hc2/hc7/223144341307422.jpg,https://www.costco.com.tw/c/Hero_Cool
2026-08-14,家電 3C,艾美特 7吋DC直流遙控循環扇 FB1861R,"$2,499",,,含運,https://www.costco.com.tw/Televisions-Appliances/Cooling-Heating-Air-Treatment/Heating-Cooling/Airmate-7-inch-DC-Inverter-Circulator-Fan-FB1861R/p/138212,https://www.costco.com.tw/medias/sys_master/images/he3/hb8/139437267550238.jpg,https://www.costco.com.tw/c/Hero_Cool
2026-08-14,其他,Allertect 涼感抱枕 20公分 X 100公分,$859,,,含運,https://www.costco.com.tw/Allertect/Allertect-Ice-Body-Pillow-20-cm-X-100-cm/p/642617,https://www.costco.com.tw/medias/sys_master/images/he9/h71/467794401132574.jpg,https://www.costco.com.tw/c/Hero_Cool
2026-08-14,家電 3C,IRIS OHYAMA 桌上迷你型空氣循環扇 TAF-MKM10N,$589,,,含運,https://www.costco.com.tw/Televisions-Appliances/Cooling-Heating-Air-Treatment/Heating-Cooling/IRIS-OHYAMA-Tabletop-Mini-Circulator-Fan-TAF-MKM10N/p/145560,https://www.costco.com.tw/medias/sys_master/images/h11/h96/238306256551966.jpg,https://www.costco.com.tw/c/Hero_Cool
2026-08-14,家電 3C,艾美特 12吋DC電扇 FS30253R,"$1,899",,,含運,https://www.costco.com.tw/Televisions-Appliances/Cooling-Heating-Air-Treatment/Heating-Cooling/Airmate-12-inch-DC-Inverter-Fan-FS30253R/p/157027,https://www.costco.com.tw/medias/sys_master/images/h6c/h38/450418078515230.jpg,https://www.costco.com.tw/c/Hero_Cool
2026-08-14,家具家居,經典卡通涼感被附收納袋 150公分 X 180公分 史努比 星際領航員,"$1,289",,,含運,https://www.costco.com.tw/Furniture-Kitchen/Bedding/Pillows-Comforters-Blankets/Licensed-Cooling-Quilt-with-Storage-Bag-150-cm-X-180-cm-Snoopy/p/749366,https://www.costco.com.tw/medias/sys_master/images/he5/hc8/466199242965022.jpg,https://www.costco.com.tw/c/Hero_Cool
2026-08-14,家具家居,經典卡通涼感被附收納袋 150公分 X 180公分 吉伊卡哇 星夜款,"$1,289",,,含運,https://www.costco.com.tw/Furniture-Kitchen/Bedding/Pillows-Comforters-Blankets/Licensed-Cooling-Quilt-with-Storage-Bag-150-cm-X-180-cm-Chiikawa/p/449366,https://www.costco.com.tw/medias/sys_master/images/hd3/hbc/471216562765854.jpg,https://www.costco.com.tw/c/Hero_Cool
2026-08-14,家具家居,HOUSUXI 舒希 迪士尼 不鏽鋼保冷保溫瓶 1.2公升 X 2件組,"$1,229",,,含運,https://www.costco.com.tw/Furniture-Kitchen/Kitchen-Dining/Water-Bottles/HOUSUXI-Disney-Stainless-Steel-Water-Bottle-12-L-X-2-Piece-Set/p/160483,https://www.costco.com.tw/medias/sys_master/images/ha7/hac/450045415981086.jpg,https://www.costco.com.tw/c/Hero_Cool
2026-08-14,家電 3C,向物 高速手持風扇 引擎PRO DSHJ-S-2324,$969,,,含運,https://www.costco.com.tw/Televisions-Appliances/Cooling-Heating-Air-Treatment/Heating-Cooling/SOTHING-Handheld-Fan-Engine-Pro-DSHJ-S-2324/p/152999,https://www.costco.com.tw/medias/sys_master/images/h2a/h8e/379074342223902.jpg,https://www.costco.com.tw/c/Hero_Cool
2026-08-14,家具家居,WOKY 沃廚 ECOZEN 純透渾圓隨行杯 880毫升 X 2件組,$879,,,含運,https://www.costco.com.tw/Furniture-Kitchen/Kitchen-Dining/Water-Bottles/WOKY-ECOZEN-Water-Bottle-880-ml-X-2-Piece-Set/p/150702,https://www.costco.com.tw/medias/sys_master/images/h50/he5/311830114598942.jpg,https://www.costco.com.tw/c/Hero_Cool
2026-08-14,家具家居,Studio TU 玻璃飲料桶 8.3公升 含木製桶架 & 上蓋,$715,,,含運,https://www.costco.com.tw/Furniture-Kitchen/Kitchen-Dining/Coffee-Accessories-Drinkware/Studio-TU-Gallon-Glass-Drink-Dispenser-83-L-with-Acacia-Wood-Stand-Lid/p/1796162,https://www.costco.com.tw/medias/sys_master/images/h1a/h6b/449275417952286.jpg,https://www.costco.com.tw/c/Hero_Cool
2026-08-14,家電 3C,艾美特 12吋 AC桌扇 FD30247,"$1,229",,,含運,https://www.costco.com.tw/Televisions-Appliances/Cooling-Heating-Air-Treatment/Heating-Cooling/Airmate-12-inch-AC-Table-Fan-FD30247/p/149658,https://www.costco.com.tw/medias/sys_master/images/hb5/h44/333377658519582.jpg,https://www.costco.com.tw/c/Hero_Cool
2026-08-14,家電 3C,樂司科 赤色風暴渦輪風扇 #X12900TW,"$3,399",,,含運,https://www.costco.com.tw/Televisions-Appliances/Cooling-Heating-Air-Treatment/Heating-Cooling/Lasko-X-Blower-Multi-Position-Utility-Blower-Fan-X12900TW/p/137007,https://www.costco.com.tw/medias/sys_master/images/hdb/h0b/115073010171934.jpg,https://www.costco.com.tw/c/Hero_Cool
2026-08-14,家電 3C,艾美特 DC直流無扇葉塔扇 BF01R,"$4,999",,,含運,https://www.costco.com.tw/Televisions-Appliances/Cooling-Heating-Air-Treatment/Heating-Cooling/Airmate-DC-Inverter-Bladeless-Tower-Fan-BF01R/p/136601,https://www.costco.com.tw/medias/sys_master/images/h49/he3/100759962026014.jpg,https://www.costco.com.tw/c/Hero_Cool
2026-08-14,家電 3C,艾美特 14吋 DC 直流立扇 (FS35C005R),"$2,999",,,含運,https://www.costco.com.tw/Televisions-Appliances/Cooling-Heating-Air-Treatment/Heating-Cooling/Airmate-14-DC-Stand-Fan-FS35C005R/p/135005,https://www.costco.com.tw/medias/sys_master/images/h43/h94/66800260513822.jpg,https://www.costco.com.tw/c/Hero_Cool
2026-08-14,家具家居,Caliphil PrimaLoft 長纖涼夏被 150公分 X 210公分,"$1,499",,,含運,https://www.costco.com.tw/Furniture-Kitchen/Bedding/Pillows-Comforters-Blankets/Caliphil-PrimaLoft-Summer-Quilt-150-cm-X-210-cm/p/121518,https://www.costco.com.tw/medias/sys_master/images/ha1/hbb/12196925538334.jpg,https://www.costco.com.tw/c/Hero_Cool
2026-08-14,家電 3C,Life on Products 手持扇 2入組 LCAF004,"$1,399",,,含運,https://www.costco.com.tw/Televisions-Appliances/Cooling-Heating-Air-Treatment/Heating-Cooling/Life-on-Products-Handheld-Fan-2-Pack-Set-LCAF004/p/157178,https://www.costco.com.tw/medias/sys_master/images/h3e/h44/450045188669470.jpg,https://www.costco.com.tw/c/Hero_Cool
2026-08-14,家電 3C,艾美特 USB 桌/夾式充電風扇 2入組 UD703S,"$1,129",,,含運,https://www.costco.com.tw/Televisions-Appliances/Cooling-Heating-Air-Treatment/Heating-Cooling/Airmate-USB-Desk-Handheld-Fan-2-Pack-Set-UD703S/p/157028,https://www.costco.com.tw/medias/sys_master/images/h38/hf0/417417232580638.jpg,https://www.costco.com.tw/c/Hero_Cool
2026-08-14,家具家居,Sea Breeze 雙人涼感墊 152公分 X 195公分,$929,,,含運,https://www.costco.com.tw/Furniture-Kitchen/Bedding/Mattress-Toppers/Sea-Breeze-Cool-Quilt-Pad-152-cm-X-195-cm/p/143514,https://www.costco.com.tw/medias/sys_master/images/h52/h68/450045165928478.jpg,https://www.costco.com.tw/c/Hero_Cool
2026-08-14,家電 3C,艾美特 USB手持充電風扇 2入組 (UD802),$999,,,含運,https://www.costco.com.tw/Televisions-Appliances/Cooling-Heating-Air-Treatment/Heating-Cooling/Airmate-USB-Handheld-Fan-2-Pack-UD802/p/133802,https://www.costco.com.tw/medias/sys_master/images/h7c/h84/69412028284958.jpg,https://www.costco.com.tw/c/Hero_Cool
2026-08-14,家具家居,經典卡通涼感被附收納袋 150公分 X 180公分 布丁狗 X 大耳狗 一起做烘焙,"$1,289",,,含運,https://www.costco.com.tw/Furniture-Kitchen/Bedding/Pillows-Comforters-Blankets/Licensed-Cooling-Quilt-with-Storage-Bag-150-cm-X-180-cm-Pompompurin-X-Cinnamoroll/p/649366,https://www.costco.com.tw/medias/sys_master/images/hd5/h6e/466199236476958.jpg,https://www.costco.com.tw/c/Hero_Cool
2026-08-14,家具家居,LAV 土耳其製玻璃杯 16件組,$659,,,含運,https://www.costco.com.tw/Furniture-Kitchen/Kitchen-Dining/Coffee-Accessories-Drinkware/LAV-Glass-Tumbler-16-Piece-Set/p/1933543,https://www.costco.com.tw/medias/sys_master/images/h60/h04/380918085189662.jpg,https://www.costco.com.tw/c/Hero_Cool
2026-08-14,家電 3C,Siroca DC 直流大風量循環塔扇 SF-T1710,"$2,999",,,含運,https://www.costco.com.tw/Televisions-Appliances/Cooling-Heating-Air-Treatment/Heating-Cooling/Siroca-DC-Inverter-Tower-Fan-SF-T1710/p/157020,https://www.costco.com.tw/medias/sys_master/images/h54/hcf/402145258111006.jpg,https://www.costco.com.tw/c/Hero_Cool
2026-08-14,家電 3C,艾美特 16吋DC直流立扇 FS40125R,"$3,359",,,含運,https://www.costco.com.tw/Televisions-Appliances/Cooling-Heating-Air-Treatment/Heating-Cooling/Airmate-16-inch-DC-Inverter-Stand-Fan-FS40125R/p/126487,https://www.costco.com.tw/medias/sys_master/images/h05/h35/27585205338142.jpg,https://www.costco.com.tw/c/Hero_Cool
2026-08-14,家電 3C,正負零 3D DC直流循環風扇 XQS-G630,"$4,599",,,含運,https://www.costco.com.tw/Televisions-Appliances/Cooling-Heating-Air-Treatment/Heating-Cooling/0-3D-DC-Inverter-Air-Circulator-XQS-G630/p/138455,https://www.costco.com.tw/medias/sys_master/images/h06/h12/132201976528926.jpg,https://www.costco.com.tw/c/Hero_Cool
2026-08-14,家電 3C,妙管家 全自動極速製冰機 HKCV-22C,"$2,199",,,含運,https://www.costco.com.tw/Televisions-Appliances/Kitchen-Appliances/Water-Dispensers-Water-Purification/House-Keeper-Ice-Makers-HKCV-22C/p/151052,https://www.costco.com.tw/medias/sys_master/images/h1f/h54/364686749138974.jpg,https://www.costco.com.tw/c/Hero_Cool
2026-08-14,家電 3C,正負零 9吋 桌面 3D 循環風扇 CQS-K110,"$2,399",,,含運,https://www.costco.com.tw/Televisions-Appliances/Cooling-Heating-Air-Treatment/Heating-Cooling/0-9-inch-Desktop-3D-Circulator-Fan-CQS-K110/p/157021,https://www.costco.com.tw/medias/sys_master/images/hbb/h50/402145262108702.jpg,https://www.costco.com.tw/c/Hero_Cool
2026-08-14,家電 3C,LUMENA FAN STAND4 桌上型擺頭隨行風扇 2件組,"$1,759",,,含運,https://www.costco.com.tw/Televisions-Appliances/Cooling-Heating-Air-Treatment/Heating-Cooling/LUMENA-FAN-STAND4-Wireless-Tabletop-Fan-2-Pack-Set/p/154234,https://www.costco.com.tw/medias/sys_master/images/hdb/h4a/381454908588062.jpg,https://www.costco.com.tw/c/Hero_Cool
