日期,分類,商品,價格,原價,折價金額,優惠說明,庫存狀態,商品網址,圖片網址,資料來源
2026-10-03,其他,馬牌輪胎 / 限時優惠折扣中,$800,,,,狀態未知,https://www.costco.com.tw/Continental/Continental-Tire-Exclusive-Limited-Time-Offer/p/111844,https://www.costco.com.tw/medias/sys_master/images/h39/h8e/152786835570718.jpg,https://www.costco.com.tw/c/hot-buys?q=:relevance
2026-10-03,家電 3C,Samsung 55吋 Neo QLED 4K AI 量子智慧顯示器,"$19,999","$24,999","$5,000","商品已折價$5,000 含運",有貨,https://www.costco.com.tw/Televisions-Appliances/TV-Home-Entertainment/Televisions-TV-Accessories/50-59-TVs/Samsung-55-inch-Neo-QLED-4K-AI-Smart-Monitor/p/161510,https://www.costco.com.tw/medias/sys_master/images/h1d/h28/490097865424926.jpg,https://www.costco.com.tw/c/hot-buys?q=:relevance
2026-10-03,家電 3C,3M 淨呼吸 20公升雙效空氣清淨除濕機 FD-Y200L Plus,"$14,399","$17,999","$3,600","商品已折價$3,600 含運",有貨,https://www.costco.com.tw/Televisions-Appliances/Cooling-Heating-Air-Treatment/Dehumidifiers-Dry-Cabinets/3M-Filtrete-20-L-Air-Purifier-Dehumidifier-FD-Y200L-Plus/p/157136,https://www.costco.com.tw/medias/sys_master/images/h9c/hdc/421140990656542.jpg,https://www.costco.com.tw/c/hot-buys?q=:relevance
2026-10-03,日用品／母嬰／玩具,Ariel 4D 超強極淨洗衣膠囊 70顆 X 2袋入,$859,"$1,059",$200,商品已折價 $200 含運,有貨,https://www.costco.com.tw/Household-Baby-Toys/Household-Essentials/Laundry-Care/Ariel-4D-Antibacterial-Anti-Mite-Laundry-Capsules-70-Count-X-2-Pack/p/337700,https://www.costco.com.tw/medias/sys_master/images/hd7/h4a/434799001763870.jpg,https://www.costco.com.tw/c/hot-buys?q=:relevance
2026-10-03,保健美容,AHC 玻尿酸植萃保濕機能水 300毫升,$705,$885,$180,商品已折價 $180 含運,有貨,https://www.costco.com.tw/Health-Beauty/Beauty-Skin-Care/Skin-Care/AHC-Hyaluronic-Toner-300-ml/p/137886,https://www.costco.com.tw/medias/sys_master/images/hb9/h92/132769712341022.jpg,https://www.costco.com.tw/c/hot-buys?q=:relevance
2026-10-03,保健美容,威德 益生菌 顆粒 90包,$655,$815,$160,商品已折價 $160 含運,有貨,https://www.costco.com.tw/Health-Beauty/Supplements/Supplements-Digestive-Support/WEIDER-Probiotics-Granule-90-Sachet/p/994049,https://www.costco.com.tw/medias/sys_master/images/h67/h22/35130919387166.jpg,https://www.costco.com.tw/c/hot-buys?q=:relevance
2026-10-03,日用品／母嬰／玩具,舒潔 三層抽取式衛生紙 120抽 X 64入,"$1,100","$1,379",$279,商品已折價 $279 含運,有貨,https://www.costco.com.tw/Household-Baby-Toys/Household-Essentials/Toilet-Paper-Paper-Towels/Kleenex-Baby-Soft-3-Ply-Interfold-Bath-Tissue-120-Sheet-X-64-Count/p/312200,https://www.costco.com.tw/medias/sys_master/images/hb7/hd2/501515264753694.jpg,https://www.costco.com.tw/c/hot-buys?q=:relevance
2026-10-03,食品飲料,星巴克 早餐綜合咖啡豆 1.13公斤,$835,"$1,035",$200,商品已折價 $200 含運,有貨,https://www.costco.com.tw/Food-Dining/Drinks/Coffee/Starbucks-Breakfast-Blend-Whole-Bean-Coffee-113-kg/p/614575,https://www.costco.com.tw/medias/sys_master/images/h71/h42/32150071279646.jpg,https://www.costco.com.tw/c/hot-buys?q=:relevance
2026-10-03,其他,桂格 減糖黑十穀 38公克 X 50入,$299,$369,$70,商品已折價 $70 含運,有貨,https://www.costco.com.tw/c/Quaker-Herbs-Cereal-Beverage-with-Low-Sugar-Formula-38-g-X-50-Pack/p/184592,https://www.costco.com.tw/medias/sys_master/images/ha3/hc0/136797143597086.jpg,https://www.costco.com.tw/c/hot-buys?q=:relevance
2026-10-03,食品飲料,Moccona 中烘焙即溶咖啡粉 400公克,$479,$599,$120,商品已折價 $120 含運,有貨,https://www.costco.com.tw/Food-Dining/Drinks/Coffee/Moccona-Medium-Roast-Instant-Coffee-400-g/p/128828,https://www.costco.com.tw/medias/sys_master/images/he9/h50/52231579009054.jpg,https://www.costco.com.tw/c/hot-buys?q=:relevance
2026-10-03,保健美容,挺立高鈣強力錠 + K2配方 295錠,"$1,469","$1,829",$360,商品已折價 $360 含運,有貨,https://www.costco.com.tw/Health-Beauty/Supplements/Supplements-Digestive-Support/Caltrate-High-Calcium-Plus-K2-formula-295-Tablet/p/890908,https://www.costco.com.tw/medias/sys_master/images/h6f/h9b/418236987211806.jpg,https://www.costco.com.tw/c/hot-buys?q=:relevance
2026-10-03,其他,Tidy Cats 高效清香凝結罐裝貓砂 6.35公斤 X 3罐,$599,$759,$160,商品已折價$160 含運,有貨,https://www.costco.com.tw/c/Tidy-Cats-Instant-Action-Clumping-Cat-Litter-635-kg-X-3-Count/p/115777,https://www.costco.com.tw/medias/sys_master/images/h50/h56/61939547766814.jpg,https://www.costco.com.tw/c/hot-buys?q=:relevance
2026-10-03,保健美容,銀寶善存50+ 女性綜合維他命錠 290錠,"$1,469","$1,829",$360,商品已折價 $360 含運,有貨,https://www.costco.com.tw/Health-Beauty/Supplements/Multi-Letter-Vitamins/Centrum-Silver-50-for-Women-Multivitamin-290-Tablet/p/765268,https://www.costco.com.tw/medias/sys_master/images/hba/h68/396189976035358.jpg,https://www.costco.com.tw/c/hot-buys?q=:relevance
2026-10-03,保健美容,樂亦康 APF益生菌膠囊 150粒,"$1,884","$2,359",$475,商品已折價 $475 含運,有貨,https://www.costco.com.tw/Health-Beauty/Supplements/Supplements-Digestive-Support/eN-Lac-Plus-APF-Probiotics-150-Capsule/p/91640,https://www.costco.com.tw/medias/sys_master/images/h23/hbf/257772661702686.jpg,https://www.costco.com.tw/c/hot-buys?q=:relevance
2026-10-03,食品飲料,美威 冷凍精選鮭魚菲力-法式香蒜口味 6入組,"$1,179","$1,479",$300,商品已折價 $300 含運,有貨,https://www.costco.com.tw/Food-Dining/Frozen-Fresh-Food/Frozen-Meals/Supreme-Salmon-Frozen-Signature-Salmon-Fillet-French-Garlic-Butter-Flavor-6-Pack-Set/p/148196,https://www.costco.com.tw/medias/sys_master/images/hb5/hbd/272955082244126.jpg,https://www.costco.com.tw/c/hot-buys?q=:relevance
2026-10-03,家具家居,ThermoFlask 不鏽鋼保冷保溫瓶 1.2公升 X 2件組,$599,$759,$160,商品已折價$160 含運,缺貨,https://www.costco.com.tw/Furniture-Kitchen/Kitchen-Dining/Water-Bottles/ThermoFlask-Stainless-Steel-Water-Bottle-12-L-X-2-Piece-Set/p/158977,https://www.costco.com.tw/medias/sys_master/images/hf3/h66/451293301112862.jpg,https://www.costco.com.tw/c/hot-buys?q=:relevance
2026-10-03,保健美容,Schiff 益節葡萄糖胺+軟骨素+MSM+維生素D+鈣錠(食品) 240錠,"$1,129","$1,409",$280,商品已折價 $280 含運,有貨,https://www.costco.com.tw/Health-Beauty/Supplements/Bone-Joint-Support/Schiff-Move-Free-Glucosamine-Chondroitin-MSM-Vitamin-D-Calcium-240-Tablet/p/363984,https://www.costco.com.tw/medias/sys_master/images/hd2/h81/16466683363358.jpg,https://www.costco.com.tw/c/hot-buys?q=:relevance
2026-10-03,保健美容,銀寶善存50+男性綜合維他命錠 290錠,"$1,469","$1,829",$360,商品已折價 $360 含運,有貨,https://www.costco.com.tw/Health-Beauty/Supplements/Multi-Letter-Vitamins/Centrum-Silver-50-for-Men-Multivitamin-290-Tablet/p/765269,https://www.costco.com.tw/medias/sys_master/images/h1c/hc9/384010440998942.jpg,https://www.costco.com.tw/c/hot-buys?q=:relevance
2026-10-03,食品飲料,亞細亞田園 冷凍薄鹽毛豆莢 500公克 X 6包,$339,$419,$80,商品已折價 $80 含運,有貨,https://www.costco.com.tw/Food-Dining/Frozen-Fresh-Food/Frozen-Fruits-Vegetables/Asia-Farm-Frozen-Edamame-500-g-X-6-Pack/p/86373,https://www.costco.com.tw/medias/sys_master/images/h1e/h87/33857917288478.jpg,https://www.costco.com.tw/c/hot-buys?q=:relevance
2026-10-03,其他,嘉實多極致 0W-20 全合成機油 946毫升 X 6入,"$1,279","$1,599",$320,商品已折價$320 含運,有貨,https://www.costco.com.tw/Sports-Lifestyle/Automotive/Car-Oils-Fluids/Castrol-EDGE-0W-20-Full-Synthetic-Motor-Oil-946-ml-x-6-Pack/p/125480,https://www.costco.com.tw/medias/sys_master/images/h0a/h8d/473819313537054.jpg,https://www.costco.com.tw/c/hot-buys?q=:relevance
2026-10-03,保健美容,Nature Made 萊萃美 全方位維生素B群加C 活力錠 300粒,$869,"$1,079",$210,商品已折價 $210 含運,有貨,https://www.costco.com.tw/Health-Beauty/Supplements/Multi-Letter-Vitamins/Nature-Made-Super-B-C-Support-300-Tablet/p/234845,https://www.costco.com.tw/medias/sys_master/images/h76/hda/325606378045470.jpg,https://www.costco.com.tw/c/hot-buys?q=:relevance
2026-10-03,保健美容,蘇菲 超熟睡長時間吸收夜用衛生棉 28公分 16片 X 8入,$309,$389,$80,商品已折價 $80 含運,有貨,https://www.costco.com.tw/Health-Beauty/Personal-Care/Feminine-Care/Sofy-Deep-Sleep-Night-Pad-28-cm-16-Piece-X-8-Pack/p/140064,https://www.costco.com.tw/medias/sys_master/images/h2b/h29/152907844780062.jpg,https://www.costco.com.tw/c/hot-buys?q=:relevance
2026-10-03,保健美容,健康力 葉黃素 (金盞花萃取物) QQ 凍 15公克 X 45條,$835,"$1,035",$200,商品已折價 $200 含運,有貨,https://www.costco.com.tw/Health-Beauty/Supplements/Supplements-Digestive-Support/Dr-Advice-Lutein-QQ-Jelly-15-g-X-45-Pack/p/132760,https://www.costco.com.tw/medias/sys_master/images/h2c/h71/329850237648926.jpg,https://www.costco.com.tw/c/hot-buys?q=:relevance
2026-10-03,家具家居,TETSU 日本製窒化鐵製炒鍋 28公分,"$1,729","$2,169",$440,商品已折價$440 含運,有貨,https://www.costco.com.tw/Furniture-Kitchen/Kitchen-Dining/Cookware-Cutlery-Cutting-Boards/TETSU-Nitriding-Iron-Wok-28-cm/p/125940,https://www.costco.com.tw/medias/sys_master/images/h30/hf5/30241753858078.jpg,https://www.costco.com.tw/c/hot-buys?q=:relevance
2026-10-03,其他,Schiff MegaRed 精萃磷蝦油Omega-3軟膠囊(食品) 80粒,"$1,059","$1,319",$260,商品已折價 $260 含運,有貨,https://www.costco.com.tw/c/Schiff-MegaRed-Krill-Oil-Omega-3-High-Concentrate-80-Softgel/p/132361,https://www.costco.com.tw/medias/sys_master/images/ha4/hda/87394602778654.jpg,https://www.costco.com.tw/c/hot-buys?q=:relevance
2026-10-03,保健美容,Redoxon 力度伸 維他命C+D+鋅發泡錠(柳橙口味) 45錠 (15錠 X 3條),$639,$799,$160,商品已折價 $160 含運,有貨,https://www.costco.com.tw/Health-Beauty/Supplements/Multi-Letter-Vitamins/Redoxon-CDZinc-Effervescent-Orange-Flavor-45-Tablet-15-Tablet-X-3-Pack/p/200762,https://www.costco.com.tw/medias/sys_master/images/he5/hf8/386020539564062.jpg,https://www.costco.com.tw/c/hot-buys?q=:relevance
2026-10-03,食品飲料,宴麥森林 蔓越莓杏仁堅果多燕麥片 770公克,$269,$339,$70,商品已折價 $70 含運,有貨,https://www.costco.com.tw/Food-Dining/Drinks/Powdered-Drink-Mix-Cereal-Oats/Granola-House-Cranberry-Almond-Granola-770-g/p/304631,https://www.costco.com.tw/medias/sys_master/images/h68/h84/449275464187934.jpg,https://www.costco.com.tw/c/hot-buys?q=:relevance
2026-10-03,食品飲料,奧利奧 迷你奧利奧巧克力夾心餅乾分享組 816公克,$279,$359,$80,商品已折價$80 含運,有貨,https://www.costco.com.tw/Food-Dining/Snacks/Cookies-Chips/OREO-Mini-Oreo-Chocolate-Sandwich-Cookies-Combo-Pack-816-g/p/226450,https://www.costco.com.tw/medias/sys_master/images/h2b/h12/346620900704286.jpg,https://www.costco.com.tw/c/hot-buys?q=:relevance
2026-10-03,食品飲料,五木 川味紅燒牛肉麵 216公克 X 6包,$315,$389,$74,商品已折價$74 含運,有貨,https://www.costco.com.tw/Food-Dining/Groceries/Rice-Noodles/Wu-mu-Sichuan-Braised-Beef-Noodle-Soup-216-g-X-6-Pack/p/146442,https://www.costco.com.tw/medias/sys_master/images/h2d/h36/257071284420638.jpg,https://www.costco.com.tw/c/hot-buys?q=:relevance
2026-10-03,家具家居,歐司朗 朗德萬斯 LED 護眼螢幕掛燈,$995,"$1,275",$280,商品已折價$280 含運,有貨,https://www.costco.com.tw/Furniture-Kitchen/Hardware-DIY/Lighting-Light-Bulbs/OSRAM-LEDVANCE-LED-Screen-Light/p/146243,https://www.costco.com.tw/medias/sys_master/images/h26/he1/243588466769950.jpg,https://www.costco.com.tw/c/hot-buys?q=:relevance
2026-10-03,家電 3C,3M 淨呼吸 專業級捲筒式靜電空氣濾網 9809-LRTC 38公分 X 450公分,$899,"$1,149",$250,商品已折價$250 含運,有貨,https://www.costco.com.tw/Televisions-Appliances/Cooling-Heating-Air-Treatment/Air-Purifiers-Filters-Accessories/3M-Filtrete-Allergen-Bacteria-Virus-AC-Filter-9809-LRTC-38-cm-X-450-cm/p/140715,https://www.costco.com.tw/medias/sys_master/images/heb/h87/156457915678750.jpg,https://www.costco.com.tw/c/hot-buys?q=:relevance
2026-10-03,保健美容,善存 男性綜合維他命錠 280錠,"$1,269","$1,579",$310,商品已折價 $310 含運,有貨,https://www.costco.com.tw/Health-Beauty/Supplements/Multi-Letter-Vitamins/Centrum-Adult-for-Men-Multivitamin-280-Tablet/p/105310,https://www.costco.com.tw/medias/sys_master/images/h1c/h2c/397422066663454.jpg,https://www.costco.com.tw/c/hot-buys?q=:relevance
2026-10-03,食品飲料,米森 香濃起司一口酥 20公克 X 21包 X 2盒,$679,$849,$170,商品已折價$170 含運,有貨,https://www.costco.com.tw/Food-Dining/Snacks/Cookies-Chips/Vilson-Cheese-Mini-Crackers-20-g-X-21-Pack-X-2-Case/p/960668,https://www.costco.com.tw/medias/sys_master/images/h18/hc9/399197078355998.jpg,https://www.costco.com.tw/c/hot-buys?q=:relevance
2026-10-03,保健美容,善存 女性綜合維他命錠 280錠,"$1,269","$1,579",$310,商品已折價 $310 含運,有貨,https://www.costco.com.tw/Health-Beauty/Supplements/Multi-Letter-Vitamins/Centrum-Adult-for-Women-Multivitamin-280-Tablet/p/105320,https://www.costco.com.tw/medias/sys_master/images/h50/h55/397422066073630.jpg,https://www.costco.com.tw/c/hot-buys?q=:relevance
2026-10-03,保健美容,曼秀雷敦 AD 溫和舒敏泡沫沐浴露 1000毫升 X 1入,$669,$849,$180,商品已折價 $180 含運,有貨,https://www.costco.com.tw/Health-Beauty/Personal-Care/Bath-Body/Mentholatum-AD-Mild-Skin-Wash-1000-ml-X-1-Pack/p/146632,https://www.costco.com.tw/medias/sys_master/images/h10/hef/291632788340766.jpg,https://www.costco.com.tw/c/hot-buys?q=:relevance
2026-10-03,食品飲料,義美生機 百香蘋果 160公克,$269,$329,$60,商品已折價$60 含運,有貨,https://www.costco.com.tw/Food-Dining/Snacks/Cookies-Chips/I-Mei-Macrobiotics-Freeze-Dried-Apples-Infused-with-Passion-Fruit-160-g/p/151526,https://www.costco.com.tw/medias/sys_master/images/h05/h0c/328848040296478.jpg,https://www.costco.com.tw/c/hot-buys?q=:relevance
2026-10-03,家具家居,歐司朗 朗德萬斯 晶享 13W 6吋 LED 薄型崁燈 6入,$889,"$1,119",$230,商品已折價$230 含運,缺貨,https://www.costco.com.tw/Furniture-Kitchen/Hardware-DIY/Lighting-Light-Bulbs/OSRAM-LEDVANCE-13W-6-inch-LED-Value-Slim-Downlight-6-Pack/p/146545-B,https://www.costco.com.tw/medias/sys_master/images/h51/h33/255087838822430.jpg,https://www.costco.com.tw/c/hot-buys?q=:relevance
2026-10-03,家電 3C,飛利浦 Sonicare 充電式智能音波牙刷 2入 HX5292,"$4,759","$6,059","$1,300","商品已折價$1,300 含運",有貨,https://www.costco.com.tw/Televisions-Appliances/Small-Appliances/Electric-Toothbrushes-Water-Flossers/Philips-Sonicare-Rechargeable-Toothbrush-2-Pack-HX529201/p/151607,https://www.costco.com.tw/medias/sys_master/images/hde/h9c/333377704787998.jpg,https://www.costco.com.tw/c/hot-buys?q=:relevance
2026-10-03,保健美容,老協珍 冷凍鮮鱸精 68毫升 X 15包,"$2,219","$2,779",$560,商品已折價$560 含運,有貨,https://www.costco.com.tw/Health-Beauty/Elderly-Care/Supplements/Lao-Xie-Zhen-Frozen-Traditional-Essence-Of-Sea-Bass-68-ml-X-15-Pack/p/139388,https://www.costco.com.tw/medias/sys_master/images/h5d/ha9/153265438588958.jpg,https://www.costco.com.tw/c/hot-buys?q=:relevance
2026-10-03,家電 3C,JLab Epic Lab Edition 降噪真無線藍牙耳機,"$3,499","$5,049","$1,550","商品已折價$1,550 含運",有貨,https://www.costco.com.tw/Digital-Mobile/Wearables-Audio/Headphones-Audio-Devices/JLab-Epic-Lab-Edition-True-Wireless-Earbuds/p/153965,https://www.costco.com.tw/medias/sys_master/images/h57/h74/416282314145822.jpg,https://www.costco.com.tw/c/hot-buys?q=:relevance
2026-10-03,家具家居,金頂 超能量電池三號 20入,$269,$349,$80,商品已折價$80 含運,有貨,https://www.costco.com.tw/Furniture-Kitchen/Hardware-DIY/Power-Tools-Electrical/Duracell-Ultra-AA-Batteries-20-Pack/p/1022328,https://www.costco.com.tw/medias/sys_master/images/h88/h18/85397520154654.jpg,https://www.costco.com.tw/c/hot-buys?q=:relevance
2026-10-03,家具家居,飛利浦 11W LED Stick 雪糕燈泡真彩版,$519,$649,$130,商品已折價$130 含運,缺貨,https://www.costco.com.tw/Furniture-Kitchen/Hardware-DIY/Lighting-Light-Bulbs/Philips-11W-LED-Stick-Light-Bulb-4-Pack/p/139324-B,https://www.costco.com.tw/medias/sys_master/images/hb2/h76/170276249403422.jpg,https://www.costco.com.tw/c/hot-buys?q=:relevance
2026-10-03,食品飲料,格力高 POPCAN 造型棒棒糖 9公克 X 30支,$359,$449,$90,商品已折價$90 含運,有貨,https://www.costco.com.tw/Food-Dining/Snacks/Candies-Chocolates/Glico-POPCAN-Lollipop-9-g-X-30-Count/p/142415,https://www.costco.com.tw/medias/sys_master/images/hbe/h46/189405325983774.jpg,https://www.costco.com.tw/c/hot-buys?q=:relevance
2026-10-03,家具家居,金頂 超能量電池四號 20入,$269,$349,$80,商品已折價$80 含運,有貨,https://www.costco.com.tw/Furniture-Kitchen/Hardware-DIY/Power-Tools-Electrical/Duracell-Ultra-AAA-Batteries-20-Pack/p/1022330,https://www.costco.com.tw/medias/sys_master/images/h2f/h79/85397520023582.jpg,https://www.costco.com.tw/c/hot-buys?q=:relevance
2026-10-03,家具家居,3M 防滑貼片組 16入,$509,$639,$130,商品已折價$130 含運,缺貨,https://www.costco.com.tw/Furniture-Kitchen/Bedding/Rugs-Mats/3M-Safety-Walk-16-Pack/p/121872,https://www.costco.com.tw/medias/sys_master/images/h6e/h03/245390766571550.jpg,https://www.costco.com.tw/c/hot-buys?q=:relevance
2026-10-03,服飾配件,32 Degrees 女羽絨外套,$899,"$1,149",$250,商品已折價$250 含運,缺貨,https://www.costco.com.tw/Clothing-Accessories/Womens-Clothing/Womens-Coats-Jackets/32-Degrees-Ladies-Down-Jacket/p/158599,https://www.costco.com.tw/medias/sys_master/images/h60/h90/492430001078302.jpg,https://www.costco.com.tw/c/hot-buys?q=:relevance
2026-10-03,其他,勝利 羽球拍 家庭組,"$1,549","$1,939",$390,商品已折價$390 含運,有貨,https://www.costco.com.tw/Sports-Lifestyle/Sports-Fitness/Team-Sports/Victor-Badminton-Set/p/149254,https://www.costco.com.tw/medias/sys_master/images/h04/h31/309921273905182.jpg,https://www.costco.com.tw/c/hot-buys?q=:relevance
2026-10-03,家具家居,Neoflam 陶瓷不沾塗層鍋具 含玻璃上蓋 3件組,"$2,399","$2,999",$600,商品已折價$600 含運,缺貨,https://www.costco.com.tw/Furniture-Kitchen/Kitchen-Dining/Cookware-Cutlery-Cutting-Boards/Neoflam-Ceramic-Non-Stick-Cookware-with-Glass-Lid-3-Piece-Set/p/158904,https://www.costco.com.tw/medias/sys_master/images/h2c/h12/450045312991262.jpg,https://www.costco.com.tw/c/hot-buys?q=:relevance
2026-10-03,其他,0.50克拉 14K白K金 圓形鑽石項鍊 VS2/I,"$31,999","$39,999","$8,000","商品已折價$8,000 含運",有貨,https://www.costco.com.tw/Jewelry-Gold/Diamond/Diamond-Necklaces/050ctw-14k-White-Gold-Round-Diamond-Pendant-VS2I/p/1988405,https://www.costco.com.tw/medias/sys_master/images/hdb/h8f/400800754040862.jpg,https://www.costco.com.tw/c/hot-buys?q=:relevance
2026-10-03,家具家居,La Belle 雙人 300織天絲棉素色 被套床包四件組拼接款 藍,"$2,555","$3,199",$644,商品已折價$644 含運,有貨,https://www.costco.com.tw/Furniture-Kitchen/Bedding/Sheets-Pillowcases/La-Belle-Double-Size-300-Thread-65-Tencel-and-35-Cotton-Duvet-4-Piece-Set-Splicing-Blue/p/449703,https://www.costco.com.tw/medias/sys_master/images/h4d/hd7/364687232303134.jpg,https://www.costco.com.tw/c/hot-buys?q=:relevance
2026-10-03,家具家居,La Belle 雙人 300織天絲棉素色 被套床包四件組拼接款 灰,"$2,555","$3,199",$644,商品已折價$644 含運,有貨,https://www.costco.com.tw/Furniture-Kitchen/Bedding/Sheets-Pillowcases/La-Belle-Double-Size-300-Thread-65-Tencel-and-35-Cotton-Duvet-4-Piece-Set-Splicing-Gray/p/349703,https://www.costco.com.tw/medias/sys_master/images/h37/h12/364687208906782.jpg,https://www.costco.com.tw/c/hot-buys?q=:relevance
2026-10-03,服飾配件,32 Degrees 男羽絨外套,"$1,049","$1,349",$300,商品已折價$300 含運,缺貨,https://www.costco.com.tw/Clothing-Accessories/Mens-Clothing/Mens-Coats-Jackets/32-Degrees-Mens-Down-Jacket/p/1592680,https://www.costco.com.tw/medias/sys_master/images/h55/he3/502266071613470.jpg,https://www.costco.com.tw/c/hot-buys?q=:relevance
2026-10-03,家電 3C,ASUS Vivobook AI Copilot+ PC 16吋筆記型電腦 M1607KA-0081B330,"$36,599","$44,099","$7,500","商品已折價 $7,500 含運",有貨,https://www.costco.com.tw/Digital-Mobile/Laptops-Computers/Laptops/ASUS-Vivobook-AI-Copilot-PC-16-inch-Laptop-M1607KA-0081B330/p/161794,https://www.costco.com.tw/medias/sys_master/images/h21/h44/489268303036446.jpg,https://www.costco.com.tw/c/hot-buys?q=:relevance
2026-10-03,家具家居,La Belle 雙人加大 300織天絲棉素色 被套床包四件組拼接款 藍,"$2,699","$3,399",$700,商品已折價$700 含運,有貨,https://www.costco.com.tw/Furniture-Kitchen/Bedding/Sheets-Pillowcases/La-Belle-Queen-Size-300-Thread-65-Tencel-and-35-Cotton-Duvet-4-Piece-Set-Splicing-Blue/p/451739,https://www.costco.com.tw/medias/sys_master/images/h86/haa/364687233875998.jpg,https://www.costco.com.tw/c/hot-buys?q=:relevance
2026-10-03,家具家居,La Belle 雙人特大 300織天絲棉素色 被套床包四件組拼接款 藍,"$2,999","$3,799",$800,商品已折價$800 含運,有貨,https://www.costco.com.tw/Furniture-Kitchen/Bedding/Sheets-Pillowcases/La-Belle-King-Size-300-Thread-65-Tencel-and-35-Cotton-Duvet-4-Piece-Set-Splicing-Blue/p/451740,https://www.costco.com.tw/medias/sys_master/images/h72/h67/364687237611550.jpg,https://www.costco.com.tw/c/hot-buys?q=:relevance
2026-10-03,家具家居,La Belle 雙人加大 300織天絲棉素色 被套床包四件組拼接款 灰,"$2,699","$3,399",$700,商品已折價$700 含運,有貨,https://www.costco.com.tw/Furniture-Kitchen/Bedding/Sheets-Pillowcases/La-Belle-Queen-Size-300-Thread-65-Tencel-and-35-Cotton-Duvet-4-Piece-Set-Splicing-Gray/p/351739,https://www.costco.com.tw/medias/sys_master/images/h30/h0b/364687214608414.jpg,https://www.costco.com.tw/c/hot-buys?q=:relevance
2026-10-03,家具家居,La Belle 雙人加大 300織天絲棉素色 被套床包四件組拼接款 粉,"$2,699","$3,399",$700,商品已折價$700 含運,有貨,https://www.costco.com.tw/Furniture-Kitchen/Bedding/Sheets-Pillowcases/La-Belle-Queen-Size-300-Thread-65-Tencel-and-35-Cotton-Duvet-4-Piece-Set-Splicing-Pink/p/151739,https://www.costco.com.tw/medias/sys_master/images/hfa/h31/364686759723038.jpg,https://www.costco.com.tw/c/hot-buys?q=:relevance
2026-10-03,家具家居,La Belle 雙人加大 300織天絲棉素色 被套床包四件組拼接款 金,"$2,699","$3,399",$700,商品已折價$700 含運,有貨,https://www.costco.com.tw/Furniture-Kitchen/Bedding/Sheets-Pillowcases/La-Belle-Queen-Size-300-Thread-65-Tencel-and-35-Cotton-Duvet-4-Piece-Set-Splicing-Golden/p/251739,https://www.costco.com.tw/medias/sys_master/images/h76/h33/364687162900510.jpg,https://www.costco.com.tw/c/hot-buys?q=:relevance
2026-10-03,家具家居,La Belle 雙人特大 300織天絲棉素色 被套床包四件組拼接款 金,"$2,999","$3,799",$800,商品已折價$800 含運,有貨,https://www.costco.com.tw/Furniture-Kitchen/Bedding/Sheets-Pillowcases/La-Belle-King-Size-300-Thread-65-Tencel-and-35-Cotton-Duvet-4-Piece-Set-Splicing-Golden/p/251740,https://www.costco.com.tw/medias/sys_master/images/h79/hb9/364687164604446.jpg,https://www.costco.com.tw/c/hot-buys?q=:relevance
2026-10-03,家具家居,La Belle 雙人 300織天絲棉素色 被套床包四件組拼接款 粉,"$2,555","$3,199",$644,商品已折價$644 含運,有貨,https://www.costco.com.tw/Furniture-Kitchen/Bedding/Sheets-Pillowcases/La-Belle-Double-Size-300-Thread-65-Tencel-and-35-Cotton-Duvet-4-Piece-Set-Splicing-Pink/p/149703,https://www.costco.com.tw/medias/sys_master/images/hbf/h12/364686744322078.jpg,https://www.costco.com.tw/c/hot-buys?q=:relevance
2026-10-03,家具家居,La Belle 雙人 300織天絲棉素色 被套床包四件組拼接款 金,"$2,555","$3,199",$644,商品已折價$644 含運,有貨,https://www.costco.com.tw/Furniture-Kitchen/Bedding/Sheets-Pillowcases/La-Belle-Double-Size-300-Thread-65-Tencel-and-35-Cotton-Duvet-4-Piece-Set-Splicing-Golden/p/249703,https://www.costco.com.tw/medias/sys_master/images/hbd/h6b/364687154774046.jpg,https://www.costco.com.tw/c/hot-buys?q=:relevance
2026-10-03,家具家居,La Belle 雙人特大 300織天絲棉素色 被套床包四件組拼接款 粉,"$2,999","$3,799",$800,商品已折價$800 含運,有貨,https://www.costco.com.tw/Furniture-Kitchen/Bedding/Sheets-Pillowcases/La-Belle-King-Size-300-Thread-65-Tencel-and-35-Cotton-Duvet-4-Piece-Set-Splicing-Pink/p/151740,https://www.costco.com.tw/medias/sys_master/images/h76/h36/364686765555742.jpg,https://www.costco.com.tw/c/hot-buys?q=:relevance
2026-10-03,家具家居,La Belle 雙人特大 300織天絲棉素色 被套床包四件組拼接款 灰,"$2,999","$3,799",$800,商品已折價$800 含運,有貨,https://www.costco.com.tw/Furniture-Kitchen/Bedding/Sheets-Pillowcases/La-Belle-King-Size-300-Thread-65-Tencel-and-35-Cotton-Duvet-4-Piece-Set-Splicing-Gray/p/351740,https://www.costco.com.tw/medias/sys_master/images/h3e/h7f/364687218081822.jpg,https://www.costco.com.tw/c/hot-buys?q=:relevance
2026-10-03,其他,愛之味 純濃燕麥 340毫升 X 12入,$229,$289,$60,商品已折價$60 含運,有貨,https://www.costco.com.tw/c/AGV-100-Oatmeal-Drink-340-ml-X-12-Count/p/97313,https://www.costco.com.tw/medias/sys_master/images/h9f/hc7/223676730114078.jpg,https://www.costco.com.tw/c/hot-buys?q=:relevance
2026-10-03,食品飲料,克寧 紐西蘭全脂奶粉 2.5公斤,$575,$719,$144,商品已折價$144 含運,有貨,https://www.costco.com.tw/Food-Dining/Drinks/Powdered-Drink-Mix-Cereal-Oats/KLIM-New-Zealand-Full-Cream-Milk-Powder-25-kg/p/130352,https://www.costco.com.tw/medias/sys_master/images/h5a/hfa/99114369974302.jpg,https://www.costco.com.tw/c/hot-buys?q=:relevance
2026-10-03,日用品／母嬰／玩具,幫寶適 一級幫 散熱拉拉褲 XL號 116片,"$1,079","$1,349",$270,商品已折價$270 含運,有貨,https://www.costco.com.tw/Household-Baby-Toys/Baby/Baby-Diapers-Wipes/Pampers-Ichiban-Pants-Size-XL-116-Piece/p/246574,https://www.costco.com.tw/medias/sys_master/images/h0c/h4d/466199226875934.jpg,https://www.costco.com.tw/c/hot-buys?q=:relevance
2026-10-03,日用品／母嬰／玩具,幫寶適 一級幫 散熱拉拉褲 L號 144片,"$1,079","$1,349",$270,商品已折價$270 含運,有貨,https://www.costco.com.tw/Household-Baby-Toys/Baby/Baby-Diapers-Wipes/Pampers-Ichiban-Pants-Size-L-144-Piece/p/246573,https://www.costco.com.tw/medias/sys_master/images/h62/hd6/466199226613790.jpg,https://www.costco.com.tw/c/hot-buys?q=:relevance
2026-10-03,日用品／母嬰／玩具,幫寶適 一級幫 護臀紙尿褲(黏貼型) L號 156片,"$1,079","$1,349",$270,商品已折價$270 含運,有貨,https://www.costco.com.tw/Household-Baby-Toys/Baby/Baby-Diapers-Wipes/Pampers-Ichiban-Tape-Size-L-156-Piece/p/246571,https://www.costco.com.tw/medias/sys_master/images/hdd/hfc/466199226384414.jpg,https://www.costco.com.tw/c/hot-buys?q=:relevance
2026-10-03,日用品／母嬰／玩具,幫寶適 一級幫 散熱拉拉褲 XXL號 93片,"$1,079","$1,349",$270,商品已折價$270 含運,有貨,https://www.costco.com.tw/Household-Baby-Toys/Baby/Baby-Diapers-Wipes/Pampers-Ichiban-Pants-Size-XXL-93-Piece/p/246575,https://www.costco.com.tw/medias/sys_master/images/h9e/h9b/466199228219422.jpg,https://www.costco.com.tw/c/hot-buys?q=:relevance
2026-10-03,日用品／母嬰／玩具,舒潔 濕式衛生紙 46張 X 32入,"$1,143","$1,429",$286,商品已折價$286 含運,有貨,https://www.costco.com.tw/Household-Baby-Toys/Household-Essentials/Toilet-Paper-Paper-Towels/Kleenex-Flushable-Wipes-46-Sheet-X-32-Count/p/123333,https://www.costco.com.tw/medias/sys_master/images/h62/h92/312615946485790.jpg,https://www.costco.com.tw/c/hot-buys?q=:relevance
2026-10-03,日用品／母嬰／玩具,幫寶適 一級幫 護臀紙尿褲(黏貼型) XL號 124片,"$1,079","$1,349",$270,商品已折價$270 含運,有貨,https://www.costco.com.tw/Household-Baby-Toys/Baby/Baby-Diapers-Wipes/Pampers-Ichiban-Tape-Size-XL-124-Piece/p/246572,https://www.costco.com.tw/medias/sys_master/images/h07/h8a/466199226482718.jpg,https://www.costco.com.tw/c/hot-buys?q=:relevance
2026-10-03,食品飲料,宏裕行 冷凍花枝丸1公斤,$495,$615,$120,商品已折價$120 含運,有貨,https://www.costco.com.tw/Food-Dining/Frozen-Fresh-Food/Frozen-Meals/Hong-Yu-Frozen-Premium-Cuttlefish-Ball-1-kg/p/137594,https://www.costco.com.tw/medias/sys_master/images/h76/h47/119755039375390.jpg,https://www.costco.com.tw/c/hot-buys?q=:relevance
2026-10-03,日用品／母嬰／玩具,幫寶適 一級幫 護臀紙尿褲(黏貼型) M號 186片,"$1,079","$1,349",$270,商品已折價$270 含運,有貨,https://www.costco.com.tw/Household-Baby-Toys/Baby/Baby-Diapers-Wipes/Pampers-Ichiban-Tape-Size-M-186-Piece/p/246570,https://www.costco.com.tw/medias/sys_master/images/h13/hdf/466199225466910.jpg,https://www.costco.com.tw/c/hot-buys?q=:relevance
2026-10-03,日用品／母嬰／玩具,幫寶適 一級幫 散熱拉拉褲 XXXL號 93片,"$1,079","$1,349",$270,商品已折價$270 含運,有貨,https://www.costco.com.tw/Household-Baby-Toys/Baby/Baby-Diapers-Wipes/Pampers-Ichiban-Pants-Size-XXXL-93-Piece/p/246576,https://www.costco.com.tw/medias/sys_master/images/h42/h2f/466199227793438.jpg,https://www.costco.com.tw/c/hot-buys?q=:relevance
2026-10-03,食品飲料,三幸 雪宿米果 北海道濃厚牛奶卡士達風味 78公克 X 6包,$229,$329,$100,商品已折價$100 含運,有貨,https://www.costco.com.tw/Food-Dining/Snacks/Cookies-Chips/Sanko-Yuki-No-Yado-Rice-Cracker-Hokkaido-Milk-Custard-Flavored-78-g-X-6-Pack/p/453830,https://www.costco.com.tw/medias/sys_master/images/h57/hdd/454769551769630.jpg,https://www.costco.com.tw/c/hot-buys?q=:relevance
2026-10-03,保健美容,Body Goals 全素多效豌豆蛋白飲 31公克 X 30入 杜拜巧克力,$949,,,含運,有貨,https://www.costco.com.tw/Health-Beauty/Sports-Performance/Whey-Protein-Powder/Body-Goals-Vegan-Multi-effect-Pea-Protein-Drinks-31-g-X-30-Pack-Dubai-Chocolate/p/161403,https://www.costco.com.tw/medias/sys_master/images/h54/hde/505689332482078.jpg,https://www.costco.com.tw/c/hot-buys?q=:relevance
2026-10-03,食品飲料,盛香珍 蒜片青豆 760公克,$209,$259,$50,商品已折價$50 含運,有貨,https://www.costco.com.tw/Food-Dining/Snacks/Nuts-Jerky/SHJ-Green-Peas-With-Garlic-Slices-760-g/p/106657,https://www.costco.com.tw/medias/sys_master/images/h56/h9b/65765251383326.jpg,https://www.costco.com.tw/c/hot-buys?q=:relevance
2026-10-03,日用品／母嬰／玩具,風倍清 織物除菌消臭噴霧 高效除臭 370毫升 + 補充包 320毫升 X 4入,$525,,,含運,有貨,https://www.costco.com.tw/Household-Baby-Toys/Household-Essentials/Pest-Control-Air-Care/Febreze-Fabric-Refresher-Gold-370-ml-Refill-320-ml-X-4-Count/p/215928,https://www.costco.com.tw/medias/sys_master/images/h51/hbc/505969141383198.jpg,https://www.costco.com.tw/c/hot-buys?q=:relevance
2026-10-03,食品飲料,格力高 無糖杏仁果飲職人版 1000毫升 X 6入,$699,$859,$160,商品已折價$160 含運,有貨,https://www.costco.com.tw/Food-Dining/Drinks/Beverages-Juice/Glico-Barista-Chef-Almond-Beverage-1000-ml-X-6-Count/p/715631,https://www.costco.com.tw/medias/sys_master/images/h00/h42/173767481163806.jpg,https://www.costco.com.tw/c/hot-buys?q=:relevance
2026-10-03,食品飲料,桂格 蛋白可可燕麥脆穀 750克,$259,$319,$60,商品已折價$60 含運,有貨,https://www.costco.com.tw/Food-Dining/Drinks/Powdered-Drink-Mix-Cereal-Oats/Quaker-Protein-Cocoa-Oat-Granola-750-g/p/145177,https://www.costco.com.tw/medias/sys_master/images/h4f/he8/240433812996126.jpg,https://www.costco.com.tw/c/hot-buys?q=:relevance
2026-10-03,食品飲料,原萃 白毫烏龍茶 580毫升 X 24入,$409,$499,$90,商品已折價$90 含運,缺貨,https://www.costco.com.tw/Food-Dining/Drinks/Tea/Real-Leaf-White-Tipped-Oolong-Tea-580-ml-X-24-Count/p/200892,https://www.costco.com.tw/medias/sys_master/images/h40/h24/223927011311646.jpg,https://www.costco.com.tw/c/hot-buys?q=:relevance
2026-10-03,食品飲料,樂事 美國進口原味洋芋片 425.2公克,$163,$198,$35,商品已折價$35 含運,有貨,https://www.costco.com.tw/Food-Dining/Snacks/Cookies-Chips/Lays-Classic-Potato-Chips-4252-g/p/225718,https://www.costco.com.tw/medias/sys_master/images/h52/h3a/61645675429918.jpg,https://www.costco.com.tw/c/hot-buys?q=:relevance
2026-10-03,服飾配件,郡是 日本製快適工房男抗菌防臭背心,$279,$349,$70,商品已折價$70 含運,缺貨,https://www.costco.com.tw/Clothing-Accessories/Mens-Clothing/Mens-Socks-Underwear/Gunze-Mens-Antibacterial-Tank/p/133632,https://www.costco.com.tw/medias/sys_master/images/hcf/h4d/69873205837854.jpg,https://www.costco.com.tw/c/hot-buys?q=:relevance
2026-10-03,食品飲料,雀巢 金牌冰萃濾袋雙口味組 10公克 X 40入,$319,$449,$130,商品已折價$130 含運,有貨,https://www.costco.com.tw/Food-Dining/Drinks/Coffee/Nescafe-Gold-Cold-Brew-Mix-Pack-10-g-X-40-Pack/p/332545,https://www.costco.com.tw/medias/sys_master/images/h5a/h30/438876389703710.jpg,https://www.costco.com.tw/c/hot-buys?q=:relevance
2026-10-03,食品飲料,卡迪那 玉米糙米脆片原味 70公克 X 10包,$269,$339,$70,商品已折價$70 含運,有貨,https://www.costco.com.tw/Food-Dining/Snacks/Cookies-Chips/Cadina-Popped-Corn-Rice-Chips-Original-Flavor-70-g-X-10-Pack/p/886600,https://www.costco.com.tw/medias/sys_master/images/hf2/h52/295029065154590.jpg,https://www.costco.com.tw/c/hot-buys?q=:relevance
2026-10-03,服飾配件,Adidas Originals 男短袖上衣 2入組,$479,$599,$120,商品已折價$120 含運,缺貨,https://www.costco.com.tw/Clothing-Accessories/Mens-Clothing/Mens-Socks-Underwear/Adidas-Originals-Mens-Short-Sleeve-Tee-2-Pack-Set/p/159606,https://www.costco.com.tw/medias/sys_master/images/h8a/h03/504581528944670.jpg,https://www.costco.com.tw/c/hot-buys?q=:relevance
2026-10-03,服飾配件,Calvin Klein 男彈性內褲 3入組,$800,,,,狀態未知,https://www.costco.com.tw/Clothing-Accessories/Mens-Clothing/Mens-Socks-Underwear/Calvin-Klein-Mens-Max-Mesh-Boxer-Brief-3-Pack/p/1259326,https://www.costco.com.tw/medias/sys_master/images/h6a/h34/64684741656606.jpg,https://www.costco.com.tw/c/hot-buys?q=:relevance
2026-10-03,食品飲料,紅龍 冷凍純牛肉漢堡片 2.7公斤,$695,$849,$154,商品已折價 $154 含運,有貨,https://www.costco.com.tw/Food-Dining/Frozen-Fresh-Food/Frozen-Meals/Red-Dragon-Frozen-Beef-Patties-27-kg/p/48696,https://www.costco.com.tw/medias/sys_master/images/he7/h6c/98334948950046.jpg,https://www.costco.com.tw/c/hot-buys?q=:relevance
2026-10-03,食品飲料,農心 安城湯麵 125公克 X 12包入,$279,$349,$70,商品已折價$70 含運,有貨,https://www.costco.com.tw/Food-Dining/Groceries/Rice-Noodles/NONGSHIM-ANSUNG-NOODLE125X-12/p/144777,https://www.costco.com.tw/medias/sys_master/images/he3/hfa/115203688398878.jpg,https://www.costco.com.tw/c/hot-buys?q=:relevance
2026-10-03,日用品／母嬰／玩具,幫寶適 一級幫 護臀紙尿褲(黏貼型) S號 232片,"$1,079","$1,349",$270,商品已折價$270 含運,有貨,https://www.costco.com.tw/Household-Baby-Toys/Baby/Baby-Diapers-Wipes/Pampers-Ichiban-Tape-Size-S-232-Piece/p/246569,https://www.costco.com.tw/medias/sys_master/images/hfe/h43/466199221927966.jpg,https://www.costco.com.tw/c/hot-buys?q=:relevance
2026-10-03,食品飲料,Tree Top 樹頂 柳橙氣泡飲 320毫升 X 24入,$409,$499,$90,商品已折價$90 含運,有貨,https://www.costco.com.tw/Food-Dining/Drinks/Beverages-Juice/Tree-Top-Sparkling-Orange-320ml-X-24-Can/p/149152,https://www.costco.com.tw/medias/sys_master/images/hd9/h28/365472246136862.jpg,https://www.costco.com.tw/c/hot-buys?q=:relevance
2026-10-03,食品飲料,味滋康柑橘醋醬汁 1公升,$145,$185,,需一次購買活動組數才可享受此優惠 含運,有貨,https://www.costco.com.tw/Food-Dining/Groceries/Cooking-Oil-Sauces/Mizkan-Ajipon-Citrus-Seasoned-Soy-Sauce-1-L/p/126820,https://www.costco.com.tw/medias/sys_master/images/h2d/h99/67984461299742.jpg,https://www.costco.com.tw/c/hot-buys?q=:relevance
2026-10-03,食品飲料,士力架 迷你花生巧克力隨手包 9公克 X 126條,$449,$559,$110,商品已折價$110 含運,有貨,https://www.costco.com.tw/Food-Dining/Snacks/Candies-Chocolates/Snickers-Minis-Chocolate-9-g-X-126-Count/p/63005,https://www.costco.com.tw/medias/sys_master/images/hfb/h49/26606254719006.jpg,https://www.costco.com.tw/c/hot-buys?q=:relevance
2026-10-03,食品飲料,陳稼莊 果汁吸凍飲 百香果+芭樂 220公克 X 12入,$329,$399,$70,商品已折價$70 含運,有貨,https://www.costco.com.tw/Food-Dining/Drinks/Beverages-Juice/CJJ-Juice-Jelly-Drink-Passion-Fruit-and-Guava-220-g-X-12-Count/p/130245,https://www.costco.com.tw/medias/sys_master/images/h00/hb3/80074774478878.webp,https://www.costco.com.tw/c/hot-buys?q=:relevance
2026-10-03,服飾配件,郡是 日本製快適工房男抗菌防臭短袖上衣,$299,$379,$80,商品已折價$80 含運,缺貨,https://www.costco.com.tw/Clothing-Accessories/Mens-Clothing/Mens-Socks-Underwear/Gunze-Mens-Antibacterial-Short-Sleeve-Tee/p/133634,https://www.costco.com.tw/medias/sys_master/images/h0d/hd5/69873207541790.jpg,https://www.costco.com.tw/c/hot-buys?q=:relevance
2026-10-03,日用品／母嬰／玩具,Vitakraft 貓快餐肉條雙口味單條包裝 6公克 X 70入,$559,$699,$140,商品已折價$140 含運,有貨,https://www.costco.com.tw/Household-Baby-Toys/Pet-Supplies/Pet-Treats-Health/Vitakraft-Cat-Stick-Single-Pack-6-g-X-70-Count/p/231338,https://www.costco.com.tw/medias/sys_master/images/hed/he1/224741895471134.jpg,https://www.costco.com.tw/c/hot-buys?q=:relevance
2026-10-03,家具家居,USii優系 高效鎖鮮夾鏈袋組 57入,$299,$369,$70,商品已折價$70 含運,有貨,https://www.costco.com.tw/Furniture-Kitchen/Kitchen-Dining/Food-Preservation/Usii-Produce-Zipper-Bags-57-Count/p/122672,https://www.costco.com.tw/medias/sys_master/images/hc8/hb2/379897716867102.jpg,https://www.costco.com.tw/c/hot-buys?q=:relevance
2026-10-03,服飾配件,Puma 女性內褲五入組,$629,$789,$160,商品已折價$160 含運,缺貨,https://www.costco.com.tw/Clothing-Accessories/Womens-Clothing/Womens-Socks-Intimates/Puma-Ladies-Comfort-Hipster-5-Pack-Set/p/156903,https://www.costco.com.tw/medias/sys_master/images/hc7/h72/451293261430814.jpg,https://www.costco.com.tw/c/hot-buys?q=:relevance
2026-10-03,食品飲料,Natori 魚肉起司棒 957公克,$325,$399,$74,商品已折價$74 含運,有貨,https://www.costco.com.tw/Food-Dining/Snacks/Nuts-Jerky/Natori-Cheese-Fish-Cake-957-g/p/168850,https://www.costco.com.tw/medias/sys_master/images/h08/h60/400800633913374.jpg,https://www.costco.com.tw/c/hot-buys?q=:relevance
2026-10-03,食品飲料,盛香珍 拼圖小脆餅 韓式牛小排風味 1170公克,$269,$329,$60,商品已折價$60 含運,有貨,https://www.costco.com.tw/Food-Dining/Snacks/Cookies-Chips/Sheng-Xiang-Zhen-Puzzle-Cracker-Kalbi-Flavor-1170-g/p/161316,https://www.costco.com.tw/medias/sys_master/images/hff/h9d/466558817140766.jpg,https://www.costco.com.tw/c/hot-buys?q=:relevance
2026-10-03,日用品／母嬰／玩具,西莎 鮮肉主食碗 雞肉及蔬菜 85公克 X 10入,$449,$559,$110,商品已折價$110 含運,有貨,https://www.costco.com.tw/Household-Baby-Toys/Pet-Supplies/Pet-Dry-Wet-Food/Cesar-Wholesome-Bowl-Dog-Wet-Food-Chicken-with-Vegetables-85-g-X-10-Pack/p/147503,https://www.costco.com.tw/medias/sys_master/images/hf7/hf4/295028597784606.jpg,https://www.costco.com.tw/c/hot-buys?q=:relevance
2026-10-03,食品飲料,百奇 夏季雙享組 雙層抹茶+草莓粒粒 6盒入,$349,$429,$80,商品已折價$80 含運,有貨,https://www.costco.com.tw/Food-Dining/Snacks/Candies-Chocolates/Pocky-Seasonal-Limited-Edition-Matcha-Strawberry-6-Pack-Set/p/437561,https://www.costco.com.tw/medias/sys_master/images/he2/h43/472592005759006.jpg,https://www.costco.com.tw/c/hot-buys?q=:relevance
2026-10-03,食品飲料,桂格 蔬果纖穀粉(綜合堅果風味) 30公克 X 40包,$349,$429,$80,商品已折價$80 含運,有貨,https://www.costco.com.tw/Food-Dining/Drinks/Powdered-Drink-Mix-Cereal-Oats/Quaker-Veggie-Cereal-Shake-Mixed-Nuts-Flavor-30-g-X-40-Pack/p/160956,https://www.costco.com.tw/medias/sys_master/images/h73/h55/466199148658718.jpg,https://www.costco.com.tw/c/hot-buys?q=:relevance
2026-10-03,服飾配件,Adidas 男內褲三入組,$549,$689,$140,商品已折價$140 含運,缺貨,https://www.costco.com.tw/Clothing-Accessories/Mens-Clothing/Mens-Socks-Underwear/Adidas-Mens-Active-Boxer-3-Pack-Set/p/158877,https://www.costco.com.tw/medias/sys_master/images/hf5/h14/452308882849822.jpg,https://www.costco.com.tw/c/hot-buys?q=:relevance
2026-10-03,食品飲料,得意的一天 法式蕈菇起士濃湯 21公克 X 30入,$339,$419,$80,商品已折價$80 含運,有貨,https://www.costco.com.tw/Food-Dining/Groceries/Canned-Prepared-Food/Great-Day-Mushroom-Cheese-Cup-Soup-21-g-X-30-Count/p/306692,https://www.costco.com.tw/medias/sys_master/images/he1/hcc/279946308517918.jpg,https://www.costco.com.tw/c/hot-buys?q=:relevance
2026-10-03,保健美容,妮維雅 極效嫩白水感身體乳 550毫升 X 2入,$559,$699,$140,商品已折價$140 含運,有貨,https://www.costco.com.tw/Health-Beauty/Beauty-Skin-Care/Sun-Care/Nivea-Extra-Bright-Radiant-Smooth-Body-Lotion-550-ml-X-2-Pack/p/291447,https://www.costco.com.tw/medias/sys_master/images/h2b/h32/228120371920926.jpg,https://www.costco.com.tw/c/hot-buys?q=:relevance
2026-10-03,食品飲料,北田 海鮮捲蒜香蝦口味 120公克 X 6包,$289,$349,$60,商品已折價$60 含運,有貨,https://www.costco.com.tw/Food-Dining/Snacks/Cookies-Chips/Pei-Tien-Seafood-Roll-Garlic-Shrimp-Flavor-120-g-X-6-Pack/p/860659,https://www.costco.com.tw/medias/sys_master/images/hf5/haa/346356085948446.jpg,https://www.costco.com.tw/c/hot-buys?q=:relevance
2026-10-03,服飾配件,Columbia 男經典版型短袖上衣,$599,$749,$150,商品已折價$150 含運,缺貨,https://www.costco.com.tw/Clothing-Accessories/Mens-Clothing/Mens-Tops/Columbia-Mens-Short-Sleeve-Logo-Tee/p/154980,https://www.costco.com.tw/medias/sys_master/images/h02/h61/470130291572766.jpg,https://www.costco.com.tw/c/hot-buys?q=:relevance
2026-10-03,食品飲料,名廚美饌 柚香和風低卡蒟蒻雪麵 360公克 X 8入組,$349,$429,$80,商品已折價$80 含運,有貨,https://www.costco.com.tw/Food-Dining/Groceries/Canned-Prepared-Food/PGI-Japanese-Style-Pomelo-Low-calorie-Konjac-Noodles-360-g-X-8-Pack/p/146446,https://www.costco.com.tw/medias/sys_master/images/h31/h39/346620764618782.jpg,https://www.costco.com.tw/c/hot-buys?q=:relevance
2026-10-03,服飾配件,Banana Republic Luxe Touch 男短袖Polo衫,$800,,,,狀態未知,https://www.costco.com.tw/Clothing-Accessories/Mens-Clothing/Mens-Tops/Banana-Republic-Luxe-Touch-Mens-Short-Sleeve-Polo-Shirt/p/1588968,https://www.costco.com.tw/medias/sys_master/images/hff/h83/471216340926494.jpg,https://www.costco.com.tw/c/hot-buys?q=:relevance
2026-10-03,服飾配件,Tommy Hilfiger 男外套,$800,,,,狀態未知,https://www.costco.com.tw/Clothing-Accessories/Mens-Clothing/Mens-Coats-Jackets/Tommy-Hilfiger-Mens-Jacket/p/1763788,https://www.costco.com.tw/medias/sys_master/images/he2/hec/505969129586718.jpg,https://www.costco.com.tw/c/hot-buys?q=:relevance
2026-10-03,其他,Skechers 蜂巢涼感坐墊二入組,$629,$759,$130,商品已折價$130 含運,有貨,https://www.costco.com.tw/Sports-Lifestyle/Automotive/Automotive/Skechers-Hex-Gel-Seat-Cushion-2-Pack-Set/p/159910,https://www.costco.com.tw/medias/sys_master/images/h32/h11/468935615086622.jpg,https://www.costco.com.tw/c/hot-buys?q=:relevance
2026-10-03,服飾配件,Merrell Moab 3 男登山運動鞋,$800,,,,狀態未知,https://www.costco.com.tw/Clothing-Accessories/Shoes/Mens-Shoes/Merrell-Moab-3-Mens-Hiking-Shoe/p/1846575,https://www.costco.com.tw/medias/sys_master/images/h4d/h53/502266469285918.jpg,https://www.costco.com.tw/c/hot-buys?q=:relevance
2026-10-03,保健美容,天地合補漢方水 荷葉薏仁 450毫升 X 24入,$629,$789,$160,商品已折價$160 含運,有貨,https://www.costco.com.tw/Health-Beauty/Supplements/Supplements-Digestive-Support/Herbal-Water-Lotus-Leaf-Jobs-Tears-450-ml-X-24-Pack/p/159833,https://www.costco.com.tw/medias/sys_master/images/h4f/h30/470130406981662.jpg,https://www.costco.com.tw/c/hot-buys?q=:relevance
2026-10-03,食品飲料,Ssanggye 蘋果醋沖泡粉 5公克 X 40包,$319,$399,$80,商品已折價$80 含運,有貨,https://www.costco.com.tw/Food-Dining/Drinks/Powdered-Drink-Mix-Cereal-Oats/Ssanggye-Apple-Cider-Vinegar-Drink-Powder-5-g-X-40-Pack/p/159494,https://www.costco.com.tw/medias/sys_master/images/h95/h73/452308888846366.jpg,https://www.costco.com.tw/c/hot-buys?q=:relevance
2026-10-03,食品飲料,曾拌麵雙味冷麵 X 8包,$359,$449,$90,商品已折價$90 含運,有貨,https://www.costco.com.tw/Food-Dining/Groceries/Rice-Noodles/Tesng-Noodles-Yuze-and-Sesame-Flavors-X-8-Pack/p/132440,https://www.costco.com.tw/medias/sys_master/images/h1f/h83/348866681798686.jpg,https://www.costco.com.tw/c/hot-buys?q=:relevance
2026-10-03,食品飲料,太和殿 私房麻辣火鍋湯底 1200公克 X 2包,$269,$329,$60,商品已折價$60 含運,有貨,https://www.costco.com.tw/Food-Dining/Groceries/Canned-Prepared-Food/Taihodien-Restaurant-Spicy-Hotpot-Base-1200-g-X-2-Pack/p/142965,https://www.costco.com.tw/medias/sys_master/images/h58/hc4/277253522980894.jpg,https://www.costco.com.tw/c/hot-buys?q=:relevance
2026-10-03,食品飲料,明治 阿波羅草莓可可粒 21公克X24包,$299,$369,$70,商品已折價$70 含運,有貨,https://www.costco.com.tw/Food-Dining/Snacks/Candies-Chocolates/Meiji-Apollo-Strawberry-Chocolate-21GX24PKS/p/241684,https://www.costco.com.tw/medias/sys_master/images/h23/hd8/209600676069406.jpg,https://www.costco.com.tw/c/hot-buys?q=:relevance
2026-10-03,食品飲料,雀巢 西西里風檸檬咖啡 15公克 X 40入,$369,$469,$100,商品已折價$100 含運,有貨,https://www.costco.com.tw/Food-Dining/Drinks/Coffee/Nescafe-Sicily-Coffee-15-g-X-40-Pack/p/150636,https://www.costco.com.tw/medias/sys_master/images/hb6/he6/414650589544478.jpg,https://www.costco.com.tw/c/hot-buys?q=:relevance
2026-10-03,家具家居,幻知曲 人體工學乳膠枕 60公分 X 40公分 X 10公分 / 12公分,$899,"$1,139",$240,商品已折價$240 含運,有貨,https://www.costco.com.tw/Furniture-Kitchen/Bedding/Pillows-Comforters-Blankets/Reverie-Ergonomics-Latex-Pillow-60-cm-X-40-cm-X-10-cm-12-cm/p/107720,https://www.costco.com.tw/medias/sys_master/images/h39/h4a/11484394127390.jpg,https://www.costco.com.tw/c/hot-buys?q=:relevance
2026-10-03,服飾配件,Adidas Breaknet Sleek 女休閒鞋,$999,"$1,259",$260,商品已折價$260 含運,缺貨,https://www.costco.com.tw/Clothing-Accessories/Shoes/Womens-Shoes/Adidas-Breaknet-Sleek-Ladies-Casual-Shoe/p/1954886,https://www.costco.com.tw/medias/sys_master/images/h46/hbd/489268508131358.jpg,https://www.costco.com.tw/c/hot-buys?q=:relevance
2026-10-03,食品飲料,米森 亮妍草莓C 3.5公克 X 18包,$399,$499,$100,商品已折價$100 含運,有貨,https://www.costco.com.tw/Food-Dining/Drinks/Powdered-Drink-Mix-Cereal-Oats/Vilson-Strawberry-Vitamin-C-35-g-X-18-Pack/p/158981,https://www.costco.com.tw/medias/sys_master/images/h4f/h23/437687067705374.jpg,https://www.costco.com.tw/c/hot-buys?q=:relevance
2026-10-03,家電 3C,Vornado 渦流空氣循環扇 STRATA 8 OMNI-TW,"$1,969","$2,769",$800,商品已折價$800 含運,缺貨,https://www.costco.com.tw/Televisions-Appliances/Cooling-Heating-Air-Treatment/Heating-Cooling/Vornado-Compact-Tower-Fan-STRATA-8-OMNI-TW/p/157119,https://www.costco.com.tw/medias/sys_master/images/hcb/h73/466198953852958.jpg,https://www.costco.com.tw/c/hot-buys?q=:relevance
2026-10-03,家電 3C,Samsung 20公斤 直立式變頻洗衣機 WA20A8377GW/TW,"$16,499","$20,999","$4,500","商品已折價$4,500 含運",有貨,https://www.costco.com.tw/Televisions-Appliances/Large-Appliances/Washers-Dryers/Samsung-20-kg-Top-Load-Washer-WA20A8377GWTW/p/146557,https://www.costco.com.tw/medias/sys_master/images/h85/h86/259146767859742.jpg,https://www.costco.com.tw/c/hot-buys?q=:relevance
2026-10-03,服飾配件,郡是 純棉男童背心 2-Pack,$279,$349,$70,商品已折價$70 含運,缺貨,https://www.costco.com.tw/Clothing-Accessories/Kids-Clothing/Kids-Socks-Underwear/Gunze-100-Cotton-Boys-Tank-2-Pack/p/152422,https://www.costco.com.tw/medias/sys_master/images/h52/hbf/344480199901214.jpg,https://www.costco.com.tw/c/hot-buys?q=:relevance
2026-10-03,服飾配件,Merrell Moab 3 女登山運動鞋,$800,,,,狀態未知,https://www.costco.com.tw/Clothing-Accessories/Shoes/Womens-Shoes/Merrell-Moab-3-Ladies-Hiking-Shoe/p/1763686,https://www.costco.com.tw/medias/sys_master/images/hee/h40/502597111971870.jpg,https://www.costco.com.tw/c/hot-buys?q=:relevance
2026-10-03,服飾配件,Herschel 女刺繡短袖上衣,$359,$449,$90,商品已折價$90 含運,缺貨,https://www.costco.com.tw/Clothing-Accessories/Womens-Clothing/Womens-Tops/Herschel-Ladies-Embroidered-Short-Sleeve-T-Shirt/p/160516,https://www.costco.com.tw/medias/sys_master/images/h1e/hea/485751016194078.jpg,https://www.costco.com.tw/c/hot-buys?q=:relevance
2026-10-03,食品飲料,樂天 千層派濃厚巧克力風味 120.4公克 X 4入,$259,$319,$60,商品已折價$60 含運,有貨,https://www.costco.com.tw/Food-Dining/Snacks/Cookies-Chips/Lotte-Pie-No-Mi-Puff-Pastry-Rich-Chocolate-Flavor-1204-g-X-4-Pack/p/144897,https://www.costco.com.tw/medias/sys_master/images/hdf/hae/223926900686878.jpg,https://www.costco.com.tw/c/hot-buys?q=:relevance
2026-10-03,服飾配件,Calvin Klein 女運動內衣 2入組,$679,$849,$170,商品已折價$170 含運,缺貨,https://www.costco.com.tw/Clothing-Accessories/Womens-Clothing/Womens-Socks-Intimates/Calvin-Klein-Ladies-Sports-Bra-2-Pack-Set/p/1969790,https://www.costco.com.tw/medias/sys_master/images/hcd/h55/489268512391198.jpg,https://www.costco.com.tw/c/hot-buys?q=:relevance
2026-10-03,食品飲料,灣仔碼頭 冷凍鮮肉小籠湯包 2400公克,$878,"$1,099",$221,商品已折價$221 含運,有貨,https://www.costco.com.tw/Food-Dining/Frozen-Fresh-Food/Frozen-Meals/Wanchai-Ferry-Frozen-Steamed-Dumplings-with-Pork-Meat-2400-g/p/163774,https://www.costco.com.tw/medias/sys_master/images/h70/h80/502597106532382.jpg,https://www.costco.com.tw/c/hot-buys?q=:relevance
2026-10-03,家電 3C,SodaStream Terra 自動扣瓶氣泡水機,"$2,799","$3,499",$700,商品已折價$700 含運,缺貨,https://www.costco.com.tw/Televisions-Appliances/Kitchen-Appliances/Water-Dispensers-Water-Purification/SodaStream-Terra-Sparkling-Water-Maker/p/159693,https://www.costco.com.tw/medias/sys_master/images/h4e/h0d/437687257825310.jpg,https://www.costco.com.tw/c/hot-buys?q=:relevance
2026-10-03,服飾配件,郡是 純棉女童背心 2-Pack,$279,$349,$70,商品已折價$70 含運,缺貨,https://www.costco.com.tw/Clothing-Accessories/Kids-Clothing/Kids-Socks-Underwear/Gunze-100-Cotton-Girls-Tank-2-Pack/p/152419,https://www.costco.com.tw/medias/sys_master/images/hf6/h35/344480200097822.jpg,https://www.costco.com.tw/c/hot-buys?q=:relevance
2026-10-03,家具家居,幻知曲 天然乳膠舒眠枕 60公分 X 40公分 X 12公分,$799,$999,$200,商品已折價$200 含運,有貨,https://www.costco.com.tw/Furniture-Kitchen/Bedding/Pillows-Comforters-Blankets/Reverie-Natural-Latex-Pillow-60-cm-X-40-cm-X-12-cm/p/148600,https://www.costco.com.tw/medias/sys_master/images/hd2/h74/308063009112094.jpg,https://www.costco.com.tw/c/hot-buys?q=:relevance
2026-10-03,服飾配件,New Balance 500 男復古慢跑鞋 藍,"$1,259","$1,599",$340,商品已折價$340 含運,缺貨,https://www.costco.com.tw/Clothing-Accessories/Shoes/Mens-Shoes/New-Balance-500-Mens-Retro-Running-Shoe-Blue/p/160811,https://www.costco.com.tw/medias/sys_master/images/h67/h19/472952397529118.jpg,https://www.costco.com.tw/c/hot-buys?q=:relevance
2026-10-03,家電 3C,TCL 65吋 P6L 4K Google TV 智慧連網液晶顯示器 不含視訊盒 65P6L,"$15,199","$18,999","$3,800","商品已折價$3,800 含運",有貨,https://www.costco.com.tw/Televisions-Appliances/TV-Home-Entertainment/Televisions-TV-Accessories/60-69-TVs/TCL-65-inch-P6L-4K-Google-TV-Smart-Monitor-without-Tuner-Box-65P6L/p/161740,https://www.costco.com.tw/medias/sys_master/images/hb2/h9b/492247715905566.jpg,https://www.costco.com.tw/c/hot-buys?q=:relevance
2026-10-03,家具家居,INFINITY X1 500流明 充電式串燈 2入,$469,$769,$300,商品已折價$300 含運,有貨,https://www.costco.com.tw/Furniture-Kitchen/Hardware-DIY/Lighting-Light-Bulbs/INFINITY-X1-500-Lumens-String-Lights-2-Pack-Set/p/1872149,https://www.costco.com.tw/medias/sys_master/images/h72/h4a/454001916543006.jpg,https://www.costco.com.tw/c/hot-buys?q=:relevance
2026-10-03,家具家居,Bayside Furnishings 可升降吧檯椅,"$2,899","$3,699",$800,商品已折價$800 含運,有貨,https://www.costco.com.tw/Furniture-Kitchen/Furniture/Dining-Sets/Bayside-Furnishings-Gas-Lift-Barstool/p/1862009,https://www.costco.com.tw/medias/sys_master/images/h09/h73/401756136734750.jpg,https://www.costco.com.tw/c/hot-buys?q=:relevance
2026-10-03,家具家居,Riviera Home 純棉浴室地墊 2入組 40 X 60 公分,$399,$499,$100,商品已折價$100 含運,缺貨,https://www.costco.com.tw/Furniture-Kitchen/Bedding/Rugs-Mats/Riviera-Home-Bathmat-2-Piece-Set-40-cm-X-60-cm/p/1909228,https://www.costco.com.tw/medias/sys_master/images/h8d/h83/488918911320094.jpg,https://www.costco.com.tw/c/hot-buys?q=:relevance
2026-10-03,食品飲料,味好美 蒙特婁雞肉用調味料 620公克,$259,$319,$60,商品已折價$60 含運,有貨,https://www.costco.com.tw/Food-Dining/Groceries/Cooking-Oil-Sauces/McCormick-Montreal-Chicken-Seasoning-620-g/p/150606,https://www.costco.com.tw/medias/sys_master/images/ha1/h78/332442432602142.jpg,https://www.costco.com.tw/c/hot-buys?q=:relevance
2026-10-03,家電 3C,夏普 34公升微電腦觸控式變頻微波爐 R-TT34SS-S,"$4,299","$5,399","$1,100","商品已折價$1,100 含運",有貨,https://www.costco.com.tw/Televisions-Appliances/Kitchen-Appliances/Cookers-Oven-Microwaves-Food-Waste-Machine/SHARP-34-L-Microwave-R-TT34SS-S/p/157736,https://www.costco.com.tw/medias/sys_master/images/h7f/h79/436453387108382.jpg,https://www.costco.com.tw/c/hot-buys?q=:relevance
2026-10-03,服飾配件,New Balance DynaSoft Flash 女運動鞋,"$1,279","$1,599",$320,商品已折價$320 含運,缺貨,https://www.costco.com.tw/Clothing-Accessories/Shoes/Womens-Shoes/New-Balance-DynaSoft-Flash-Ladies-Running-Shoe/p/160817,https://www.costco.com.tw/medias/sys_master/images/h33/h1b/470130455019550.jpg,https://www.costco.com.tw/c/hot-buys?q=:relevance
2026-10-03,服飾配件,New Balance DynaSoft Flash 男復古慢跑鞋,"$1,299","$1,639",$340,商品已折價$340 含運,缺貨,https://www.costco.com.tw/Clothing-Accessories/Shoes/Mens-Shoes/New-Balance-DynaSoft-Flash-Mens-Retro-Running-Shoe/p/160813,https://www.costco.com.tw/medias/sys_master/images/h53/h1b/470130442305566.jpg,https://www.costco.com.tw/c/hot-buys?q=:relevance
2026-10-03,服飾配件,Nautica 女圓領短袖Logo上衣,$449,$579,$130,商品已折價$130 含運,缺貨,https://www.costco.com.tw/Clothing-Accessories/Womens-Clothing/Womens-Tops/Nautica-Ladies-Crew-Neck-Short-Sleeve-Logo-T-Shirt/p/155246,https://www.costco.com.tw/medias/sys_master/images/h80/hd3/485750824665118.jpg,https://www.costco.com.tw/c/hot-buys?q=:relevance
2026-10-03,服飾配件,Advent 女牛仔裙,$549,$699,$150,商品已折價$150 含運,缺貨,https://www.costco.com.tw/Clothing-Accessories/Womens-Clothing/Womens-Bottoms-Dresses/Advent-Ladies-Denim-Skirt/p/8518035,https://www.costco.com.tw/medias/sys_master/images/h4f/hd9/487711290982430.jpg,https://www.costco.com.tw/c/hot-buys?q=:relevance
2026-10-03,服飾配件,Tommy Hilfiger 女踝襪 5入組,$469,$589,$120,商品已折價$120 含運,缺貨,https://www.costco.com.tw/Clothing-Accessories/Womens-Clothing/Womens-Socks-Intimates/Tommy-Hilfiger-Ladies-Low-Cut-Socks-5-Pack/p/157487,https://www.costco.com.tw/medias/sys_master/images/h24/h90/454769474109470.jpg,https://www.costco.com.tw/c/hot-buys?q=:relevance
2026-10-03,服飾配件,Calvin Klein 男純棉平口褲3入組 S,$639,$799,$160,商品已折價$160 含運,缺貨,https://www.costco.com.tw/Clothing-Accessories/Mens-Clothing/Mens-Socks-Underwear/Calvin-Klein-Mens-Woven-Boxer-3-Pack-Set-S/p/502287,https://www.costco.com.tw/medias/sys_master/images/hfc/h56/383052833980446.jpg,https://www.costco.com.tw/c/hot-buys?q=:relevance
2026-10-03,服飾配件,Berkemann Adam 男穆勒涼鞋,$800,,,,狀態未知,https://www.costco.com.tw/Clothing-Accessories/Shoes/Mens-Shoes/Berkemann-Adam-Mens-Mules-Sandals/p/1846424,https://www.costco.com.tw/medias/sys_master/images/hfd/h22/487296843808798.jpg,https://www.costco.com.tw/c/hot-buys?q=:relevance
2026-10-03,服飾配件,Calvin Klein 女睡衣套組,$749,$949,$200,商品已折價$200 含運,缺貨,https://www.costco.com.tw/Clothing-Accessories/Womens-Clothing/Womens-Pajamas/Calvin-Klein-Ladies-Lounger-Set/p/156476,https://www.costco.com.tw/medias/sys_master/images/hf8/hce/502265309626398.jpg,https://www.costco.com.tw/c/hot-buys?q=:relevance
2026-10-03,服飾配件,Champion 男短袖上衣,$449,$569,$120,商品已折價$120 含運,缺貨,https://www.costco.com.tw/Clothing-Accessories/Mens-Clothing/Mens-Tops/Champion-Mens-Short-Sleeve-Tee/p/148105,https://www.costco.com.tw/medias/sys_master/images/he3/h15/362186405150750.jpg,https://www.costco.com.tw/c/hot-buys?q=:relevance
2026-10-03,服飾配件,Scotch & Soda 男刷毛長袖上衣,$485,$615,$130,商品已折價$130 含運,缺貨,https://www.costco.com.tw/Clothing-Accessories/Mens-Clothing/Mens-Tops/Scotch-Soda-Mens-Long-Sleeve-Fleece-Sweatshirt/p/1996450,https://www.costco.com.tw/medias/sys_master/images/hcc/h07/490098052333598.jpg,https://www.costco.com.tw/c/hot-buys?q=:relevance
2026-10-03,家具家居,歐司朗 LED 護眼檯燈,"$2,549","$3,199",$650,商品已折價$650 含運,有貨,https://www.costco.com.tw/Furniture-Kitchen/Hardware-DIY/Lighting-Light-Bulbs/OSRAM-DRESDEN-LED-Table-Lamp-Graphite-Black/p/152339,https://www.costco.com.tw/medias/sys_master/images/h85/h9f/401755727888414.jpg,https://www.costco.com.tw/c/hot-buys?q=:relevance
2026-10-03,服飾配件,Berkemann Allegro 男休閒鞋,$800,,,,狀態未知,https://www.costco.com.tw/Clothing-Accessories/Shoes/Mens-Shoes/Berkemann-Allegro-Mens-Casual-Shoe/p/1846423,https://www.costco.com.tw/medias/sys_master/images/h09/h71/487296843939870.jpg,https://www.costco.com.tw/c/hot-buys?q=:relevance
2026-10-03,服飾配件,Berkemann Allexis 女休閒運動鞋,"$3,759","$5,059","$1,300","商品已折價$1,300 含運",缺貨,https://www.costco.com.tw/Clothing-Accessories/Shoes/Womens-Shoes/Berkemann-Allexis-Ladies-Sneaker-White/p/1846415,https://www.costco.com.tw/medias/sys_master/images/h0a/h48/468935674658846.jpg,https://www.costco.com.tw/c/hot-buys?q=:relevance
2026-10-03,服飾配件,Adidas BARREDA 男休閒鞋,$999,"$1,259",$260,商品已折價$260 含運,缺貨,https://www.costco.com.tw/Clothing-Accessories/Shoes/Mens-Shoes/Adidas-BARREDA-Mens-Casual-Shoe/p/2974608,https://www.costco.com.tw/medias/sys_master/images/h67/hb3/488919032168478.jpg,https://www.costco.com.tw/c/hot-buys?q=:relevance
2026-10-03,服飾配件,SOUP 韓版女丹寧短褲,$519,$649,$130,商品已折價$130 含運,缺貨,https://www.costco.com.tw/Clothing-Accessories/Womens-Clothing/Womens-Bottoms-Dresses/SOUP-Ladies-Denim-Short/p/1956392,https://www.costco.com.tw/medias/sys_master/images/h36/hb6/454001923391518.jpg,https://www.costco.com.tw/c/hot-buys?q=:relevance
2026-10-03,食品飲料,卡廸那 95℃鮮脆芋頭條原味 40公克 X 10包,$325,$399,$74,商品已折價$74 含運,有貨,https://www.costco.com.tw/Food-Dining/Snacks/Cookies-Chips/Cadina-95-Taro-Fries-Original-Flavor-40-g-X-10-Pack/p/886601,https://www.costco.com.tw/medias/sys_master/images/ha6/h42/295029065875486.jpg,https://www.costco.com.tw/c/hot-buys?q=:relevance
2026-10-03,其他,POINTUCH 運動手套,$299,$389,$90,商品已折價$90 含運,缺貨,https://www.costco.com.tw/Sports-Lifestyle/Sports-Fitness/Fitness-Equipment-Accessories/POINTUCH-Running-Gloves/p/8526787,https://www.costco.com.tw/medias/sys_master/images/ha6/h5b/448868585144350.jpg,https://www.costco.com.tw/c/hot-buys?q=:relevance
2026-10-03,服飾配件,Berkemann Allegra 女休閒鞋,$800,,,,狀態未知,https://www.costco.com.tw/Clothing-Accessories/Shoes/Womens-Shoes/Berkemann-Allegra-Ladies-Casual-Shoe/p/1846422,https://www.costco.com.tw/medias/sys_master/images/h0c/hf6/488918753673246.jpg,https://www.costco.com.tw/c/hot-buys?q=:relevance
2026-10-03,服飾配件,Steve Madden 女針織拖鞋,$679,$859,$180,商品已折價$180 含運,缺貨,https://www.costco.com.tw/Clothing-Accessories/Shoes/Womens-Shoes/Steve-Madden-Ladies-Knit-Slide/p/1953732,https://www.costco.com.tw/medias/sys_master/images/h3f/h6f/488918996779038.jpg,https://www.costco.com.tw/c/hot-buys?q=:relevance
2026-10-03,保健美容,蓓蔓 寶可夢維他命護唇膏組 4.5公克 X 3入,$469,$769,$300,商品已折價$300 含運,有貨,https://www.costco.com.tw/Health-Beauty/Beauty-Skin-Care/Makeup-Beauty-Accessories/VEIMENT-Pokemon-Lip-Balm-Set-45-g-X-3-Pack/p/150377,https://www.costco.com.tw/medias/sys_master/images/hae/h70/416282089029662.jpg,https://www.costco.com.tw/c/hot-buys?q=:relevance
2026-10-03,服飾配件,Le Coq Sportif 男短袖Polo衫,$800,,,,狀態未知,https://www.costco.com.tw/Clothing-Accessories/Mens-Clothing/Mens-Tops/Le-Coq-Sportif-Mens-Short-Sleeve-Polo-Shirt/p/1846549,https://www.costco.com.tw/medias/sys_master/images/h02/h67/455934067474462.jpg,https://www.costco.com.tw/c/hot-buys?q=:relevance
2026-10-03,家具家居,Boutique Living 400織萊賽爾床包 6件組 雙人尺寸,"$1,759","$2,199",$440,商品已折價$440 含運,缺貨,https://www.costco.com.tw/Furniture-Kitchen/Bedding/Sheets-Pillowcases/Boutique-Living-400-Thread-Count-Tencel-Ice-Cooling-6-Piece-Duvet-Set-Queen/p/150460,https://www.costco.com.tw/medias/sys_master/images/hd0/h4d/471660175360030.jpg,https://www.costco.com.tw/c/hot-buys?q=:relevance
2026-10-03,服飾配件,GAP 男麻棉短袖襯衫,$800,,,,狀態未知,https://www.costco.com.tw/Clothing-Accessories/Mens-Clothing/Mens-Tops/GAP-Mens-Short-Sleeve-Linen-Cotton-Shirt/p/1977560,https://www.costco.com.tw/medias/sys_master/images/h96/ha2/471660432883742.jpg,https://www.costco.com.tw/c/hot-buys?q=:relevance
2026-10-03,服飾配件,Puma 男復古休閒鞋,"$1,149","$1,449",$300,商品已折價$300 含運,缺貨,https://www.costco.com.tw/Clothing-Accessories/Shoes/Mens-Shoes/Puma-Mens-Retro-Casual-Running-Shoe/p/156471,https://www.costco.com.tw/medias/sys_master/images/h8f/h41/487710999347230.jpg,https://www.costco.com.tw/c/hot-buys?q=:relevance
2026-10-03,家電 3C,BEAST MINI 調理機 #B65MR,"$2,149","$2,699",$550,商品已折價$550 含運,有貨,https://www.costco.com.tw/Televisions-Appliances/Kitchen-Appliances/Coffee-Machines-Blenders-Juicers/BEAST-PLUS-BLENDER-B65MR/p/158737,https://www.costco.com.tw/medias/sys_master/images/h52/h69/470130406522910.jpg,https://www.costco.com.tw/c/hot-buys?q=:relevance
2026-10-03,服飾配件,Brush Finch 男短袖Polo衫,$599,$749,$150,商品已折價$150 含運,缺貨,https://www.costco.com.tw/Clothing-Accessories/Mens-Clothing/Mens-Tops/Brush-Finch-Mens-Short-Sleeve-Polo-Shirt/p/8527544,https://www.costco.com.tw/medias/sys_master/images/hb6/h90/488919050027038.jpg,https://www.costco.com.tw/c/hot-buys?q=:relevance
2026-10-03,保健美容,慕之恬廊 高效全護防曬乳 100毫升 X 2入,$929,"$1,169",$240,商品已折價$240 含運,有貨,https://www.costco.com.tw/Health-Beauty/Beauty-Skin-Care/Sun-Care/Mustela-Very-High-Protection-Sun-Lotion-100-ml-X-2-Pack/p/243227,https://www.costco.com.tw/medias/sys_master/images/hf8/h61/434451594051614.jpg,https://www.costco.com.tw/c/hot-buys?q=:relevance
2026-10-03,服飾配件,Kate Spade 太陽眼鏡 VONNIE/F/S 807 黑色,"$1,599","$2,599","$1,000","商品已折價$1,000 含運",有貨,https://www.costco.com.tw/Clothing-Accessories/Sunglasses-Eyeglasses/Sunglasses/Kate-Spade-Sunglasses-VONNIEFS-807-Black/p/250014,https://www.costco.com.tw/medias/sys_master/images/h29/hce/433626117046302.jpg,https://www.costco.com.tw/c/hot-buys?q=:relevance
2026-10-03,其他,Speedo 女連身及膝泳裝,"$1,199","$1,499",$300,商品已折價$300 含運,缺貨,https://www.costco.com.tw/Sports-Lifestyle/Sports-Fitness/Water-Sports/Speedo-Ladies-Knee-Length-One-Piece-Swimsuit/p/160822,https://www.costco.com.tw/medias/sys_master/images/he4/h41/471660321243166.jpg,https://www.costco.com.tw/c/hot-buys?q=:relevance
2026-10-03,服飾配件,New Balance 515 男復古慢跑鞋,"$1,419","$1,779",$360,商品已折價$360 含運,缺貨,https://www.costco.com.tw/Clothing-Accessories/Shoes/Mens-Shoes/New-Balance-Mens-Running-Shoe/p/160814,https://www.costco.com.tw/medias/sys_master/images/h85/hc9/470130446172190.jpg,https://www.costco.com.tw/c/hot-buys?q=:relevance
2026-10-03,服飾配件,Kate Spade 太陽眼鏡 KS NAVY/G/S KTV9O 黑色,"$1,599","$2,599","$1,000","商品已折價$1,000 含運",有貨,https://www.costco.com.tw/Clothing-Accessories/Sunglasses-Eyeglasses/Sunglasses/Kate-Spade-Sunglasses-KS-NAVYGS-KTV9O-Black/p/251680,https://www.costco.com.tw/medias/sys_master/images/h75/hd4/433626137657374.jpg,https://www.costco.com.tw/c/hot-buys?q=:relevance
2026-10-03,食品飲料,雀巢 多趣酷思 夏季沁涼飲品組 蜜桃風味冰茶+特大杯冰美式 52顆,$859,"$1,059",$200,商品已折價$200 含運,有貨,https://www.costco.com.tw/Food-Dining/Drinks/Coffee/Nescafe-Dolce-Gusto-Nestea-Peach-Iced-Coffee-Roast-XL-52-Count/p/158444,https://www.costco.com.tw/medias/sys_master/images/hc6/h58/468568620793886.jpg,https://www.costco.com.tw/c/hot-buys?q=:relevance
2026-10-03,服飾配件,Brush Finch 女短袖毛衣,$679,$849,$170,商品已折價$170 含運,缺貨,https://www.costco.com.tw/Clothing-Accessories/Womens-Clothing/Womens-Tops/Brush-Finch-Ladies-Short-Sleeve-Sweater/p/2010488,https://www.costco.com.tw/medias/sys_master/images/he4/h72/483940833755166.jpg,https://www.costco.com.tw/c/hot-buys?q=:relevance
2026-10-03,家具家居,3M 新絲舒眠單人涼透被 150公分 X 180公分,"$1,999","$2,499",$500,商品已折價$500 含運,缺貨,https://www.costco.com.tw/Furniture-Kitchen/Bedding/Pillows-Comforters-Blankets/3M-Thinsulate-Comforter-150-cm-X-180-cm/p/111136,https://www.costco.com.tw/medias/sys_master/images/h68/h5c/115072906657822.jpg,https://www.costco.com.tw/c/hot-buys?q=:relevance
2026-10-03,服飾配件,Kate Spade 太陽眼鏡 CONSTANCE/G/S 8079O 黑色,"$1,599","$2,599","$1,000","商品已折價$1,000 含運",有貨,https://www.costco.com.tw/Clothing-Accessories/Sunglasses-Eyeglasses/Sunglasses/Kate-Spade-Sunglasses-CONSTANCEGS-8079O-Black/p/251673,https://www.costco.com.tw/medias/sys_master/images/he9/hc5/433626121273374.jpg,https://www.costco.com.tw/c/hot-buys?q=:relevance
2026-10-03,服飾配件,Lucky Brand 女睡衣 3件組,$629,$789,$160,商品已折價$160 含運,缺貨,https://www.costco.com.tw/Clothing-Accessories/Womens-Clothing/Womens-Pajamas/Lucky-Brand-Ladies-Sleepwear-3-Piece-Set/p/1961564,https://www.costco.com.tw/medias/sys_master/images/ha8/h77/487711209324574.jpg,https://www.costco.com.tw/c/hot-buys?q=:relevance
2026-10-03,其他,Sunvilla 戶外遮陽傘傘座,"$1,599","$1,999",$400,商品已折價$400 含運,有貨,https://www.costco.com.tw/Lawn-Garden/Patio-Furniture/Outdoor-Patio-Furniture/Sunvilla-Umbrella-Base-Pembrooke/p/1713402,https://www.costco.com.tw/medias/sys_master/images/h49/h7b/326879515246622.jpg,https://www.costco.com.tw/c/hot-buys?q=:relevance
2026-10-03,服飾配件,AS 日本製男士U領上衣,$519,$649,$130,商品已折價$130 含運,缺貨,https://www.costco.com.tw/Clothing-Accessories/Mens-Clothing/Mens-Tops/AS-Mens-U-Neck-Tee-Made-in-Japan/p/160715,https://www.costco.com.tw/medias/sys_master/images/hea/h36/473819899789342.jpg,https://www.costco.com.tw/c/hot-buys?q=:relevance
2026-10-03,服飾配件,Nautica 女休閒服兩件組,$679,$849,$170,商品已折價$170 含運,缺貨,https://www.costco.com.tw/Clothing-Accessories/Womens-Clothing/Womens-Pajamas/Nautica-Ladies-Short-Sleeve-Lounge-Set/p/8518084,https://www.costco.com.tw/medias/sys_master/images/heb/h7b/437687804952606.jpg,https://www.costco.com.tw/c/hot-buys?q=:relevance
2026-10-03,服飾配件,Berkemann Linus 男休閒鞋,$800,,,,狀態未知,https://www.costco.com.tw/Clothing-Accessories/Shoes/Mens-Shoes/Berkemann-Linus-Mens-Casual-Shoe/p/1846425,https://www.costco.com.tw/medias/sys_master/images/hdd/h0d/487296853147678.jpg,https://www.costco.com.tw/c/hot-buys?q=:relevance
2026-10-03,服飾配件,32 Degrees 兒童羽絨背心,$599,$749,$150,商品已折價$150 含運,缺貨,https://www.costco.com.tw/Clothing-Accessories/Kids-Clothing/Kids-Coats-Jackets/32-Degrees-Kids-Down-Vest/p/159699,https://www.costco.com.tw/medias/sys_master/images/hb5/hc2/503356388278302.jpg,https://www.costco.com.tw/c/hot-buys?q=:relevance
2026-10-03,家電 3C,Ninja Detect 多功能調理機 TB401TW,"$7,999","$9,999","$2,000","商品已折價$2,000 含運",有貨,https://www.costco.com.tw/Televisions-Appliances/Kitchen-Appliances/Coffee-Machines-Blenders-Juicers/Ninja-Detect-Food-Processor-TB401TW/p/156889,https://www.costco.com.tw/medias/sys_master/images/h01/hf5/400499548520478.jpg,https://www.costco.com.tw/c/hot-buys?q=:relevance
2026-10-03,家具家居,La Belle 雙人300織長絨棉刺繡被套床包4件組 方圓舒曲,"$2,299","$2,889",$590,商品已折價$590 含運,缺貨,https://www.costco.com.tw/Furniture-Kitchen/Bedding/Sheets-Pillowcases/La-Belle-300-Thread-Count-100-Cotton-Embroidered-4-Piece-Set-150-cm-X-186-cm-Coins/p/145233,https://www.costco.com.tw/medias/sys_master/images/h4c/h36/243588348870686.jpg,https://www.costco.com.tw/c/hot-buys?q=:relevance
2026-10-03,家具家居,La Belle 雙人300織長絨棉刺繡被套床包4件組 閃耀稜光,"$2,299","$2,889",$590,商品已折價$590 含運,缺貨,https://www.costco.com.tw/Furniture-Kitchen/Bedding/Sheets-Pillowcases/La-Belle-300-Thread-Count-100-Cotton-Embroidered-4-Piece-Set-150-cm-X-186-cm-Rhombus/p/145229,https://www.costco.com.tw/medias/sys_master/images/hef/h10/243588325539870.jpg,https://www.costco.com.tw/c/hot-buys?q=:relevance
2026-10-03,其他,Speedo 女短袖連身泳裝,"$1,279","$1,599",$320,商品已折價$320 含運,缺貨,https://www.costco.com.tw/Sports-Lifestyle/Sports-Fitness/Water-Sports/Speedo-Ladies-Short-Sleeve-One-Piece-Swimsuit/p/160821,https://www.costco.com.tw/medias/sys_master/images/h8e/h35/471660314296350.jpg,https://www.costco.com.tw/c/hot-buys?q=:relevance
2026-10-03,家具家居,Corkcicle 不鏽鋼保冷保溫隨行杯 651毫升 + 887毫升,$845,"$1,059",$214,商品已折價$214 含運,缺貨,https://www.costco.com.tw/Furniture-Kitchen/Kitchen-Dining/Water-Bottles/Corkcicle-Insulated-Stainless-Steel-Tumbler-651-ml-887-ml/p/1901800,https://www.costco.com.tw/medias/sys_master/images/ha6/h58/452308904869918.jpg,https://www.costco.com.tw/c/hot-buys?q=:relevance
2026-10-03,服飾配件,Kate Spade 太陽眼鏡 KS KIYA 2/G/S 086HA 玳瑁色,"$1,599","$2,599","$1,000","商品已折價$1,000 含運",有貨,https://www.costco.com.tw/Clothing-Accessories/Sunglasses-Eyeglasses/Sunglasses/Kate-Spade-Sunglasses-KS-KIYA-2GS-Havana/p/251679,https://www.costco.com.tw/medias/sys_master/images/hf3/h33/433626134872094.jpg,https://www.costco.com.tw/c/hot-buys?q=:relevance
2026-10-03,服飾配件,Oh!Sunny 兒童防曬外套,$549,$839,$290,商品已折價$290 含運,缺貨,https://www.costco.com.tw/Clothing-Accessories/Kids-Clothing/Kids-Coats-Jackets/OhSunny-Kids-Sun-Protection-Jacket/p/160709,https://www.costco.com.tw/medias/sys_master/images/hf4/hcf/471216400007198.jpg,https://www.costco.com.tw/c/hot-buys?q=:relevance
2026-10-03,家具家居,La Belle 雙人加大300織長絨棉刺繡被套床包4件組 閃耀稜光,"$2,395","$2,999",$604,商品已折價$604 含運,缺貨,https://www.costco.com.tw/Furniture-Kitchen/Bedding/Sheets-Pillowcases/La-Belle-300-Thread-Count-100-Cotton-Embroidered-4-Piece-Set-180-cm-X-186-cm-Rhombus/p/145237,https://www.costco.com.tw/medias/sys_master/images/h71/ha4/243588363354142.jpg,https://www.costco.com.tw/c/hot-buys?q=:relevance
2026-10-03,服飾配件,Kate Spade 太陽眼鏡 KS KALIE 2/G/S 8079O 黑色,"$1,599","$2,599","$1,000","商品已折價$1,000 含運",有貨,https://www.costco.com.tw/Clothing-Accessories/Sunglasses-Eyeglasses/Sunglasses/Kate-Spade-Sunglasses-KS-KALIE-2GS-8079O-Black/p/251678,https://www.costco.com.tw/medias/sys_master/images/hb6/h00/433626134773790.jpg,https://www.costco.com.tw/c/hot-buys?q=:relevance
2026-10-03,服飾配件,Kate Spade 太陽眼鏡 MARLOWE/G/S 3H2 粉紅色,"$1,599","$2,599","$1,000","商品已折價$1,000 含運",有貨,https://www.costco.com.tw/Clothing-Accessories/Sunglasses-Eyeglasses/Sunglasses/Kate-Spade-Sunglasses-MARLOWEGS-3H2-Pink/p/250022,https://www.costco.com.tw/medias/sys_master/images/h82/h71/433626117898270.jpg,https://www.costco.com.tw/c/hot-buys?q=:relevance
2026-10-03,其他,Speedo 女運動連身泳裝 Medalist,"$1,199","$1,499",$300,商品已折價$300 含運,缺貨,https://www.costco.com.tw/Sports-Lifestyle/Sports-Fitness/Water-Sports/Speedo-Ladies-Athletic-One-Piece-Swimsuit-Medalist/p/160823,https://www.costco.com.tw/medias/sys_master/images/ha0/h64/471660329631774.jpg,https://www.costco.com.tw/c/hot-buys?q=:relevance
2026-10-03,家具家居,La Belle 雙人加大300織長絨棉刺繡被套床包4件組 方圓舒曲,"$2,395","$2,999",$604,商品已折價$604 含運,缺貨,https://www.costco.com.tw/Furniture-Kitchen/Bedding/Sheets-Pillowcases/La-Belle-300-Thread-Count-100-Cotton-Embroidered-4-Piece-Set-180-cm-X-186-cm-Coins/p/145239,https://www.costco.com.tw/medias/sys_master/images/h68/hb5/243588376920094.jpg,https://www.costco.com.tw/c/hot-buys?q=:relevance
2026-10-03,家具家居,La Belle 雙人加大300織長絨棉刺繡被套床包4件組 菤菤蔓草,"$2,395","$2,999",$604,商品已折價$604 含運,缺貨,https://www.costco.com.tw/Furniture-Kitchen/Bedding/Sheets-Pillowcases/La-Belle-300-Thread-Count-100-Cotton-Embroidered-4-Piece-Set-180-cm-X-186-cm-Vines/p/145238,https://www.costco.com.tw/medias/sys_master/images/hb4/hba/241738873438238.jpg,https://www.costco.com.tw/c/hot-buys?q=:relevance
2026-10-03,服飾配件,Kate Spade 太陽眼鏡 JEZEBEL/G/S 086HA 玳瑁色,"$1,599","$2,599","$1,000","商品已折價$1,000 含運",有貨,https://www.costco.com.tw/Clothing-Accessories/Sunglasses-Eyeglasses/Sunglasses/Kate-Spade-Sunglasses-JEZEBELGS-086HA-Havana/p/251675,https://www.costco.com.tw/medias/sys_master/images/h55/h59/433626126942238.jpg,https://www.costco.com.tw/c/hot-buys?q=:relevance
2026-10-03,服飾配件,Kate Spade 太陽眼鏡 BREA/F/S 35JHA 粉紅色,"$1,599","$2,599","$1,000","商品已折價$1,000 含運",有貨,https://www.costco.com.tw/Clothing-Accessories/Sunglasses-Eyeglasses/Sunglasses/Kate-Spade-Sunglasses-BREAFS-35JHA-Pink/p/251672,https://www.costco.com.tw/medias/sys_master/images/h32/hf5/433626121338910.jpg,https://www.costco.com.tw/c/hot-buys?q=:relevance
2026-10-03,其他,Sunvilla 10呎 戶外遮陽傘 米色條紋,"$3,999","$4,999","$1,000","商品已折價$1,000 含運",有貨,https://www.costco.com.tw/Lawn-Garden/Patio-Furniture/Outdoor-Patio-Furniture/Sunvilla-10-ft-Market-Umbrella-Tan-Stripe/p/1807317,https://www.costco.com.tw/medias/sys_master/images/h45/h69/436453705547806.jpg,https://www.costco.com.tw/c/hot-buys?q=:relevance
2026-10-03,其他,ATLeisure 10 呎戶外方形遮陽傘 附傘座 米色,"$19,199","$23,999","$4,800","商品已折價$4,800 含運",有貨,https://www.costco.com.tw/Lawn-Garden/Patio-Furniture/Outdoor-Patio-Furniture/ATLeisure-10-ft-Square-Umbrella-with-Roller-Base-Beige/p/1807288,https://www.costco.com.tw/medias/sys_master/images/h95/h83/436453663211550.jpg,https://www.costco.com.tw/c/hot-buys?q=:relevance
2026-10-03,家具家居,La Belle 雙人300織長絨棉刺繡被套床包4件組 菤菤蔓草,"$2,299","$2,889",$590,商品已折價$590 含運,缺貨,https://www.costco.com.tw/Furniture-Kitchen/Bedding/Sheets-Pillowcases/La-Belle-300-Thread-Count-100-Cotton-Embroidered-4-Piece-Set-150-cm-X-186-cm-Vines/p/145232,https://www.costco.com.tw/medias/sys_master/images/h6a/hea/243588339367966.jpg,https://www.costco.com.tw/c/hot-buys?q=:relevance
2026-10-03,其他,Sunvilla 鞦韆椅,"$15,119","$18,899","$3,780","商品已折價$3,780 含運",有貨,https://www.costco.com.tw/Lawn-Garden/Patio-Furniture/Outdoor-Patio-Furniture/Sunvilla-Pine-Knoll-Swing/p/1807161,https://www.costco.com.tw/medias/sys_master/images/h9b/h53/436453551013918.jpg,https://www.costco.com.tw/c/hot-buys?q=:relevance
2026-10-03,家具家居,La Belle 雙人特大300織長絨棉刺繡被套床包4件組 方圓舒曲,"$2,765","$3,469",$704,商品已折價$704 含運,缺貨,https://www.costco.com.tw/Furniture-Kitchen/Bedding/Sheets-Pillowcases/La-Belle-300-Thread-Count-100-Cotton-Embroidered-4-Piece-Set-180-cm-X-210-cm-Coins/p/145218,https://www.costco.com.tw/medias/sys_master/images/h2b/hf7/262758094438430.jpg,https://www.costco.com.tw/c/hot-buys?q=:relevance
2026-10-03,其他,Ferrone 戶外鋁製休閒桌椅七件組,"$25,399","$31,799","$6,400","商品已折價$6,400 含運",有貨,https://www.costco.com.tw/Lawn-Garden/Patio-Furniture/Outdoor-Patio-Furniture/Ferrone-Dining-7-Piece-Set/p/1807357,https://www.costco.com.tw/medias/sys_master/images/hbb/hc8/346355970867230.jpg,https://www.costco.com.tw/c/hot-buys?q=:relevance
2026-10-03,其他,ATLeisure 10 呎戶外方形遮陽傘 附傘座 棕色,"$18,399","$22,999","$4,600","商品已折價$4,600 含運",有貨,https://www.costco.com.tw/Lawn-Garden/Patio-Furniture/Outdoor-Patio-Furniture/ATLeisure-10-ft-Square-Umbrella-with-Roller-Base-Mushroom/p/1807306,https://www.costco.com.tw/medias/sys_master/images/hc8/hdc/436453667340318.jpg,https://www.costco.com.tw/c/hot-buys?q=:relevance
2026-10-03,其他,Sunvilla 10呎 戶外遮陽傘 紅色,"$3,999","$4,999","$1,000","商品已折價$1,000 含運",有貨,https://www.costco.com.tw/Lawn-Garden/Patio-Furniture/Outdoor-Patio-Furniture/Sunvilla-10-ft-Market-Umbrella-Red/p/1807256,https://www.costco.com.tw/medias/sys_master/images/h90/h75/436453656395806.jpg,https://www.costco.com.tw/c/hot-buys?q=:relevance
2026-10-03,其他,ATLeisure 10 呎戶外方形遮陽傘 附傘座 藍色,"$18,399","$22,999","$4,600","商品已折價$4,600 含運",有貨,https://www.costco.com.tw/Lawn-Garden/Patio-Furniture/Outdoor-Patio-Furniture/ATLeisure-10-ft-Square-Umbrella-with-Roller-Base-Indigo/p/1807248,https://www.costco.com.tw/medias/sys_master/images/h4f/h00/436453653643294.jpg,https://www.costco.com.tw/c/hot-buys?q=:relevance
2026-10-03,其他,Sunvilla 10呎 LED 戶外遮陽傘 灰色,"$4,799","$5,999","$1,200","商品已折價$1,200 含運",有貨,https://www.costco.com.tw/Lawn-Garden/Patio-Furniture/Outdoor-Patio-Furniture/Sunvilla-10-ft-LED-Market-Umbrella-Myra-Graphite/p/1768222,https://www.costco.com.tw/medias/sys_master/images/h3f/h9f/436453464244254.jpg,https://www.costco.com.tw/c/hot-buys?q=:relevance
2026-10-03,家具家居,La Belle 雙人特大300織長絨棉刺繡被套床包4件組 180公分 X 210公分 閃耀稜光,"$2,765","$3,469",$704,商品已折價$704 含運,缺貨,https://www.costco.com.tw/Furniture-Kitchen/Bedding/Sheets-Pillowcases/La-Belle-300-Thread-Count-100-Cotton-Embroidered-4-Piece-Set-180-cm-X-210-cm-Rhombus/p/145216,https://www.costco.com.tw/medias/sys_master/images/h0c/hdc/243588313841694.jpg,https://www.costco.com.tw/c/hot-buys?q=:relevance
2026-10-03,其他,KidKraft Sunny Bluff 遊戲屋,"$10,899","$14,999","$4,100","商品已折價$4,100 含運",有貨,https://www.costco.com.tw/Lawn-Garden/Patio-Furniture/Outdoor-Patio-Furniture/KidKraft-Sunny-Bluff-Playhouse/p/1872206,https://www.costco.com.tw/medias/sys_master/images/hf7/h1f/471660421840926.jpg,https://www.costco.com.tw/c/hot-buys?q=:relevance
2026-10-03,家具家居,La Belle 雙人特大300織長絨棉刺繡被套床包4件組 菤菤蔓草,"$2,765","$3,469",$704,商品已折價$704 含運,缺貨,https://www.costco.com.tw/Furniture-Kitchen/Bedding/Sheets-Pillowcases/La-Belle-300-Thread-Count-100-Cotton-Embroidered-4-Piece-Set-180-cm-X-210-cm-Vines/p/145217,https://www.costco.com.tw/medias/sys_master/images/h75/hfa/241738479468574.jpg,https://www.costco.com.tw/c/hot-buys?q=:relevance
2026-10-03,其他,科克蘭 冷藏無鹽奶油 1.81公斤 X 6入 X 14箱,"$31,499","$31,839",$340,含運,有貨,https://www.costco.com.tw/Business-Delivery/Food-Beverages-Pet-Supplies/Chilled-Food/Kirkland-Signature-Chilled-Unsalted-Butter-181-kg-X-6-Pack-X-14-Case/p/1744110,https://www.costco.com.tw/medias/sys_master/images/hbb/h13/87031506698270.jpg,https://www.costco.com.tw/c/hot-buys?q=:relevance
2026-10-03,保健美容,亞培安素 均衡營養 HMB 配方 原味 237毫升 X 32罐,"$2,079","$2,159",$80,含運,有貨,https://www.costco.com.tw/Health-Beauty/Elderly-Care/Nutritional-Drinks/Abbott-Ensure-HMB-Original-237-ml-X-32-Pack/p/145690,https://www.costco.com.tw/medias/sys_master/images/h9f/h61/450418065080350.jpg,https://www.costco.com.tw/c/hot-buys?q=:relevance
2026-10-03,保健美容,Tryall 分離大豆植物蛋白 2.5公斤,"$1,199","$1,279",$80,含運,有貨,https://www.costco.com.tw/Health-Beauty/Sports-Performance/Plant-Based-Protein/Tryall-Soy-Protein-Isolate-25-kg/p/151752,https://www.costco.com.tw/medias/sys_master/images/h25/hf7/351315910426654.jpg,https://www.costco.com.tw/c/hot-buys?q=:relevance
2026-10-03,保健美容,亞培安素 均衡營養 HMB 配方 香草減甜 237毫升 X 32罐,"$2,079","$2,159",$80,含運,有貨,https://www.costco.com.tw/Health-Beauty/Elderly-Care/Nutritional-Drinks/Abbott-Ensure-HMB-Vanilla-237-ml-X-32-Pack/p/145691,https://www.costco.com.tw/medias/sys_master/images/h89/h33/450418064883742.jpg,https://www.costco.com.tw/c/hot-buys?q=:relevance
2026-10-03,食品飲料,日清 拉王豚骨味非油炸速食麵 89公克 X 15包,$297,,,含運,有貨,https://www.costco.com.tw/Food-Dining/Groceries/Rice-Noodles/Nissin-Raoh-Tonkotsu-Flavour-Non-Fried-Instant-Noodle-89-g-X-15-Pack/p/149884,https://www.costco.com.tw/medias/sys_master/images/h09/h3a/312616142995486.jpg,https://www.costco.com.tw/c/hot-buys?q=:relevance
2026-10-03,食品飲料,Angie's 鹹甜爆米花 652公克,$289,$319,$30,含運,有貨,https://www.costco.com.tw/Food-Dining/Snacks/Cookies-Chips/Angies-BoomChickaPop-Sweet-and-Salty-Kettle-Popcorn-652-g/p/979885,https://www.costco.com.tw/medias/sys_master/images/ha8/hb9/11953683595294.jpg,https://www.costco.com.tw/c/hot-buys?q=:relevance
2026-10-03,服飾配件,Jezebel 女無袖連身洋裝,$297,,,含運,缺貨,https://www.costco.com.tw/Clothing-Accessories/Womens-Clothing/Womens-Bottoms-Dresses/Jezebel-Ladies-Tiered-Dress/p/1982075,https://www.costco.com.tw/medias/sys_master/images/h5e/hbf/422091092099102.jpg,https://www.costco.com.tw/c/hot-buys?q=:relevance
2026-10-03,服飾配件,Tommy Hilfiger 女刺繡Logo短袖上衣,$447,,,含運,缺貨,https://www.costco.com.tw/Clothing-Accessories/Womens-Clothing/Womens-Tops/Tommy-Hilfiger-Ladies-Embroidered-Logo-Short-Sleeve-Tee/p/156540,https://www.costco.com.tw/medias/sys_master/images/hd8/h7b/485340617408542.jpg,https://www.costco.com.tw/c/hot-buys?q=:relevance
2026-10-03,其他,Lifetime 6呎折疊桌 2入,"$3,399","$3,499",$100,含運,有貨,https://www.costco.com.tw/Lawn-Garden/Patio-Furniture/Outdoor-Patio-Furniture/Lifetime-6-ft-Fold-in-Half-Table-2-Pack/p/1653325,https://www.costco.com.tw/medias/sys_master/images/h6b/h27/386411491917854.jpg,https://www.costco.com.tw/c/hot-buys?q=:relevance
2026-10-03,家電 3C,飛利浦 50吋 4K QLED Google TV 顯示器 50PQT8530/96,"$11,999","$13,699","$1,700",含運,有貨,https://www.costco.com.tw/Televisions-Appliances/TV-Home-Entertainment/Televisions-TV-Accessories/50-59-TVs/Philips-50-inch-4K-QLED-Google-TV-Monitor-50PQT853096/p/153544,https://www.costco.com.tw/medias/sys_master/images/h77/hcd/438072214323230.jpg,https://www.costco.com.tw/c/hot-buys?q=:relevance
2026-10-03,服飾配件,Smiley World 兒童上衣兩件組,$247,,,含運,缺貨,https://www.costco.com.tw/Clothing-Accessories/Kids-Clothing/Kids-Clothing-Sets-Accessories/Smiley-World-Kids-Top-2-Pack-Set/p/1977016,https://www.costco.com.tw/medias/sys_master/images/h4d/h18/450045519560734.jpg,https://www.costco.com.tw/c/hot-buys?q=:relevance
2026-10-03,家具家居,三麗鷗 兒童不鏽鋼保冷保溫瓶 700毫升,$297,,,含運,缺貨,https://www.costco.com.tw/Furniture-Kitchen/Kitchen-Dining/Water-Bottles/Sanrio-Kids-Stainless-Steel-Water-Bottle-700-ml/p/8524812,https://www.costco.com.tw/medias/sys_master/images/h86/h63/382254260322334.jpg,https://www.costco.com.tw/c/hot-buys?q=:relevance
2026-10-03,服飾配件,KANGOL 印花女短袖Logo上衣,$347,,,含運,缺貨,https://www.costco.com.tw/Clothing-Accessories/Womens-Clothing/Womens-Tops/KANGOL-Ladies-Print-Logo-Short-Sleeve-Tee/p/160488,https://www.costco.com.tw/medias/sys_master/images/hc8/h3f/473819884945438.jpg,https://www.costco.com.tw/c/hot-buys?q=:relevance
2026-10-03,其他,Intex 單人充氣沙發,$447,,,含運,缺貨,https://www.costco.com.tw/Sports-Lifestyle/Camping-Outdoors/Tents-Camping-Gear/Intex-Inflatable-Empire-Chair/p/142531,https://www.costco.com.tw/medias/sys_master/images/hd0/hac/209599768559646.jpg,https://www.costco.com.tw/c/hot-buys?q=:relevance
2026-10-03,家具家居,Korhani Studio 條紋地墊 60公分 X 90公分 X 0.7公分,$357,,,含運,缺貨,https://www.costco.com.tw/Furniture-Kitchen/Bedding/Rugs-Mats/Korhani-Studio-Scraper-Loop-Mat-60-cm-X-90-cm-X-07-cm/p/1997002,https://www.costco.com.tw/medias/sys_master/images/hcb/hd8/436453805293598.jpg,https://www.costco.com.tw/c/hot-buys?q=:relevance
2026-10-03,服飾配件,The North Face Antora 男防風外套,$800,"$3,699","$2,899",Costco 公布的目前優惠售價,狀態未知,https://www.costco.com.tw/Clothing-Accessories/Mens-Clothing/Mens-Coats-Jackets/The-North-Face-Mens-Antora-Jacket/p/1846566,https://www.costco.com.tw/medias/sys_master/images/hf3/h20/506938135478302.jpg,https://www.costco.com.tw/c/hot-buys?q=:relevance
2026-10-03,家電 3C,TCL 333公升 變頻雙門冰箱 P333TM,"$13,999","$17,699","$3,700",含運,有貨,https://www.costco.com.tw/Televisions-Appliances/Large-Appliances/Fridges-Freezers/Overall-Capacity-200-350-L/TCL-333-L-Double-Door-Inverter-Fridge-P333TM/p/149470,https://www.costco.com.tw/medias/sys_master/images/h39/hb6/308063100174366.jpg,https://www.costco.com.tw/c/hot-buys?q=:relevance
2026-10-03,服飾配件,Aeropostale 男短袖上衣,$247,,,含運,缺貨,https://www.costco.com.tw/Clothing-Accessories/Mens-Clothing/Mens-Tops/Aeropostale-Mens-Short-Sleeve-Tee/p/593476,https://www.costco.com.tw/medias/sys_master/images/h4c/h8d/487711278202910.jpg,https://www.costco.com.tw/c/hot-buys?q=:relevance
2026-10-03,服飾配件,Glacier 男短袖運動上衣,$347,,,含運,缺貨,https://www.costco.com.tw/Clothing-Accessories/Mens-Clothing/Mens-Tops/Glacier-Mens-Short-Sleeve-Active-Tee/p/156166,https://www.costco.com.tw/medias/sys_master/images/h22/h7a/472952371642398.jpg,https://www.costco.com.tw/c/hot-buys?q=:relevance
2026-10-03,日用品／母嬰／玩具,Zuru X-Shot 全電動高速水槍 2入組 / 8歲以上,$627,,,含運,有貨,https://www.costco.com.tw/Household-Baby-Toys/Toys/Outdoor-Play/Zuru-X-Shot-Motor-Soakers-2-Pack-Set-Ages-8-and-up/p/1851471,https://www.costco.com.tw/medias/sys_master/images/h63/h62/486580374896670.jpg,https://www.costco.com.tw/c/hot-buys?q=:relevance
2026-10-03,家電 3C,海爾 織物清潔機 R10,"$2,999","$3,339",$340,含運,有貨,https://www.costco.com.tw/Televisions-Appliances/Small-Appliances/Vacuums-Floor-Care/Haier-Spot-Cleaner-R10/p/160452,https://www.costco.com.tw/medias/sys_master/images/ha1/h4a/473819879407646.jpg,https://www.costco.com.tw/c/hot-buys?q=:relevance
2026-10-03,其他,Tommy Bahama 7.5呎 海灘遮陽傘,$897,,,含運,有貨,https://www.costco.com.tw/Sports-Lifestyle/Sports-Fitness/Water-Sports/Tommy-Bahama-75-ft-Beach-Umbrella/p/1819570,https://www.costco.com.tw/medias/sys_master/images/hc9/hea/448868539596830.jpg,https://www.costco.com.tw/c/hot-buys?q=:relevance
2026-10-03,服飾配件,Oh Sunny 女戶外休閒雙面遮陽帽,$447,,,含運,缺貨,https://www.costco.com.tw/Clothing-Accessories/Womens-Clothing/Accessories/Oh-Sunny-Ladies-Reversible-Sunscreen-Hat/p/8522876,https://www.costco.com.tw/medias/sys_master/images/hc5/hbf/437687805116446.jpg,https://www.costco.com.tw/c/hot-buys?q=:relevance
2026-10-03,服飾配件,Nepa 女休閒短褲,$647,,,含運,缺貨,https://www.costco.com.tw/Clothing-Accessories/Womens-Clothing/Womens-Bottoms-Dresses/Nepa-Ladies-Casual-Shorts/p/1956391,https://www.costco.com.tw/medias/sys_master/images/h86/h63/466558838046750.jpg,https://www.costco.com.tw/c/hot-buys?q=:relevance
2026-10-03,食品飲料,空運日本長野縣麝香葡萄 1.75公斤/ 5入裝,"$1,799","$2,299",$500,含運,有貨,https://www.costco.com.tw/Food-Dining/Frozen-Fresh-Food/Chilled-Fresh-Food/Japan-Nagano-Muscat-Grape-175-kg-5Pack/p/806826,https://www.costco.com.tw/medias/sys_master/images/h75/hb1/274784263995422.jpg,https://www.costco.com.tw/c/hot-buys?q=:relevance
2026-10-03,服飾配件,Max & Mia 女無袖連身洋裝,$447,,,含運,缺貨,https://www.costco.com.tw/Clothing-Accessories/Womens-Clothing/Womens-Bottoms-Dresses/Max-Mia-Ladies-Sleeveless-Dress/p/1912115,https://www.costco.com.tw/medias/sys_master/images/h19/h3f/379632630693918.jpg,https://www.costco.com.tw/c/hot-buys?q=:relevance
2026-10-03,服飾配件,Adidas 兒童休閒鞋,$657,,,含運,缺貨,https://www.costco.com.tw/Clothing-Accessories/Shoes/Childrens-Shoes/Adidas-Kids-Court-Shoe/p/1864508,https://www.costco.com.tw/medias/sys_master/images/hfd/h75/454001908776990.jpg,https://www.costco.com.tw/c/hot-buys?q=:relevance
2026-10-03,日用品／母嬰／玩具,Zuru X-Shot 發泡水槍 6入組 / 6歲以上,$347,,,含運,有貨,https://www.costco.com.tw/Household-Baby-Toys/Toys/Outdoor-Play/Zuru-X-Shot-Foam-Water-Blaster-6-Pack-Set-Ages-6-and-up/p/1784848,https://www.costco.com.tw/medias/sys_master/images/hd6/h6e/486580369588254.jpg,https://www.costco.com.tw/c/hot-buys?q=:relevance
2026-10-03,服飾配件,Freeworld 男人字夾腳拖鞋,$547,,,含運,缺貨,https://www.costco.com.tw/Clothing-Accessories/Shoes/Mens-Shoes/Freeworld-Mens-Flip-Flops/p/1660944,https://www.costco.com.tw/medias/sys_master/images/hfd/h42/438876238774302.jpg,https://www.costco.com.tw/c/hot-buys?q=:relevance
2026-10-03,服飾配件,Le Coq Sportif 男短袖純棉上衣,$800,,,,狀態未知,https://www.costco.com.tw/Clothing-Accessories/Mens-Clothing/Mens-Tops/Le-Coq-Sportif-Mens-Short-Sleeve-Cotton-Tee/p/240942,https://www.costco.com.tw/medias/sys_master/images/ha7/hc8/455934093852702.jpg,https://www.costco.com.tw/c/hot-buys?q=:relevance
2026-10-03,其他,WildLand 速開帳篷,"$1,087",,,含運,有貨,https://www.costco.com.tw/Sports-Lifestyle/Camping-Outdoors/Tents-Camping-Gear/WildLand-Quick-Set-Up-Shelter/p/1872089,https://www.costco.com.tw/medias/sys_master/images/h1b/h9e/455116857606174.jpg,https://www.costco.com.tw/c/hot-buys?q=:relevance
2026-10-03,服飾配件,Nautica 女短版短袖上衣,$397,,,含運,缺貨,https://www.costco.com.tw/Clothing-Accessories/Womens-Clothing/Womens-Tops/Nautica-Ladies-Short-Cut-Short-Sleeve-Tee/p/155245,https://www.costco.com.tw/medias/sys_master/images/hb6/hb9/454001500749854.jpg,https://www.costco.com.tw/c/hot-buys?q=:relevance
2026-10-03,服飾配件,Lacoste 男休閒鞋,"$1,257",,,含運,缺貨,https://www.costco.com.tw/Clothing-Accessories/Shoes/Mens-Shoes/Lacoste-Mens-Shoe/p/154492,https://www.costco.com.tw/medias/sys_master/images/h50/hcb/438875884486686.jpg,https://www.costco.com.tw/c/hot-buys?q=:relevance
2026-10-03,服飾配件,NEPA 男短袖上衣,$547,,,含運,缺貨,https://www.costco.com.tw/Clothing-Accessories/Mens-Clothing/Mens-Tops/NEPA-Mens-Short-Sleeve-Tee/p/658228,https://www.costco.com.tw/medias/sys_master/images/h7c/hed/449275468349470.jpg,https://www.costco.com.tw/c/hot-buys?q=:relevance
2026-10-03,服飾配件,Huggies 嬰兒連身包屁衣五件組,$547,,,含運,缺貨,https://www.costco.com.tw/Clothing-Accessories/Kids-Clothing/Kids-Clothing-Sets-Accessories/Huggies-Baby-Bodysuit-5-Piece-Set/p/1976255,https://www.costco.com.tw/medias/sys_master/images/h32/h49/473820160819230.jpg,https://www.costco.com.tw/c/hot-buys?q=:relevance
2026-10-03,服飾配件,Adidas 男戶外涼鞋,$737,,,含運,缺貨,https://www.costco.com.tw/Clothing-Accessories/Shoes/Mens-Shoes/Adidas-Mens-Outdoor-Sandals/p/154890,https://www.costco.com.tw/medias/sys_master/images/h24/hae/466558437228574.jpg,https://www.costco.com.tw/c/hot-buys?q=:relevance
2026-10-03,家具家居,Panasonic 碳鋅2號電池 24入組,$397,,,含運,有貨,https://www.costco.com.tw/Furniture-Kitchen/Hardware-DIY/Power-Tools-Electrical/Panasonic-Carbon-Zinc-C-Size-Battery-24-Pack/p/152790,https://www.costco.com.tw/medias/sys_master/images/h2c/hf7/363341288079390.jpg,https://www.costco.com.tw/c/hot-buys?q=:relevance
2026-10-03,家具家居,Lilfant 三麗鷗 兒童餐具 6件組,$727,,,含運,缺貨,https://www.costco.com.tw/Furniture-Kitchen/Kitchen-Dining/Water-Bottles/Lilfant-SANRIO-Kids-Utensil-6-Piece-Set/p/674962,https://www.costco.com.tw/medias/sys_master/images/hf5/h36/418236902342686.jpg,https://www.costco.com.tw/c/hot-buys?q=:relevance
2026-10-03,家具家居,True Innovations 全網布辦公椅,"$3,399","$3,499",$100,含運,有貨,https://www.costco.com.tw/Furniture-Kitchen/Furniture/Computer-Desk-Chair-Sets/True-Innovations-Task-Mesh-Chair/p/1812395,https://www.costco.com.tw/medias/sys_master/images/h4f/hd0/399197023043614.jpg,https://www.costco.com.tw/c/hot-buys?q=:relevance
2026-10-03,日用品／母嬰／玩具,Sunlemon 動物絨毛玩偶 / 6歲以上,$257,,,含運,缺貨,https://www.costco.com.tw/Household-Baby-Toys/Toys/Dolls-Pretend-Play/Sunlemon-Animal-Fluffies-Plush-Ages-6-and-Up/p/172984,https://www.costco.com.tw/medias/sys_master/images/h22/hdc/421141119827998.jpg,https://www.costco.com.tw/c/hot-buys?q=:relevance
2026-10-03,其他,普利司通 215/60 R17 96H ALENZA 001 輪胎,$800,"$3,498","$2,698",Costco 公布的目前優惠售價,狀態未知,https://www.costco.com.tw/Tire/Bridgestone-21560-R17-96H-ALENZA-001-Tire/tire/p/163252,https://www.costco.com.tw/medias/sys_master/images/h53/h92/34195790299166.jpg,https://www.costco.com.tw/c/hot-buys?q=:relevance
2026-10-03,服飾配件,Sunday Afternoons 兒童抗UV遮陽帽,$247,,,含運,缺貨,https://www.costco.com.tw/Clothing-Accessories/Kids-Clothing/Kids-Clothing-Sets-Accessories/Sunday-Afternoons-Kids-UPF-Sun-Protection-Hat/p/157456,https://www.costco.com.tw/medias/sys_master/images/hd2/hc4/450045194567710.jpg,https://www.costco.com.tw/c/hot-buys?q=:relevance
2026-10-03,其他,Bestway 充氣飛鏢盤,$497,,,含運,有貨,https://www.costco.com.tw/Sports-Lifestyle/Sports-Fitness/Team-Sports/Bestway-Soccer-Yard-Game/p/8523339,https://www.costco.com.tw/medias/sys_master/images/hc2/h7d/420739777822750.jpg,https://www.costco.com.tw/c/hot-buys?q=:relevance
2026-10-03,服飾配件,Banana Republic 女長袖襯衫,$800,,,,狀態未知,https://www.costco.com.tw/Clothing-Accessories/Womens-Clothing/Womens-Tops/Banana-Republic-Ladies-Long-Sleeve-Shirt/p/1974301,https://www.costco.com.tw/medias/sys_master/images/hd6/he7/453636849991710.jpg,https://www.costco.com.tw/c/hot-buys?q=:relevance
2026-10-03,日用品／母嬰／玩具,Zuru 加特林泡泡槍 / 3歲以上,$527,,,含運,有貨,https://www.costco.com.tw/Household-Baby-Toys/Toys/Outdoor-Play/Zuru-Gatling-Bubble-Blaster-Ages-3-and-up/p/1851658,https://www.costco.com.tw/medias/sys_master/images/hca/hd6/486580381188126.jpg,https://www.costco.com.tw/c/hot-buys?q=:relevance
2026-10-03,服飾配件,Juicy Couture 女短袖上衣,$347,,,含運,缺貨,https://www.costco.com.tw/Clothing-Accessories/Womens-Clothing/Womens-Tops/Juicy-Couture-Ladies-Short-Sleeve-Tee/p/156551,https://www.costco.com.tw/medias/sys_master/images/he7/h19/420739560636446.jpg,https://www.costco.com.tw/c/hot-buys?q=:relevance
2026-10-03,服飾配件,Adidas 女戶外涼鞋,$737,,,含運,缺貨,https://www.costco.com.tw/Clothing-Accessories/Shoes/Womens-Shoes/Adidas-Ladies-Outdoor-Sandals/p/154891,https://www.costco.com.tw/medias/sys_master/images/h6e/h85/466558441881630.jpg,https://www.costco.com.tw/c/hot-buys?q=:relevance
2026-10-03,食品飲料,Annie’s Home Grown 有機起司通心粉 12入組合包,$427,,,含運,有貨,https://www.costco.com.tw/Food-Dining/Groceries/Baking-Dried-Goods/Annies-Home-Grown-Organic-Macaroni-Cheese-12-Pack-Assorted-Set/p/145777,https://www.costco.com.tw/medias/sys_master/images/h51/h2a/383236912185374.jpg,https://www.costco.com.tw/c/hot-buys?q=:relevance
2026-10-03,服飾配件,Buffalo 女短丹寧洋裝,$547,,,含運,缺貨,https://www.costco.com.tw/Clothing-Accessories/Womens-Clothing/Womens-Bottoms-Dresses/Buffalo-Ladies-Soft-Denim-Dress/p/2046573,https://www.costco.com.tw/medias/sys_master/images/h7f/hc7/453636861952030.jpg,https://www.costco.com.tw/c/hot-buys?q=:relevance
2026-10-03,服飾配件,GAP 女鬆緊腰短褲,$800,,,,狀態未知,https://www.costco.com.tw/Clothing-Accessories/Womens-Clothing/Womens-Bottoms-Dresses/GAP-Elastic-Waist-Short/p/1959301,https://www.costco.com.tw/medias/sys_master/images/hc0/h5c/451293697409054.jpg,https://www.costco.com.tw/c/hot-buys?q=:relevance
2026-10-03,服飾配件,Jezebel 女連身洋裝,$497,,,含運,缺貨,https://www.costco.com.tw/Clothing-Accessories/Womens-Clothing/Womens-Bottoms-Dresses/Jezebel-Ladies-Tiered-Midi-Dress/p/1912121,https://www.costco.com.tw/medias/sys_master/images/h84/h35/451293688692766.jpg,https://www.costco.com.tw/c/hot-buys?q=:relevance
2026-10-03,其他,Tommy Bahama 可調式海灘椅,$797,,,含運,缺貨,https://www.costco.com.tw/Sports-Lifestyle/Sports-Fitness/Water-Sports/Tommy-Bahama-Beach-Chair/p/1819490,https://www.costco.com.tw/medias/sys_master/images/h3c/ha5/361958048366622.jpg,https://www.costco.com.tw/c/hot-buys?q=:relevance
2026-10-03,服飾配件,Scotch & Soda 女無袖連身洋裝,$547,,,含運,缺貨,https://www.costco.com.tw/Clothing-Accessories/Womens-Clothing/Womens-Bottoms-Dresses/Scotch-Soda-Ladies-Sleeveless-Dress/p/1956396,https://www.costco.com.tw/medias/sys_master/images/h53/h80/400800676511774.jpg,https://www.costco.com.tw/c/hot-buys?q=:relevance
2026-10-03,家電 3C,Sony PlayStation 5 無線控制器 午夜黑+ 無線控制器 充電座,"$2,925","$3,199",$274,含運,有貨,https://www.costco.com.tw/Digital-Mobile/Wearables-Audio/Video-Games-Consoles/Sony-PlayStation-5-DualSense-Controller-Charging-Station/p/157702,https://www.costco.com.tw/medias/sys_master/images/h46/hea/415043988488222.jpg,https://www.costco.com.tw/c/hot-buys?q=:relevance
2026-10-03,其他,Water Buddies 20吋 浮板,$247,,,含運,缺貨,https://www.costco.com.tw/Sports-Lifestyle/Sports-Fitness/Water-Sports/Water-Buddies-20-inch-Floating-Disc/p/678571,https://www.costco.com.tw/medias/sys_master/images/h1f/hdc/329850820296734.jpg,https://www.costco.com.tw/c/hot-buys?q=:relevance
2026-10-03,服飾配件,GAP 女九分褲,$800,,,,狀態未知,https://www.costco.com.tw/Clothing-Accessories/Womens-Clothing/Womens-Bottoms-Dresses/GAP-Ladies-Ankle-Trouser/p/1971848,https://www.costco.com.tw/medias/sys_master/images/h75/h8f/451293719953438.jpg,https://www.costco.com.tw/c/hot-buys?q=:relevance
2026-10-03,其他,Igloo 23.6公升 保冷野餐籃,$697,,,含運,有貨,https://www.costco.com.tw/Sports-Lifestyle/Camping-Outdoors/Coolers/Igloo-25QT-Modern-Picnic-Basket/p/1872096,https://www.costco.com.tw/medias/sys_master/images/h85/h5f/454001915559966.jpg,https://www.costco.com.tw/c/hot-buys?q=:relevance
2026-10-03,家具家居,Benetton 純棉海灘巾 90公分 X 160公分,$357,,,含運,缺貨,https://www.costco.com.tw/Furniture-Kitchen/Bedding/Towels/Benetton-100-Cotton-Beach-Towel-90-cm-X-160-cm/p/2040372,https://www.costco.com.tw/medias/sys_master/images/h52/h9e/455116932907038.jpg,https://www.costco.com.tw/c/hot-buys?q=:relevance
2026-10-03,家電 3C,三星 Bespoke 21公斤滾筒洗衣機 WF21B9600KV/TW + 17公斤乾衣機 DVG17CB8700VTW,"$59,899","$64,899","$5,000",含運,有貨,https://www.costco.com.tw/Televisions-Appliances/Large-Appliances/Washers-Dryers/Samsung-Bespoke-21-kg-Front-Load-Washer-WF21B9600KVTW-17-kg-Front-Load-Dryer-DVG17CB8700VTW/p/161274,https://www.costco.com.tw/medias/sys_master/images/h36/h44/471660358598686.jpg,https://www.costco.com.tw/c/hot-buys?q=:relevance
2026-10-03,家電 3C,DJI Osmo Pocket 3 旅拍套裝組 附續航手柄+收納包,"$11,799","$12,599",$800,含運,有貨,https://www.costco.com.tw/Digital-Mobile/Cameras/Security-Cameras-Drones/DJI-Osmo-Pocket-3-Bundle-Battery-Handle-X-1-Bag-X-1/p/159980,https://www.costco.com.tw/medias/sys_master/images/hc8/h3f/466558645567518.jpg,https://www.costco.com.tw/c/hot-buys?q=:relevance
2026-10-03,家電 3C,Samsung 655公升 美式對開 AI 冰箱 星空灰 RS70F65Q4TTW,"$39,999","$43,999","$4,000",含運,有貨,https://www.costco.com.tw/Televisions-Appliances/Large-Appliances/Fridges-Freezers/Overall-Capacity-500-L-Above/Samsung-655-L-French-Door-AI-Refrigerator-Starry-Gray-RS70F65Q4TTW/p/155431,https://www.costco.com.tw/medias/sys_master/images/hb6/hac/396189713563678.jpg,https://www.costco.com.tw/c/hot-buys?q=:relevance
2026-10-03,服飾配件,Lacoste 女休閒鞋,"$1,457",,,含運,缺貨,https://www.costco.com.tw/Clothing-Accessories/Shoes/Womens-Shoes/Lacoste-Ladies-Shoe/p/154493,https://www.costco.com.tw/medias/sys_master/images/h68/h77/451293254418462.jpg,https://www.costco.com.tw/c/hot-buys?q=:relevance
2026-10-03,家電 3C,樂司科 熊黑皮數位陶瓷電暖器 CC23630TW,"$2,799","$3,289",$490,含運,有貨,https://www.costco.com.tw/Televisions-Appliances/Cooling-Heating-Air-Treatment/Heating-Cooling/Lasko-Ceramic-Heater-CC23630TW/p/153259,https://www.costco.com.tw/medias/sys_master/images/h5a/h69/383022574370846.jpg,https://www.costco.com.tw/c/hot-buys?q=:relevance
2026-10-03,家具家居,Hotel Grand 雙人白鵝絨可水洗子母被 180公分 X 210公分,"$6,997",,,含運,缺貨,https://www.costco.com.tw/Furniture-Kitchen/Bedding/Pillows-Comforters-Blankets/Hotel-Grand-Goose-Down-Comforter-180-cm-X-210-cm/p/152368,https://www.costco.com.tw/medias/sys_master/images/h99/hb8/379632076062750.jpg,https://www.costco.com.tw/c/hot-buys?q=:relevance
2026-10-03,家具家居,LAV 土耳其製玻璃杯 16件組,$557,,,含運,有貨,https://www.costco.com.tw/Furniture-Kitchen/Kitchen-Dining/Coffee-Accessories-Drinkware/LAV-Glass-Tumbler-16-Piece-Set/p/1933543,https://www.costco.com.tw/medias/sys_master/images/h60/h04/380918085189662.jpg,https://www.costco.com.tw/c/hot-buys?q=:relevance
2026-10-03,家具家居,Gilman Creek 牛皮電動躺椅,"$13,899","$13,999",$100,含運,有貨,https://www.costco.com.tw/Furniture-Kitchen/Furniture/Sofas-Sectionals/Gilman-Creek-Leather-Power-Recliner/p/1646063,https://www.costco.com.tw/medias/sys_master/images/hab/he2/401756115107870.jpg,https://www.costco.com.tw/c/hot-buys?q=:relevance
2026-10-03,日用品／母嬰／玩具,LEGO Ideas 家族樹 21346 / 18歲以上,"$1,767",,,含運,有貨,https://www.costco.com.tw/Household-Baby-Toys/Toys/Building-Sets-Blocks/LEGO-Ideas-Family-Tree-21346-Ages-18-and-Up/p/153156,https://www.costco.com.tw/medias/sys_master/images/h4c/h0e/361110047948830.jpg,https://www.costco.com.tw/c/hot-buys?q=:relevance
2026-10-03,日用品／母嬰／玩具,三麗鷗 抱抱球 / 3歲以上,$687,,,含運,缺貨,https://www.costco.com.tw/Household-Baby-Toys/Toys/Dolls-Pretend-Play/Sanrio-Biggies-Ages-3-and-Up/p/151564,https://www.costco.com.tw/medias/sys_master/images/h2c/ha1/344774106316830.jpg,https://www.costco.com.tw/c/hot-buys?q=:relevance
2026-10-03,家電 3C,Beats Studio Pro 無線頭戴式耳機,"$8,349","$9,399","$1,050",含運,缺貨,https://www.costco.com.tw/Digital-Mobile/Wearables-Audio/Headphones-Audio-Devices/Beats-Studio-Pro-Wireless-Headphones/p/141447-B,https://www.costco.com.tw/medias/sys_master/images/h31/h1a/186026054189086.jpg,https://www.costco.com.tw/c/hot-buys?q=:relevance
2026-10-03,服飾配件,Tailor Vintage 男短褲,$347,,,含運,缺貨,https://www.costco.com.tw/Clothing-Accessories/Mens-Clothing/Mens-Bottoms/Tailor-Vintage-Mens-Short/p/1956435,https://www.costco.com.tw/medias/sys_master/images/h6d/h13/452308916764702.jpg,https://www.costco.com.tw/c/hot-buys?q=:relevance
2026-10-03,服飾配件,Tailor Vintage 男長褲,$497,,,含運,缺貨,https://www.costco.com.tw/Clothing-Accessories/Mens-Clothing/Mens-Bottoms/Tailor-Vintage-Mens-Ewaist-Surplus-Pant/p/1956433,https://www.costco.com.tw/medias/sys_master/images/h48/h0c/438876310011934.jpg,https://www.costco.com.tw/c/hot-buys?q=:relevance
2026-10-03,服飾配件,RVCA 女無袖連身洋裝,$347,,,含運,缺貨,https://www.costco.com.tw/Clothing-Accessories/Womens-Clothing/Womens-Bottoms-Dresses/RVCA-Womens-Sleeveless-Dress/p/1956389,https://www.costco.com.tw/medias/sys_master/images/h08/h83/448868549623838.jpg,https://www.costco.com.tw/c/hot-buys?q=:relevance
2026-10-03,日用品／母嬰／玩具,FIFA 世界盃 8吋 絨毛玩偶,$357,,,含運,缺貨,https://www.costco.com.tw/Household-Baby-Toys/Toys/Dolls-Pretend-Play/FIFA-World-Cup-8-inch-Plush/p/1851571,https://www.costco.com.tw/medias/sys_master/images/h42/hd0/467794339168286.jpg,https://www.costco.com.tw/c/hot-buys?q=:relevance
2026-10-03,服飾配件,Polo Ralph Lauren 男短袖Polo衫,$800,,,,狀態未知,https://www.costco.com.tw/Clothing-Accessories/Mens-Clothing/Mens-Tops/Polo-Ralph-Lauren-Short-Sleeve-Polo-Shirt/p/1846551,https://www.costco.com.tw/medias/sys_master/images/h27/ha7/484307084345374.jpg,https://www.costco.com.tw/c/hot-buys?q=:relevance
2026-10-03,日用品／母嬰／玩具,Barrington 10人撲克桌 含LED燈,"$4,997",,,含運,有貨,https://www.costco.com.tw/Household-Baby-Toys/Toys/Board-Games-Puzzles/Barrington-10-Player-Poker-Table-with-LED-Lights/p/1740653,https://www.costco.com.tw/medias/sys_master/images/he3/h16/413421503676446.jpg,https://www.costco.com.tw/c/hot-buys?q=:relevance
2026-10-03,家電 3C,Mabe 美寶 18公斤桶裝瓦斯型美式直立式乾衣機 SMG26N5MNBAB-LPG,"$24,499","$24,799",$300,含運,有貨,https://www.costco.com.tw/Televisions-Appliances/Large-Appliances/Washers-Dryers/Mabe-18-kg-American-Style-Liquefied-Petroleum-Gas-Vented-Dryer-SMG26N5MNBAB-LPG/p/159194,https://www.costco.com.tw/medias/sys_master/images/h22/hcf/492247684317214.jpg,https://www.costco.com.tw/c/hot-buys?q=:relevance
2026-10-03,其他,舒熱佳 金屬及陶瓷全車貼 小型車 (不含天窗),"$28,999","$29,059",$60,含運,有貨,https://www.costco.com.tw/Sports-Lifestyle/Garden-Lifestyle/Tickets-Voucher/Solar-Gard-Metal-Ceramic-Full-Window-Tint-for-Small-Car-Sunroof-Not-Included/p/158991,https://www.costco.com.tw/medias/sys_master/images/hf2/h16/437687070490654.jpg,https://www.costco.com.tw/c/hot-buys?q=:relevance
2026-10-03,家電 3C,東芝 Regza 75型 4K QLED 144Hz 全陣列背光智慧顯示器 75Z670NT,"$38,299","$39,999","$1,700",含運,有貨,https://www.costco.com.tw/Televisions-Appliances/TV-Home-Entertainment/Televisions-TV-Accessories/70-79-TVs/Toshiba-Regza-75-inch-Full-Array-4K-QLED-144Hz-Smart-Monitor-75Z670NT/p/152535,https://www.costco.com.tw/medias/sys_master/images/h4d/h80/438072159993886.jpg,https://www.costco.com.tw/c/hot-buys?q=:relevance
2026-10-03,其他,米其林 HydroEdge 雨刷 20吋,$297,,,含運,有貨,https://www.costco.com.tw/Sports-Lifestyle/Automotive/Automotive/Michelin-HydroEdge-Hybrid-Wiper-Blade-20-inch/p/1426558,https://www.costco.com.tw/medias/sys_master/images/h85/h01/97634291875870.jpg,https://www.costco.com.tw/c/hot-buys?q=:relevance
2026-10-03,其他,米其林 HydroEdge 雨刷 18吋,$297,,,含運,有貨,https://www.costco.com.tw/Sports-Lifestyle/Automotive/Automotive/Michelin-HydroEdge-Hybrid-Wiper-Blade-18-inch/p/1426551,https://www.costco.com.tw/medias/sys_master/images/h82/h92/97634291744798.jpg,https://www.costco.com.tw/c/hot-buys?q=:relevance
2026-10-03,服飾配件,Timberland 男短袖Polo衫,$647,,,含運,缺貨,https://www.costco.com.tw/Clothing-Accessories/Mens-Clothing/Mens-Tops/Timberland-Mens-Short-Sleeve-Polo-Shirt/p/134126,https://www.costco.com.tw/medias/sys_master/images/h74/h20/453375861850142.jpg,https://www.costco.com.tw/c/hot-buys?q=:relevance
2026-10-03,其他,2.03克拉 鉑金 圓形鑽石戒指 VVS2/E,"$1,349,997",,,含運,有貨,https://www.costco.com.tw/Jewelry-Gold/Diamond/Diamond-Rings/203-ct-Platinum-Round-Diamond-Ring-VVS2E/p/967585,https://www.costco.com.tw/medias/sys_master/images/hf9/hee/30241882865694.jpg,https://www.costco.com.tw/c/hot-buys?q=:relevance
2026-10-03,其他,1.11克拉 鉑金 圓形鑽石戒指 VVS2/E,"$439,997",,,含運,有貨,https://www.costco.com.tw/Jewelry-Gold/Diamond/Diamond-Rings/111-ct-Platinum-Round-Diamond-Ring-VVS2E/p/672472,https://www.costco.com.tw/medias/sys_master/images/h77/h71/30241881391134.jpg,https://www.costco.com.tw/c/hot-buys?q=:relevance
2026-10-03,其他,1.09克拉 鉑金 圓形鑽石戒指 VVS1/F,"$456,997",,,含運,有貨,https://www.costco.com.tw/Jewelry-Gold/Diamond/Diamond-Rings/109-ct-Platinum-Round-Diamond-Ring-VVS1F/p/651049,https://www.costco.com.tw/medias/sys_master/images/h7d/h96/30241880211486.jpg,https://www.costco.com.tw/c/hot-buys?q=:relevance
2026-10-03,其他,1.63克拉 鉑金 圓形鑽石戒指 VS2/G,"$558,997",,,含運,有貨,https://www.costco.com.tw/Jewelry-Gold/Diamond/Diamond-Rings/163-ct-Platinum-Round-Diamond-Ring-VS2G/p/648495,https://www.costco.com.tw/medias/sys_master/images/hcf/h4a/30241880670238.jpg,https://www.costco.com.tw/c/hot-buys?q=:relevance
2026-10-03,其他,2.24克拉 鉑金 圓形鑽石戒指 VS1/G,"$1,149,997",,,含運,有貨,https://www.costco.com.tw/Jewelry-Gold/Diamond/Diamond-Rings/224-ct-Platinum-Round-Diamond-Ring-VS1G/p/644495,https://www.costco.com.tw/medias/sys_master/products/h76/h8a/8826152583198.jpg,https://www.costco.com.tw/c/hot-buys?q=:relevance
2026-10-03,其他,1.75克拉 鉑金 圓形鑽石戒指 VS1/G,"$679,997",,,含運,有貨,https://www.costco.com.tw/Jewelry-Gold/Diamond/Diamond-Rings/175-ct-Platinum-Round-Diamond-Ring-VS1G/p/630894,https://www.costco.com.tw/medias/sys_master/products/h76/h8a/8826152583198.jpg,https://www.costco.com.tw/c/hot-buys?q=:relevance
2026-10-03,其他,2.01克拉 鉑金 圓形鑽石戒指 VVS2/D,"$1,599,997",,,含運,有貨,https://www.costco.com.tw/Jewelry-Gold/Diamond/Diamond-Rings/201-ct-Platinum-Round-Diamond-Ring-VVS2D/p/630832,https://www.costco.com.tw/medias/sys_master/products/h76/h8a/8826152583198.jpg,https://www.costco.com.tw/c/hot-buys?q=:relevance
2026-10-03,其他,1.42克拉 鉑金 圓形鑽石戒指 VS2/I,"$239,997",,,含運,有貨,https://www.costco.com.tw/Jewelry-Gold/Diamond/Diamond-Rings/142-ctw-Platinum-Round-Diamond-Ring-VS2I/p/440592,https://www.costco.com.tw/medias/sys_master/products/h2a/h39/8825179111454.jpg,https://www.costco.com.tw/c/hot-buys?q=:relevance
2026-10-03,其他,1.61克拉 鉑金 圓形鑽石戒指 VS1/E,"$639,997",,,含運,有貨,https://www.costco.com.tw/Jewelry-Gold/Diamond/Diamond-Rings/161-ctw-Platinum-Round-Diamond-Ring-VS1E/p/228782,https://www.costco.com.tw/medias/sys_master/images/h48/he9/30241877131294.jpg,https://www.costco.com.tw/c/hot-buys?q=:relevance
2026-10-03,其他,Harbour 戶外休閒沙發四件組,"$54,997",,,含運,有貨,https://www.costco.com.tw/Lawn-Garden/Patio-Furniture/Outdoor-Patio-Furniture/Harbour-Deep-Seating-4-Piece-Set/p/1768196,https://www.costco.com.tw/medias/sys_master/images/he2/h57/206972366389278.jpg,https://www.costco.com.tw/c/hot-buys?q=:relevance
2026-10-03,家電 3C,ASUS 華碩 T700TL 桌上型電競電腦 H-T700TL-9275HX057W6T,$800,"$69,799","$68,999",Costco 公布的目前優惠售價,狀態未知,https://www.costco.com.tw/Digital-Mobile/Laptops-Computers/Desktops-Computers/ASUS-T700TL-Gaming-Desktop-Computers-H-T700TL-9275HX057W6T/p/163000,https://www.costco.com.tw/medias/sys_master/images/h5d/h9d/504930903752734.jpg,https://www.costco.com.tw/c/hot-buys?q=:relevance
2026-10-03,家電 3C,Samsung Bespoke AI 智慧電子衣櫥 DF18CB8600WRTW,"$33,999","$34,999","$1,000",含運,有貨,https://www.costco.com.tw/Televisions-Appliances/Large-Appliances/Washers-Dryers/Samsung-Bespoke-AI-Airdresser-DF18CB8600WRTW/p/161275,https://www.costco.com.tw/medias/sys_master/images/h2f/hcd/471660361416734.jpg,https://www.costco.com.tw/c/hot-buys?q=:relevance
2026-10-03,家電 3C,三星 Bespoke 21公斤滾筒洗衣機 WF21B9600KV/TW,"$29,899","$33,999","$4,100",含運,有貨,https://www.costco.com.tw/Televisions-Appliances/Large-Appliances/Washers-Dryers/Washer-Size-20-kg-Above/Samsung-Bespoke-21-kg-Front-Load-Washer-WF21B9600KVTW/p/161273,https://www.costco.com.tw/medias/sys_master/images/h19/hd4/471660354535454.jpg,https://www.costco.com.tw/c/hot-buys?q=:relevance
2026-10-03,其他,普利司通 195/65 R15 91V ECOPIA EP300 輪胎,$800,"$2,899","$2,099",Costco 公布的目前優惠售價,狀態未知,https://www.costco.com.tw/Tire/Bridgestone-19565-R15-91V-ECOPIA-EP300-Tire/tire/p/161232,https://www.costco.com.tw/medias/sys_master/images/h78/hb0/455933833805854.jpg,https://www.costco.com.tw/c/hot-buys?q=:relevance
2026-10-03,家電 3C,Mabe 美寶 18公斤電能型美式直立式乾衣機 SME26N5XNBBT,"$21,999","$22,299",$300,含運,有貨,https://www.costco.com.tw/Televisions-Appliances/Large-Appliances/Washers-Dryers/Mabe-18-kg-American-Style-Electric-Vented-Dryer-SME26N5XNBBT/p/159195,https://www.costco.com.tw/medias/sys_master/images/h67/h39/492247685627934.jpg,https://www.costco.com.tw/c/hot-buys?q=:relevance
2026-10-03,家電 3C,Mabe 美寶 18公斤天然瓦斯型美式直立式乾衣機 SMG26N5MNBAB-NG,"$21,999","$22,299",$300,含運,有貨,https://www.costco.com.tw/Televisions-Appliances/Large-Appliances/Washers-Dryers/Mabe-18-kg-American-Style-Natural-Gas-Vented-Dryer-SMG26N5MNBAB-NG/p/159193,https://www.costco.com.tw/medias/sys_master/images/hdd/he9/492247681237022.jpg,https://www.costco.com.tw/c/hot-buys?q=:relevance
2026-10-03,日用品／母嬰／玩具,環形電動軟球槍 / 14歲以上,$467,,,含運,有貨,https://www.costco.com.tw/Household-Baby-Toys/Toys/Outdoor-Play/Spiral-Power-Popper-Ages-14-and-Up/p/155749,https://www.costco.com.tw/medias/sys_master/images/h33/hd6/386411412520990.jpg,https://www.costco.com.tw/c/hot-buys?q=:relevance
2026-10-03,家電 3C,Samsung 85吋 4K 晶彩智慧顯示器 UA85U8500FXXZW,"$53,999","$59,999","$6,000",含運,有貨,https://www.costco.com.tw/Televisions-Appliances/TV-Home-Entertainment/Televisions-TV-Accessories/80-Above-TVs/Samsung-85-inch-4K-Smart-Monitor-UA85U8500FXXZW/p/153748,https://www.costco.com.tw/medias/sys_master/images/h33/h67/438072218976286.jpg,https://www.costco.com.tw/c/hot-buys?q=:relevance
2026-10-03,日用品／母嬰／玩具,Step2 汽車造型戲水桌 / 3歲以上,"$1,997",,,含運,有貨,https://www.costco.com.tw/Household-Baby-Toys/Toys/Outdoor-Play/Step2-Car-Wash-Splash-Center-Ages-3-and-Up/p/152880,https://www.costco.com.tw/medias/sys_master/images/h8d/hd9/381454866710558.jpg,https://www.costco.com.tw/c/hot-buys?q=:relevance
2026-10-03,家電 3C,Samsung 16公斤蒸本事瓦斯型乾衣機 DVG16CG8600WTW,"$27,999","$30,999","$3,000",含運,有貨,https://www.costco.com.tw/Televisions-Appliances/Large-Appliances/Washers-Dryers/Samsung-16-kg-Smart-Dial-Gas-Dryer-DVG16CG8600WTW/p/144425,https://www.costco.com.tw/medias/sys_master/images/h97/he9/208447527551006.jpg,https://www.costco.com.tw/c/hot-buys?q=:relevance
2026-10-03,其他,米其林 HydroEdge 雨刷 19吋,$297,,,含運,有貨,https://www.costco.com.tw/Sports-Lifestyle/Automotive/Automotive/Michelin-HydroEdge-Hybrid-Wiper-Blade-19-inch/p/1426555,https://www.costco.com.tw/medias/sys_master/images/h0c/h84/97634292269086.jpg,https://www.costco.com.tw/c/hot-buys?q=:relevance
2026-10-03,其他,翠果子 綜合米果 600公克 X 150箱,"$39,999","$41,249","$1,250",含運,有貨,https://www.costco.com.tw/Business-Delivery/Food-Beverages-Pet-Supplies/Grains-Nuts-Snacks/Trygoodz-Rice-Crackers-with-Almonds-600-g-X-150-Case/p/121593,https://www.costco.com.tw/medias/sys_master/images/he6/h48/27140124180510.jpg,https://www.costco.com.tw/c/hot-buys?q=:relevance
2026-10-03,其他,2.02克拉18K白K金 圓形鑽石項鍊 VVS1/D,"$1,599,997",,,含運,有貨,https://www.costco.com.tw/Jewelry-Gold/Diamond/Diamond-Necklaces/202-ctw-18kt-White-Gold-Round-Diamond-Pendant-VVS1D/p/1024902,https://www.costco.com.tw/medias/sys_master/images/h85/hbe/10520064950302.jpg,https://www.costco.com.tw/c/hot-buys?q=:relevance
2026-10-03,保健美容,Orgain 有機植物性蛋白粉 香草口味 1.43公斤,$949,"$1,199",$250,商品已折價$250 含運,缺貨,https://www.costco.com.tw/Health-Beauty/Sports-Performance/Plant-Based-Protein/Orgain-Organic-Protein-Plant-Based-Powder-Vanilla-143-kg/p/1050700,https://www.costco.com.tw/medias/sys_master/images/hbf/hc5/27922030919710.jpg,https://www.costco.com.tw/c/hot-buys?q=:relevance
2026-10-03,其他,收藏家 電子防潮箱 77 公升 CT-85,"$3,279","$4,099",$820,商品已折價$820 含運,缺貨,https://www.costco.com.tw/EUREKA/Dry-Tech-Auto-Dry-Box-77-L-CT-85/p/138927,https://www.costco.com.tw/medias/sys_master/images/h29/h47/151071925796894.jpg,https://www.costco.com.tw/c/hot-buys?q=:relevance
2026-10-03,保健美容,舒特膚長效潤膚霜 550公克,$404,$499,$95,商品已折價 $95 含運,缺貨,https://www.costco.com.tw/Health-Beauty/Beauty-Skin-Care/Sun-Care/Cetaphil-Moisturising-Cream-550-g/p/137177,https://www.costco.com.tw/medias/sys_master/images/h15/h51/171156051525662.jpg,https://www.costco.com.tw/c/hot-buys?q=:relevance
2026-10-03,保健美容,海倫仙度絲 經典清潔去屑洗髮乳 1000毫升,$279,$349,$70,商品已折價$70 含運,缺貨,https://www.costco.com.tw/Health-Beauty/Personal-Care/Shampoo-Conditioner/Head-Shoulders-Classic-Clean-Anti-Dandruff-Shampoo-1000-ml/p/370438,https://www.costco.com.tw/medias/sys_master/images/h75/hb7/294120929394718.jpg,https://www.costco.com.tw/c/hot-buys?q=:relevance
2026-10-03,家具家居,CleverMade 摺疊購物車,$975,,,含運,缺貨,https://www.costco.com.tw/Furniture-Kitchen/Storage-Organization/Storage-Containers-Hooks/CleverMade-Foldable-Shopping-Cart/p/2796150,https://www.costco.com.tw/medias/sys_master/images/he7/h5b/416282498170910.jpg,https://www.costco.com.tw/c/hot-buys?q=:relevance
2026-10-03,家電 3C,象印 VE真空微電腦熱水瓶 CV-DXF40,"$3,809","$4,769",$960,商品已折價$960 含運,缺貨,https://www.costco.com.tw/Televisions-Appliances/Kitchen-Appliances/Water-Dispensers-Water-Purification/Zojirushi-VE-Hybrid-Water-Boiler-and-Warmer-CV-DXF40/p/122574,https://www.costco.com.tw/medias/sys_master/images/h13/h8d/15809938259998.jpg,https://www.costco.com.tw/c/hot-buys?q=:relevance
2026-10-03,服飾配件,Calvin Klein 男純棉平口褲3入組 L,$639,,,含運,缺貨,https://www.costco.com.tw/Clothing-Accessories/Mens-Clothing/Mens-Socks-Underwear/Calvin-Klein-Mens-Woven-Boxer-3-Pack-Set-L/p/502289,https://www.costco.com.tw/medias/sys_master/images/h4e/he1/383052841779230.jpg,https://www.costco.com.tw/c/hot-buys?q=:relevance
2026-10-03,家電 3C,Samsung 75吋 Mini LED 4K AI 量子智慧顯示器 UA75M70HAXXZW,"$35,999","$44,999","$9,000","商品已折價$9,000 含運",缺貨,https://www.costco.com.tw/Televisions-Appliances/TV-Home-Entertainment/Televisions-TV-Accessories/70-79-TVs/Samsung-75-inch-Mini-LED-4K-AI-Smart-Monitor-UA75M70HAXXZW/p/161512,https://www.costco.com.tw/medias/sys_master/images/h6c/hcc/505969061625886.jpg,https://www.costco.com.tw/c/hot-buys?q=:relevance
2026-10-03,服飾配件,Calvin Klein 男純棉平口褲3入組 M,$639,,,含運,缺貨,https://www.costco.com.tw/Clothing-Accessories/Mens-Clothing/Mens-Socks-Underwear/Calvin-Klein-Mens-Woven-Boxer-3-Pack-Set-M/p/502288,https://www.costco.com.tw/medias/sys_master/images/hfd/h2d/382511794749470.jpg,https://www.costco.com.tw/c/hot-buys?q=:relevance
2026-10-03,服飾配件,Dr.Martens 中性經典八孔靴,"$3,249",,,含運,缺貨,https://www.costco.com.tw/Clothing-Accessories/Shoes/Womens-Shoes/DrMartens-Boot/p/1488055,https://www.costco.com.tw/medias/sys_master/images/hc1/hec/316046301003806.jpg,https://www.costco.com.tw/c/hot-buys?q=:relevance
2026-10-03,其他,Speedo 女連身平口泳裝,"$1,199",,,含運,缺貨,https://www.costco.com.tw/Sports-Lifestyle/Sports-Fitness/Water-Sports/Speedo-Ladies-Legsuit-Swimsuit/p/160820,https://www.costco.com.tw/medias/sys_master/images/h20/he0/471660308267038.jpg,https://www.costco.com.tw/c/hot-buys?q=:relevance
2026-10-03,其他,Speedo 女運動連身泳裝 Flex Band,"$1,359",,,含運,缺貨,https://www.costco.com.tw/Sports-Lifestyle/Sports-Fitness/Water-Sports/Speedo-Ladies-Athletic-One-Piece-Swimsuit-Flex-Band/p/160824,https://www.costco.com.tw/medias/sys_master/images/h78/h1b/471660335530014.jpg,https://www.costco.com.tw/c/hot-buys?q=:relevance
2026-10-03,食品飲料,科克蘭 冷藏全脂牛乳 1.89公升 X 2瓶,$269,,,含運,缺貨,https://www.costco.com.tw/Food-Dining/Frozen-Fresh-Food/Chilled-Fresh-Food/Kirkland-Signature-Chilled-Whole-Milk-189-L-X-2-Pack/p/855679,https://www.costco.com.tw/medias/sys_master/images/h5c/hf2/65826728214558.jpg,https://www.costco.com.tw/c/hot-buys?q=:relevance
2026-10-03,食品飲料,丸米 減鹽綜合沖泡味噌湯 36入,$229,,,含運,缺貨,https://www.costco.com.tw/Food-Dining/Groceries/Baking-Dried-Goods/Marukome-Miso-Soup-Less-Salt-36-Pack/p/156759,https://www.costco.com.tw/medias/sys_master/images/hc1/hca/416282369130526.jpg,https://www.costco.com.tw/c/hot-buys?q=:relevance
2026-10-03,食品飲料,空運日本山梨縣麝香葡萄 1.75公斤 / 5入裝,"$1,799","$2,299",$500,含運,缺貨,https://www.costco.com.tw/Food-Dining/Frozen-Fresh-Food/Chilled-Fresh-Food/Air-Freighted-Japan-Yamanashi-Muscat-Grape-175-kg-5Pack/p/156434,https://www.costco.com.tw/medias/sys_master/images/hed/hbb/380783691890718.jpg,https://www.costco.com.tw/c/hot-buys?q=:relevance
2026-10-03,保健美容,Comvita 蜂膠軟膠囊 250粒,$927,,,含運,缺貨,https://www.costco.com.tw/Health-Beauty/Supplements/Supplements-Digestive-Support/Comvita-Propolis-Capsules-Extra-Strength-250-Count/p/235500,https://www.costco.com.tw/medias/sys_master/images/hc5/hc5/245391160016926.jpg,https://www.costco.com.tw/c/hot-buys?q=:relevance
2026-10-03,服飾配件,Character 兒童上衣四件組,$247,,,含運,缺貨,https://www.costco.com.tw/Clothing-Accessories/Kids-Clothing/Kids-Clothing-Sets-Accessories/Character-Kids-Short-Sleeve-Tee-4-Pack-Set/p/1956441,https://www.costco.com.tw/medias/sys_master/images/h8e/h77/454001928929310.jpg,https://www.costco.com.tw/c/hot-buys?q=:relevance
2026-10-03,服飾配件,Nautica 女休閒短褲,$397,,,含運,缺貨,https://www.costco.com.tw/Clothing-Accessories/Womens-Clothing/Womens-Bottoms-Dresses/Nautica-Ladies-Casual-Short/p/142040,https://www.costco.com.tw/medias/sys_master/images/h05/h13/448868221681694.jpg,https://www.costco.com.tw/c/hot-buys?q=:relevance
2026-10-03,家電 3C,Samsung 17公斤蒸洗脫滾筒洗衣機 WF17T6300GW/TW,"$22,999","$24,999","$2,000",含運,缺貨,https://www.costco.com.tw/Televisions-Appliances/Large-Appliances/Washers-Dryers/Samsung-17kg-Front-Load-Washer-WF17T6300GWTW/p/133807,https://www.costco.com.tw/medias/sys_master/images/h2b/h30/87021380993054.jpg,https://www.costco.com.tw/c/hot-buys?q=:relevance
2026-10-03,家電 3C,GE 奇異 733公升防指紋不銹鋼雙門對開冰箱 GSS25GYPFS,"$88,999","$89,999","$1,000",含運,缺貨,https://www.costco.com.tw/Televisions-Appliances/Large-Appliances/Fridges-Freezers/Overall-Capacity-500-L-Above/GE-733-L-Fingerprint-Resistant-Stainless-Steel-Side-by-Side-Refrigerator-GSS25GYPFS/p/159190,https://www.costco.com.tw/medias/sys_master/images/h30/hcb/492247676125214.jpg,https://www.costco.com.tw/c/hot-buys?q=:relevance
2026-10-03,食品飲料,樂天 巧克力派 北海道生焦糖乳酪蛋糕風味 30公克 X 6入 X 5盒,$297,,,含運,缺貨,https://www.costco.com.tw/Food-Dining/Snacks/Cookies-Chips/Lotte-Choco-Pie-Hokkaido-Caramel-Cheese-Cake-30-g-X-6-Count-X-5-Pack/p/159840,https://www.costco.com.tw/medias/sys_master/images/h14/h76/450418239078430.jpg,https://www.costco.com.tw/c/hot-buys?q=:relevance
2026-10-03,其他,普利司通 205/55 R17 95W Turanza 6 輪胎,$800,"$4,299","$3,499",Costco 公布的目前優惠售價,狀態未知,https://www.costco.com.tw/Tire/Bridgestone-20555-R17-95W-Turanza-6-Tire/tire/p/153718,https://www.costco.com.tw/medias/sys_master/images/hbf/hf5/350548647477278.jpg,https://www.costco.com.tw/c/hot-buys?q=:relevance
2026-10-03,家電 3C,Apple AirPods 4,"$3,697",,,含運,缺貨,https://www.costco.com.tw/Digital-Mobile/Wearables-Audio/Headphones-Audio-Devices/Apple-AirPods-4/p/149119,https://www.costco.com.tw/medias/sys_master/images/h13/he1/274499095494686.jpg,https://www.costco.com.tw/c/hot-buys?q=:relevance
2026-10-03,家電 3C,Samsung 17公斤 AI 衣管家蒸洗脫滾筒洗衣機 WF17T6300GW/TW + Samsung 16公斤 蒸本事瓦斯型乾衣機 DVG16CG8600WTW,"$49,899","$52,999","$3,100",含運,缺貨,https://www.costco.com.tw/Televisions-Appliances/Large-Appliances/Washers-Dryers/Samsung-17-kg-AI-Smart-Load-Go-Front-Load-Washer-WF17T6300GWTW-Samsung-16-kg-Gas-Dryer-DVG16CG8600WTW/p/144426,https://www.costco.com.tw/medias/sys_master/images/hea/h85/208447531319326.jpg,https://www.costco.com.tw/c/hot-buys?q=:relevance
2026-10-03,其他,馬牌 255/45 R20 105W XL FR UX7 輪胎,$800,,,,狀態未知,https://www.costco.com.tw/Tire/Continental-25545-R20-105W-XL-FR-UX7-Tire/tire/p/155376,https://www.costco.com.tw/medias/sys_master/images/h4f/h54/368528938565662.jpg,https://www.costco.com.tw/c/hot-buys?q=:relevance
2026-10-03,其他,科克蘭 三層抽取衛生紙 120抽 X 72入,"$1,159",,,,有貨,https://www.costco.com.tw/c/Kirkland-Signature-3-Ply-Interfold-Bath-Tissue-120-Sheet-X-72-Count/p/189999,https://www.costco.com.tw/medias/sys_master/images/hf5/h5e/228120348950558.jpg,https://www.costco.com.tw/c/hot-buys?q=:relevance
2026-10-03,家電 3C,夏普 528公升 四門十字對開除菌冰箱 SJ-DF53F-SL,"$44,499",,,,有貨,https://www.costco.com.tw/Televisions-Appliances/Large-Appliances/Fridges-Freezers/SHARP-528-L-4-Door-Side-by-Side-Fridge-Refrigerator-SJ-DF53F-SL/p/147651,https://www.costco.com.tw/medias/sys_master/images/h46/h0e/298052343234590.jpg,https://www.costco.com.tw/c/hot-buys?q=:relevance
2026-10-03,家電 3C,BOSCH 60 cm Series 4 Freestanding Dishwasher SMS4ITW00X,"$33,999",,,,有貨,https://www.costco.com.tw/Televisions-Appliances/Kitchen-Appliances/Dishwashers-Dish-Dryers/BOSCH-60-cm-Series-4-Freestanding-Dishwasher-SMS4ITW00X/p/143549,https://www.costco.com.tw/medias/sys_master/images/h79/h2a/205293596016670.jpg,https://www.costco.com.tw/c/hot-buys?q=:relevance
2026-10-03,食品飲料,大成 山賊燒去骨清雞腿與十三香雞翅 5公斤,"$1,429",,,,有貨,https://www.costco.com.tw/Food-Dining/Frozen-Fresh-Food/Frozen-Seafood-Meat/Dachan-Frozen-Toriageru-Thigh-and-Thirteen-Spices-Wings-5-kg/p/159017,https://www.costco.com.tw/medias/sys_master/images/h78/hb5/418236625223710.jpg,https://www.costco.com.tw/c/hot-buys?q=:relevance
2026-10-03,家具家居,愛惠浦 Vita 全戶型淨水設備組 替換濾芯,"$5,199",,,指定夏日涼感商品：買2件享8.5折，買3件享8折（結帳時依活動條件計算）,有貨,https://www.costco.com.tw/Furniture-Kitchen/Kitchen-Dining/Water-Filtration/Everpure-Vita-Family-Water-Purifier-Filter-Set/p/134964,https://www.costco.com.tw/medias/sys_master/images/ha1/hc1/86343450329118.jpg,https://www.costco.com.tw/voucher4
2026-10-03,家具家居,愛惠浦 Vita 全戶型淨水設備組,"$29,999",,,指定夏日涼感商品：買2件享8.5折，買3件享8折（結帳時依活動條件計算）,有貨,https://www.costco.com.tw/Furniture-Kitchen/Kitchen-Dining/Water-Filtration/Everpure-Vita-Family-Water-Purifier-Set/p/134963,https://www.costco.com.tw/medias/sys_master/images/h11/h5b/86343450263582.jpg,https://www.costco.com.tw/voucher4
2026-10-03,家具家居,愛惠浦 EF6000 櫥下型三道式淨水器,"$11,999",,,指定夏日涼感商品：買2件享8.5折，買3件享8折（結帳時依活動條件計算）,有貨,https://www.costco.com.tw/Furniture-Kitchen/Kitchen-Dining/Water-Filtration/Everpure-EF6000-Purvive-Trio-Water-Purifier/p/134956,https://www.costco.com.tw/medias/sys_master/images/hf6/h14/86343381057566.jpg,https://www.costco.com.tw/voucher4
2026-10-03,家具家居,愛惠浦 Soho-AC2 淨水器 替換濾芯組 (一年份),"$2,769",,,指定夏日涼感商品：買2件享8.5折，買3件享8折（結帳時依活動條件計算）,有貨,https://www.costco.com.tw/Furniture-Kitchen/Kitchen-Dining/Water-Filtration/Everpure-Soho-AC2-Water-Purifier-Filter-Set-One-Year/p/134960,https://www.costco.com.tw/medias/sys_master/images/ha8/h21/86343448231966.jpg,https://www.costco.com.tw/voucher4
2026-10-03,家具家居,愛惠浦 EF6000 櫥下型三道式淨水器 替換濾芯組 (一年份),"$5,999",,,指定夏日涼感商品：買2件享8.5折，買3件享8折（結帳時依活動條件計算）,有貨,https://www.costco.com.tw/Furniture-Kitchen/Kitchen-Dining/Water-Filtration/Everpure-EF6000-Purvive-Trio-Water-Purifier-Filter-Set-One-Year/p/134958,https://www.costco.com.tw/medias/sys_master/images/h16/hab/86343447511070.jpg,https://www.costco.com.tw/voucher4
2026-10-03,家具家居,席伊麗 雙人標準床下墊 76公分 X 190公分 X 2床,"$15,799",,,2026/07/20-08/02期間購買指定家具，買1件享85折，買2件享8折優惠。,有貨,https://www.costco.com.tw/Furniture-Kitchen/Bedding/Mattress-Toppers/Sealy-Box-Spring-Bed-76-cm-X-190-cm-X-2-Count/p/100635,https://www.costco.com.tw/medias/sys_master/images/hca/h96/255347478855710.jpg,https://www.costco.com.tw/voucher2
2026-10-03,家具家居,席伊麗 雙人加大床下墊 91.5公分 X 190公分 X 2床,"$16,799",,,2026/07/20-08/02期間購買指定家具，買1件享85折，買2件享8折優惠。,有貨,https://www.costco.com.tw/Furniture-Kitchen/Bedding/Mattress-Toppers/Sealy-Box-Spring-Bed-915-cm-X-190-cm-X-2-Count/p/100636,https://www.costco.com.tw/medias/sys_master/images/hd6/he0/255347478986782.jpg,https://www.costco.com.tw/voucher2
2026-10-03,家具家居,席伊麗 護背系列水星雙人加大床墊 183公分 X 190公分,"$25,999",,,2026/07/20-08/02期間購買指定家具，買1件享85折，買2件享8折優惠。,有貨,https://www.costco.com.tw/Furniture-Kitchen/Bedding/Mattress-Toppers/Sealy-Mercury-Backsaver-Mattress-183-cm-X-190-cm/p/107870,https://www.costco.com.tw/medias/sys_master/images/hcc/h2c/81302953492510.jpg,https://www.costco.com.tw/voucher2
2026-10-03,家具家居,席伊麗 護背系列金星標準雙人床墊 152公分 X 190公分,"$22,999",,,2026/07/20-08/02期間購買指定家具，買1件享85折，買2件享8折優惠。,有貨,https://www.costco.com.tw/Furniture-Kitchen/Bedding/Mattress-Toppers/Sealy-Venus-Backsaver-Mattress-152-cm-X-190-cm/p/107871,https://www.costco.com.tw/medias/sys_master/images/h7f/h28/81302952869918.jpg,https://www.costco.com.tw/voucher2
2026-10-03,家具家居,Sealy Venus Backsaver Mattress 183 cm X 190 cm,"$26,999",,,2026/07/20-08/02期間購買指定家具，買1件享85折，買2件享8折優惠。,有貨,https://www.costco.com.tw/Furniture-Kitchen/Bedding/Mattress-Toppers/Sealy-Venus-Backsaver-Mattress-183-cm-X-190-cm/p/107872,https://www.costco.com.tw/medias/sys_master/images/hd2/h49/81302952902686.jpg,https://www.costco.com.tw/voucher2
2026-10-03,家具家居,席伊麗 美姿系列勇士雙人加大床墊 183公分 X 190公分,"$59,799",,,2026/07/20-08/02期間購買指定家具，買1件享85折，買2件享8折優惠。,有貨,https://www.costco.com.tw/Furniture-Kitchen/Bedding/Mattress-Toppers/Sealy-Posturepedic-Mattress-183-cm-X-190-cm/p/125700,https://www.costco.com.tw/medias/sys_master/images/hb7/h19/81302958407710.jpg,https://www.costco.com.tw/voucher2
2026-10-03,家具家居,席伊麗 護背系列金星標準雙人床墊 X 1床 + 下墊 76公分 X 190公分 X 2床,"$37,199",,,2026/07/20-08/02期間購買指定家具，買1件享85折，買2件享8折優惠。,有貨,https://www.costco.com.tw/Furniture-Kitchen/Bedding/Mattress-Toppers/Sealy-Venus-Backsaver-Mattress-X-1-Count-and-Box-Spring-Bed-76-cm-X-190-cm-X-2-Count/p/131160,https://www.costco.com.tw/medias/sys_master/images/h6e/h54/81302958178334.jpg,https://www.costco.com.tw/voucher2
2026-10-03,家具家居,Sealy Venus Backsaver Mattress X 1-Count and Box Spring Bed 91.5 cm X 190 cm X 2-Count,"$41,999",,,2026/07/20-08/02期間購買指定家具，買1件享85折，買2件享8折優惠。,有貨,https://www.costco.com.tw/Furniture-Kitchen/Bedding/Mattress-Toppers/Sealy-Venus-Backsaver-Mattress-X-1-Count-and-Box-Spring-Bed-915-cm-X-190-cm-X-2-Count/p/131161,https://www.costco.com.tw/medias/sys_master/images/h4a/h03/81302957522974.jpg,https://www.costco.com.tw/voucher2
2026-10-03,家具家居,Sealy Mars Backsaver Mattress X 1-Count and Box Spring Bed 76 cm X 190 cm X 2-Count,"$33,399",,,2026/07/20-08/02期間購買指定家具，買1件享85折，買2件享8折優惠。,有貨,https://www.costco.com.tw/Furniture-Kitchen/Bedding/Mattress-Toppers/Sealy-Mars-Backsaver-Mattress-X-1-Count-and-Box-Spring-Bed-76-cm-X-190-cm-X-2-Count/p/132105,https://www.costco.com.tw/medias/sys_master/images/h3d/h3a/81302958964766.jpg,https://www.costco.com.tw/voucher2
2026-10-03,家具家居,Sealy Pelleas Posturepedic Mattress X 1-Count and Box Spring Bed 91.5 cm X 190 cm X 2-Count,"$73,499",,,2026/07/20-08/02期間購買指定家具，買1件享85折，買2件享8折優惠。,有貨,https://www.costco.com.tw/Furniture-Kitchen/Bedding/Mattress-Toppers/Sealy-Pelleas-Posturepedic-Mattress-X-1-Count-and-Box-Spring-Bed-915-cm-X-190-cm-X-2-Count/p/132962,https://www.costco.com.tw/medias/sys_master/images/h1b/h88/81302959259678.jpg,https://www.costco.com.tw/voucher2
2026-10-03,家具家居,Sealy Colorado Posturepedic Mattress 152 X 190 cm,"$45,279",,,2026/07/20-08/02期間購買指定家具，買1件享85折，買2件享8折優惠。,有貨,https://www.costco.com.tw/Furniture-Kitchen/Bedding/Mattress-Toppers/Sealy-Colorado-Posturepedic-Mattress-152-X-190-cm/p/133223,https://www.costco.com.tw/medias/sys_master/images/h69/hdb/87953865768990.jpg,https://www.costco.com.tw/voucher2
2026-10-03,家具家居,Sealy Colorado Posturepedic Mattress 183 X 190 cm,"$50,299",,,2026/07/20-08/02期間購買指定家具，買1件享85折，買2件享8折優惠。,有貨,https://www.costco.com.tw/Furniture-Kitchen/Bedding/Mattress-Toppers/Sealy-Colorado-Posturepedic-Mattress-183-X-190-cm/p/133225,https://www.costco.com.tw/medias/sys_master/images/h34/h5e/87953865998366.jpg,https://www.costco.com.tw/voucher2
2026-10-03,家具家居,席伊麗 護背系列 Sunshine 標準雙人床墊 152公分 X 190公分,"$23,799",,,2026/07/20-08/02期間購買指定家具，買1件享85折，買2件享8折優惠。,有貨,https://www.costco.com.tw/Furniture-Kitchen/Bedding/Mattress-Toppers/Sealy-Sunshine-Backsaver-Mattress-152-cm-X-190-cm/p/133226,https://www.costco.com.tw/medias/sys_master/images/hd3/hc7/81302962307102.jpg,https://www.costco.com.tw/voucher2
2026-10-03,家具家居,席伊麗 護背系列 Sunshine 雙人加大床墊 183公分 X 190公分,"$27,799",,,2026/07/20-08/02期間購買指定家具，買1件享85折，買2件享8折優惠。,有貨,https://www.costco.com.tw/Furniture-Kitchen/Bedding/Mattress-Toppers/Sealy-Sunshine-Backsaver-Mattress-183-cm-X-190-cm/p/133227,https://www.costco.com.tw/medias/sys_master/images/hde/h45/81302963421214.jpg,https://www.costco.com.tw/voucher2
2026-10-03,家具家居,席伊麗 護背系列金星單人床墊 107公分 X 190公分,"$16,995",,,2026/07/20-08/02期間購買指定家具，買1件享85折，買2件享8折優惠。,有貨,https://www.costco.com.tw/Furniture-Kitchen/Bedding/Mattress-Toppers/Sealy-Venus-Mattress-107-cm-X-190-cm/p/149914,https://www.costco.com.tw/medias/sys_master/images/h8b/he7/313556122796062.jpg,https://www.costco.com.tw/voucher2
2026-10-03,家電 3C,IRIS Woozoo 空氣循環扇 PCF-SC15T-CT,"$1,269",,,含運,有貨,https://www.costco.com.tw/Televisions-Appliances/Cooling-Heating-Air-Treatment/Heating-Cooling/IRIS-Woozoo-Circulator-Fan-PCF-SC15T-CT/p/2354207,https://www.costco.com.tw/medias/sys_master/images/ha5/h9d/329850798506014.jpg,https://www.costco.com.tw/c/Hero_Cool
2026-10-03,家具家居,樂扣樂扣 Tritan 大容量彈蓋提帶冷水壺 2.2公升,$649,,,含運,缺貨,https://www.costco.com.tw/Furniture-Kitchen/Kitchen-Dining/Water-Bottles/LocknLock-Tritan-Large-Capacity-Water-Bottle-22-L/p/159317,https://www.costco.com.tw/medias/sys_master/images/hc0/h86/433249572290590.jpg,https://www.costco.com.tw/c/Hero_Cool
2026-10-03,家具家居,Downlite 涼感舒眠枕 2入 51公分 X 71公分,$669,,,含運,有貨,https://www.costco.com.tw/Furniture-Kitchen/Bedding/Pillows-Comforters-Blankets/Downlite-Ultimate-Freeze-Sleep-Pillow-2-Pack-51-cm-X-71-cm/p/688672,https://www.costco.com.tw/medias/sys_master/images/h6b/he5/450418277122078.jpg,https://www.costco.com.tw/c/Hero_Cool
2026-10-03,其他,Allertect 涼感抱枕 20公分 X 100公分,$859,,,含運,缺貨,https://www.costco.com.tw/Allertect/Allertect-Ice-Body-Pillow-20-cm-X-100-cm/p/642617,https://www.costco.com.tw/medias/sys_master/images/he9/h71/467794401132574.jpg,https://www.costco.com.tw/c/Hero_Cool
2026-10-03,家電 3C,聲寶 16吋 機械式立扇 SK-GF16X,"$1,359",,,含運,有貨,https://www.costco.com.tw/Televisions-Appliances/Cooling-Heating-Air-Treatment/Heating-Cooling/SAMPO-16-inch-Mechanical-Fan-SK-GF16X/p/158738,https://www.costco.com.tw/medias/sys_master/images/h97/h2d/454769487413278.jpg,https://www.costco.com.tw/c/Hero_Cool
2026-10-03,家具家居,Thermoflask 不鏽鋼保冷保溫瓶 946毫升 X 2件組,$659,,,含運,缺貨,https://www.costco.com.tw/Furniture-Kitchen/Kitchen-Dining/Water-Bottles/Thermoflask-Stainless-Steel-Water-Bottle-946-ml-X-2-Piece-Set/p/1901817,https://www.costco.com.tw/medias/sys_master/images/hc3/h42/451293661429790.jpg,https://www.costco.com.tw/c/Hero_Cool
2026-10-03,家具家居,Studio TU 玻璃飲料桶 8.3公升 含木製桶架 & 上蓋,$715,,,含運,有貨,https://www.costco.com.tw/Furniture-Kitchen/Kitchen-Dining/Coffee-Accessories-Drinkware/Studio-TU-Gallon-Glass-Drink-Dispenser-83-L-with-Acacia-Wood-Stand-Lid/p/1796162,https://www.costco.com.tw/medias/sys_master/images/h1a/h6b/449275417952286.jpg,https://www.costco.com.tw/c/Hero_Cool
2026-10-03,家電 3C,東元 快速自動製冰塊機,"$2,899",,,含運,缺貨,https://www.costco.com.tw/Televisions-Appliances/Kitchen-Appliances/Water-Dispensers-Water-Purification/TECO-Ice-Makers/p/146687,https://www.costco.com.tw/medias/sys_master/images/h1d/hca/255087840395294.jpg,https://www.costco.com.tw/c/Hero_Cool
2026-10-03,家具家居,Thermatec 涼感被 180公分 X 210公分,$945,,,含運,缺貨,https://www.costco.com.tw/Furniture-Kitchen/Bedding/Pillows-Comforters-Blankets/Thermatec-Cooling-Comforter-180-cm-X-210-cm/p/159001,https://www.costco.com.tw/medias/sys_master/images/h80/h8e/467794278416414.jpg,https://www.costco.com.tw/c/Hero_Cool
2026-10-03,家具家居,Lustroware 冷水壺 2.2公升 X 2件組,$649,,,含運,有貨,https://www.costco.com.tw/Furniture-Kitchen/Kitchen-Dining/Coffee-Accessories-Drinkware/Lustroware-Pitcher-22-L-X-2-Piece-Set/p/149213,https://www.costco.com.tw/medias/sys_master/images/hfa/hcb/311441770086430.jpg,https://www.costco.com.tw/c/Hero_Cool
2026-10-03,家具家居,Hario 日本製冷萃茶壺 1.2公升,$669,,,含運,有貨,https://www.costco.com.tw/Furniture-Kitchen/Kitchen-Dining/Coffee-Accessories-Drinkware/Hario-Tritan-Cold-Brew-Tea-Pitcher-12-L/p/158984,https://www.costco.com.tw/medias/sys_master/images/h6a/h4c/433626099417118.jpg,https://www.costco.com.tw/c/Hero_Cool
2026-10-03,家電 3C,艾美特 14吋DC 直流遙控立扇 FS35150R,"$2,099",,,含運,有貨,https://www.costco.com.tw/Televisions-Appliances/Cooling-Heating-Air-Treatment/Heating-Cooling/Airmate-14-inch-DC-Inverter-Stand-Fan-FS35150R/p/149335,https://www.costco.com.tw/medias/sys_master/images/h27/hee/333377589444638.jpg,https://www.costco.com.tw/c/Hero_Cool
2026-10-03,家電 3C,艾美特 9吋DC直流馬達空氣循環扇 FB2393DR,"$3,799",,,含運,有貨,https://www.costco.com.tw/Televisions-Appliances/Cooling-Heating-Air-Treatment/Heating-Cooling/Airmate-9-inch-DC-Inverter-Air-Circulator-FB2393DR/p/149328,https://www.costco.com.tw/medias/sys_master/images/h90/h0d/333377583120414.jpg,https://www.costco.com.tw/c/Hero_Cool
2026-10-03,家具家居,經典卡通涼感被附收納袋 150公分 X 180公分 史努比 星際領航員,"$1,029","$1,289",$260,商品已折價$260 含運,有貨,https://www.costco.com.tw/Furniture-Kitchen/Bedding/Pillows-Comforters-Blankets/Licensed-Cooling-Quilt-with-Storage-Bag-150-cm-X-180-cm-Snoopy/p/749366,https://www.costco.com.tw/medias/sys_master/images/he5/hc8/466199242965022.jpg,https://www.costco.com.tw/c/Hero_Cool
2026-10-03,家具家居,經典卡通涼感被附收納袋 150公分 X 180公分 吉伊卡哇 星夜款,"$1,029","$1,289",$260,商品已折價$260 含運,有貨,https://www.costco.com.tw/Furniture-Kitchen/Bedding/Pillows-Comforters-Blankets/Licensed-Cooling-Quilt-with-Storage-Bag-150-cm-X-180-cm-Chiikawa/p/449366,https://www.costco.com.tw/medias/sys_master/images/hd3/hbc/471216562765854.jpg,https://www.costco.com.tw/c/Hero_Cool
2026-10-03,家具家居,樂扣樂扣 Tritan 彈蓋提帶冷水壺 650毫升 + 1000毫升,$849,,,含運,缺貨,https://www.costco.com.tw/Furniture-Kitchen/Kitchen-Dining/Water-Bottles/LocknLock-Tritan-Water-Bottle-650-ml-1000-ml/p/155277,https://www.costco.com.tw/medias/sys_master/images/h63/h8a/378303654690846.jpg,https://www.costco.com.tw/c/Hero_Cool
2026-10-03,家具家居,WOKY 沃廚 ECOZEN 純透渾圓隨行杯 880毫升 X 2件組,$879,,,含運,缺貨,https://www.costco.com.tw/Furniture-Kitchen/Kitchen-Dining/Water-Bottles/WOKY-ECOZEN-Water-Bottle-880-ml-X-2-Piece-Set/p/150702,https://www.costco.com.tw/medias/sys_master/images/h50/he5/311830114598942.jpg,https://www.costco.com.tw/c/Hero_Cool
2026-10-03,家電 3C,艾美特 14吋 DC 直流立扇 (FS35C005R),"$2,999",,,含運,有貨,https://www.costco.com.tw/Televisions-Appliances/Cooling-Heating-Air-Treatment/Heating-Cooling/Airmate-14-DC-Stand-Fan-FS35C005R/p/135005,https://www.costco.com.tw/medias/sys_master/images/h43/h94/66800260513822.jpg,https://www.costco.com.tw/c/Hero_Cool
2026-10-03,家具家居,HOUSUXI 舒希 迪士尼 不鏽鋼保冷保溫瓶 1.2公升 X 2件組,"$1,229",,,含運,缺貨,https://www.costco.com.tw/Furniture-Kitchen/Kitchen-Dining/Water-Bottles/HOUSUXI-Disney-Stainless-Steel-Water-Bottle-12-L-X-2-Piece-Set/p/160483,https://www.costco.com.tw/medias/sys_master/images/ha7/hac/450045415981086.jpg,https://www.costco.com.tw/c/Hero_Cool
2026-10-03,家電 3C,艾美特 12吋DC電扇 FS30253R,"$1,899",,,含運,有貨,https://www.costco.com.tw/Televisions-Appliances/Cooling-Heating-Air-Treatment/Heating-Cooling/Airmate-12-inch-DC-Inverter-Fan-FS30253R/p/157027,https://www.costco.com.tw/medias/sys_master/images/h6c/h38/450418078515230.jpg,https://www.costco.com.tw/c/Hero_Cool
2026-10-03,家具家居,幻知曲 涼感舒眠枕 66公分 X 38公分 X 11公分,$985,,,含運,有貨,https://www.costco.com.tw/Furniture-Kitchen/Bedding/Pillows-Comforters-Blankets/Reverie-Cooling-Pillow-66-cm-X-38-cm-X-11-cm/p/156890,https://www.costco.com.tw/medias/sys_master/images/ha6/h87/418530686533662.jpg,https://www.costco.com.tw/c/Hero_Cool
2026-10-03,家具家居,Caliphil PrimaLoft 長纖涼夏被 150公分 X 210公分,"$1,499",,,含運,缺貨,https://www.costco.com.tw/Furniture-Kitchen/Bedding/Pillows-Comforters-Blankets/Caliphil-PrimaLoft-Summer-Quilt-150-cm-X-210-cm/p/121518,https://www.costco.com.tw/medias/sys_master/images/ha1/hbb/12196925538334.jpg,https://www.costco.com.tw/c/Hero_Cool
2026-10-03,家具家居,La Belle 素色涼感被 150公分 X 200公分 杏色,"$1,259",,,含運,有貨,https://www.costco.com.tw/Furniture-Kitchen/Bedding/Pillows-Comforters-Blankets/La-Belle-ICE-Cool-Quilt-150-cm-X-200-cm-Beige/p/458611,https://www.costco.com.tw/medias/sys_master/images/h83/hdf/433626153353246.jpg,https://www.costco.com.tw/c/Hero_Cool
2026-10-03,家具家居,La Belle 素色涼感被 150公分 X 200公分 水藍,"$1,259",,,含運,有貨,https://www.costco.com.tw/Furniture-Kitchen/Bedding/Pillows-Comforters-Blankets/La-Belle-ICE-Cool-Quilt-150-cm-X-200-cm-Blue/p/258611,https://www.costco.com.tw/medias/sys_master/images/h29/h68/433626147586078.jpg,https://www.costco.com.tw/c/Hero_Cool
2026-10-03,家電 3C,艾美特 DC 遙控大廈扇 FT89R,"$2,999",,,含運,有貨,https://www.costco.com.tw/Televisions-Appliances/Cooling-Heating-Air-Treatment/Heating-Cooling/Airmate-DC-Remote-Control-Tower-Fan-FT89R/p/150625,https://www.costco.com.tw/medias/sys_master/images/h07/hdc/361109992177694.jpg,https://www.costco.com.tw/c/Hero_Cool
2026-10-03,家具家居,日本製雙層冷水壺 1.2公升,$799,,,含運,有貨,https://www.costco.com.tw/Furniture-Kitchen/Kitchen-Dining/Coffee-Accessories-Drinkware/Double-Layer-Water-Pitcher-12-L/p/144408,https://www.costco.com.tw/medias/sys_master/images/hc9/ha4/224529148641310.jpg,https://www.costco.com.tw/c/Hero_Cool
2026-10-03,家電 3C,艾美特 7吋DC直流遙控循環扇 FB1861R,"$2,499",,,含運,有貨,https://www.costco.com.tw/Televisions-Appliances/Cooling-Heating-Air-Treatment/Heating-Cooling/Airmate-7-inch-DC-Inverter-Circulator-Fan-FB1861R/p/138212,https://www.costco.com.tw/medias/sys_master/images/he3/hb8/139437267550238.jpg,https://www.costco.com.tw/c/Hero_Cool
2026-10-03,家電 3C,艾美特 16吋DC直流立扇 FS40125R,"$3,359",,,含運,有貨,https://www.costco.com.tw/Televisions-Appliances/Cooling-Heating-Air-Treatment/Heating-Cooling/Airmate-16-inch-DC-Inverter-Stand-Fan-FS40125R/p/126487,https://www.costco.com.tw/medias/sys_master/images/h05/h35/27585205338142.jpg,https://www.costco.com.tw/c/Hero_Cool
2026-10-03,家具家居,經典卡通涼感被附收納袋 150公分 X 180公分 布丁狗 X 大耳狗 一起做烘焙,"$1,029","$1,289",$260,商品已折價$260 含運,有貨,https://www.costco.com.tw/Furniture-Kitchen/Bedding/Pillows-Comforters-Blankets/Licensed-Cooling-Quilt-with-Storage-Bag-150-cm-X-180-cm-Pompompurin-X-Cinnamoroll/p/649366,https://www.costco.com.tw/medias/sys_master/images/hd5/h6e/466199236476958.jpg,https://www.costco.com.tw/c/Hero_Cool
2026-10-03,家電 3C,Life on Products 手持扇 2入組 LCAF004,"$1,399",,,含運,有貨,https://www.costco.com.tw/Televisions-Appliances/Cooling-Heating-Air-Treatment/Heating-Cooling/Life-on-Products-Handheld-Fan-2-Pack-Set-LCAF004/p/157178,https://www.costco.com.tw/medias/sys_master/images/h3e/h44/450045188669470.jpg,https://www.costco.com.tw/c/Hero_Cool
2026-10-03,家電 3C,艾美特 USB 桌/夾式充電風扇 2入組 UD703S,"$1,129",,,含運,有貨,https://www.costco.com.tw/Televisions-Appliances/Cooling-Heating-Air-Treatment/Heating-Cooling/Airmate-USB-Desk-Handheld-Fan-2-Pack-Set-UD703S/p/157028,https://www.costco.com.tw/medias/sys_master/images/h38/hf0/417417232580638.jpg,https://www.costco.com.tw/c/Hero_Cool
2026-10-03,家電 3C,IRIS OHYAMA 桌上迷你型空氣循環扇 TAF-MKM10N,$589,,,含運,缺貨,https://www.costco.com.tw/Televisions-Appliances/Cooling-Heating-Air-Treatment/Heating-Cooling/IRIS-OHYAMA-Tabletop-Mini-Circulator-Fan-TAF-MKM10N/p/145560,https://www.costco.com.tw/medias/sys_master/images/h11/h96/238306256551966.jpg,https://www.costco.com.tw/c/Hero_Cool
2026-10-03,家電 3C,正負零 3D DC直流循環風扇 XQS-G630,"$4,599",,,含運,有貨,https://www.costco.com.tw/Televisions-Appliances/Cooling-Heating-Air-Treatment/Heating-Cooling/0-3D-DC-Inverter-Air-Circulator-XQS-G630/p/138455,https://www.costco.com.tw/medias/sys_master/images/h06/h12/132201976528926.jpg,https://www.costco.com.tw/c/Hero_Cool
2026-10-03,家具家居,Don Home 300織萊賽爾雙人加大兩用被套六件組 182公分 X 190公分 協奏,"$2,999",,,含運,有貨,https://www.costco.com.tw/Furniture-Kitchen/Bedding/Sheets-Pillowcases/Don-Home-300-Thread-Count-Lyocell-Quilted-Duvet-6-Piece-Set-182-cm-X-190-cm-Concerto/p/159775,https://www.costco.com.tw/medias/sys_master/images/h8b/h9e/455116826804254.jpg,https://www.costco.com.tw/c/Hero_Cool
2026-10-03,家具家居,Don Home 300織萊賽爾雙人加大兩用被套六件組 182公分 X 190公分 四季,"$2,999",,,含運,有貨,https://www.costco.com.tw/Furniture-Kitchen/Bedding/Sheets-Pillowcases/Don-Home-300-Thread-Count-Lyocell-Quilted-Duvet-6-Piece-Set-182-cm-X-190-cm-Four-seasons/p/159772,https://www.costco.com.tw/medias/sys_master/images/h64/h94/455116818350110.jpg,https://www.costco.com.tw/c/Hero_Cool
2026-10-03,家具家居,La Belle 素色涼感被 150公分 X 200公分 柔粉,"$1,259",,,含運,有貨,https://www.costco.com.tw/Furniture-Kitchen/Bedding/Pillows-Comforters-Blankets/La-Belle-ICE-Cool-Quilt-150-cm-X-200-cm-Pink/p/158611,https://www.costco.com.tw/medias/sys_master/images/h61/h2c/433626094731294.jpg,https://www.costco.com.tw/c/Hero_Cool
2026-10-03,家電 3C,向物 高速手持風扇 引擎PRO DSHJ-S-2324,$969,,,含運,缺貨,https://www.costco.com.tw/Televisions-Appliances/Cooling-Heating-Air-Treatment/Heating-Cooling/SOTHING-Handheld-Fan-Engine-Pro-DSHJ-S-2324/p/152999,https://www.costco.com.tw/medias/sys_master/images/h2a/h8e/379074342223902.jpg,https://www.costco.com.tw/c/Hero_Cool
2026-10-03,家電 3C,艾美特 12吋 AC桌扇 FD30247,"$1,229",,,含運,有貨,https://www.costco.com.tw/Televisions-Appliances/Cooling-Heating-Air-Treatment/Heating-Cooling/Airmate-12-inch-AC-Table-Fan-FD30247/p/149658,https://www.costco.com.tw/medias/sys_master/images/hb5/h44/333377658519582.jpg,https://www.costco.com.tw/c/Hero_Cool
2026-10-03,家電 3C,艾美特 12吋USB充電式摺疊電扇 UD3052R,"$2,549",,,含運,有貨,https://www.costco.com.tw/Televisions-Appliances/Cooling-Heating-Air-Treatment/Heating-Cooling/Airmate-USB-Rechargeable-Foldable-Stand-Fan-UD3052R/p/143497,https://www.costco.com.tw/medias/sys_master/images/hc2/hc7/223144341307422.jpg,https://www.costco.com.tw/c/Hero_Cool
2026-10-03,家電 3C,樂司科 赤色風暴渦輪風扇 #X12900TW,"$3,399",,,含運,有貨,https://www.costco.com.tw/Televisions-Appliances/Cooling-Heating-Air-Treatment/Heating-Cooling/Lasko-X-Blower-Multi-Position-Utility-Blower-Fan-X12900TW/p/137007,https://www.costco.com.tw/medias/sys_master/images/hdb/h0b/115073010171934.jpg,https://www.costco.com.tw/c/Hero_Cool
2026-10-03,家電 3C,艾美特 DC直流無扇葉塔扇 BF01R,"$4,999",,,含運,有貨,https://www.costco.com.tw/Televisions-Appliances/Cooling-Heating-Air-Treatment/Heating-Cooling/Airmate-DC-Inverter-Bladeless-Tower-Fan-BF01R/p/136601,https://www.costco.com.tw/medias/sys_master/images/h49/he3/100759962026014.jpg,https://www.costco.com.tw/c/Hero_Cool
2026-10-03,家具家居,Lustroware 冷水壺 2.1公升 X 2件組 附濾網,$679,,,含運,有貨,https://www.costco.com.tw/Furniture-Kitchen/Kitchen-Dining/Coffee-Accessories-Drinkware/Lustroware-Pitcher-21-L-X-2-Piece-Set-with-Filter/p/135210,https://www.costco.com.tw/medias/sys_master/images/hd2/h8e/97634191769630.jpg,https://www.costco.com.tw/c/Hero_Cool
2026-10-03,家具家居,La Belle 素色涼感被 150公分 X 200公分 抹茶,"$1,259",,,含運,有貨,https://www.costco.com.tw/Furniture-Kitchen/Bedding/Pillows-Comforters-Blankets/La-Belle-ICE-Cool-Quilt-150-cm-X-200-cm-Green/p/358611,https://www.costco.com.tw/medias/sys_master/images/h61/had/433626148208670.jpg,https://www.costco.com.tw/c/Hero_Cool
2026-10-03,家具家居,Don Home 300織萊賽爾雙人加大兩用被套六件組 182公分 X 190公分 微光,"$2,999",,,含運,有貨,https://www.costco.com.tw/Furniture-Kitchen/Bedding/Sheets-Pillowcases/Don-Home-300-Thread-Count-Lyocell-Quilted-Duvet-6-Piece-Set-182-cm-X-190-cm-Shimmer/p/159774,https://www.costco.com.tw/medias/sys_master/images/hc0/hd4/455116822806558.jpg,https://www.costco.com.tw/c/Hero_Cool
2026-10-03,家具家居,Don Home 300織萊賽爾雙人加大兩用被套六件組 182公分 X 190公分 同頻,"$2,999",,,含運,有貨,https://www.costco.com.tw/Furniture-Kitchen/Bedding/Sheets-Pillowcases/Don-Home-300-Thread-Count-Lyocell-Quilted-Duvet-6-Piece-Set-182-cm-X-190-cm-Frequency/p/159773,https://www.costco.com.tw/medias/sys_master/images/hf0/h31/455116822478878.jpg,https://www.costco.com.tw/c/Hero_Cool
2026-10-03,家具家居,Don Home 300織萊賽爾雙人兩用被套 6件組 152公分 X 190公分 協奏,"$2,599",,,含運,有貨,https://www.costco.com.tw/Furniture-Kitchen/Bedding/Sheets-Pillowcases/Don-Home-300-Thread-Count-Lyocell-Quilted-Duvet-6-Piece-Set-152-cm-X-190-cm-Concerto/p/159771,https://www.costco.com.tw/medias/sys_master/images/h27/h2b/455116814090270.jpg,https://www.costco.com.tw/c/Hero_Cool
2026-10-03,家具家居,Don Home 300織萊賽爾雙人兩用被套六件組 152公分 X 190公分 微光,"$2,599",,,含運,有貨,https://www.costco.com.tw/Furniture-Kitchen/Bedding/Sheets-Pillowcases/Don-Home-300-Thread-Count-Lyocell-Quilted-Duvet-6-Piece-Set-152-cm-X-190-cm-Shimmer/p/159770,https://www.costco.com.tw/medias/sys_master/images/hb1/hb9/455116810223646.jpg,https://www.costco.com.tw/c/Hero_Cool
2026-10-03,家具家居,Don Home 300織萊賽爾雙人兩用被套六件組 152公分 X 190公分 同頻,"$2,599",,,含運,有貨,https://www.costco.com.tw/Furniture-Kitchen/Bedding/Sheets-Pillowcases/Don-Home-300-Thread-Count-Lyocell-Quilted-Duvet-6-Piece-Set-152-cm-X-190-cm-Frequency/p/159769,https://www.costco.com.tw/medias/sys_master/images/hd7/hb9/455116809633822.jpg,https://www.costco.com.tw/c/Hero_Cool
2026-10-03,家具家居,Don Home 300織萊賽爾雙人兩用被套六件組 152公分 X 190公分 四季,"$2,599",,,含運,有貨,https://www.costco.com.tw/Furniture-Kitchen/Bedding/Sheets-Pillowcases/Don-Home-300-Thread-Count-Lyocell-Quilted-Duvet-6-Piece-Set-152-cm-X-190-cm-Four-seasons/p/159768,https://www.costco.com.tw/medias/sys_master/images/h84/ha8/455116805701662.jpg,https://www.costco.com.tw/c/Hero_Cool
2026-10-03,家電 3C,Siroca DC 直流大風量循環塔扇 SF-T1710,"$2,999",,,含運,有貨,https://www.costco.com.tw/Televisions-Appliances/Cooling-Heating-Air-Treatment/Heating-Cooling/Siroca-DC-Inverter-Tower-Fan-SF-T1710/p/157020,https://www.costco.com.tw/medias/sys_master/images/h54/hcf/402145258111006.jpg,https://www.costco.com.tw/c/Hero_Cool
2026-10-03,家具家居,日本製雙層冷水壺 1.7公升 X 6件組,"$5,099",,,含運,有貨,https://www.costco.com.tw/Furniture-Kitchen/Kitchen-Dining/Coffee-Accessories-Drinkware/Double-Layer-Water-Pitcher-17-L-X-6-Piece-Set/p/143524,https://www.costco.com.tw/medias/sys_master/images/h41/hfd/224528978116638.jpg,https://www.costco.com.tw/c/Hero_Cool
2026-10-03,家電 3C,艾美特 USB手持充電風扇 2入組 (UD802),$999,,,含運,缺貨,https://www.costco.com.tw/Televisions-Appliances/Cooling-Heating-Air-Treatment/Heating-Cooling/Airmate-USB-Handheld-Fan-2-Pack-UD802/p/133802,https://www.costco.com.tw/medias/sys_master/images/h7c/h84/69412028284958.jpg,https://www.costco.com.tw/c/Hero_Cool
