日期,分類,商品,價格,原價,折價金額,優惠說明,商品網址,圖片網址,資料來源
2026-09-01,其他,普利司通輪胎/ 限時優惠折扣中,$800,,,,https://www.costco.com.tw/p/110563,https://www.costco.com.tw/medias/sys_master/images/h78/hb0/455933833805854.jpg,https://www.costco.com.tw/c/hot-buys?q=:relevance
2026-09-01,其他,倍耐力輪胎 / 限時優惠折扣中,$800,,,,https://www.costco.com.tw/p/117416,https://www.costco.com.tw/medias/sys_master/images/hb2/h8f/275511568728094.jpg,https://www.costco.com.tw/c/hot-buys?q=:relevance
2026-09-01,家電 3C,飛利浦 75吋 4K QLED Google TV 顯示器 75PQT8530/96,"$26,999","$34,999","$8,000","商品已折價$8,000 含運",https://www.costco.com.tw/Televisions-Appliances/TV-Home-Entertainment/Televisions-TV-Accessories/70-79-TVs/Philips-75-inch-4K-QLED-Google-TV-Monitor-75PQT853096/p/153525,https://www.costco.com.tw/medias/sys_master/images/he0/hf2/438072169365534.jpg,https://www.costco.com.tw/c/hot-buys?q=:relevance
2026-09-01,家電 3C,BOSCH 4系列 60公分 獨立式洗碗機 13人份,"$26,999","$33,999","$7,000","商品已折價$7,000 含運",https://www.costco.com.tw/Televisions-Appliances/Kitchen-Appliances/Dishwashers-Dish-Dryers/BOSCH-Series-4-60cm-Freestanding-Dishwasher-13-Persons/p/159885,https://www.costco.com.tw/medias/sys_master/images/hfc/h3a/449275394326558.jpg,https://www.costco.com.tw/c/hot-buys?q=:relevance
2026-09-01,日用品／母嬰／玩具,橘子工坊 除臭酵素洗衣精 4公升 X 2入,$859,"$1,099",$240,商品已折價$240 含運,https://www.costco.com.tw/Household-Baby-Toys/Household-Essentials/Laundry-Care/Orange-House-Odor-Remover-Enzyme-Laundry-Detergent-4-L-X-2-Count/p/218559,https://www.costco.com.tw/medias/sys_master/images/hba/he7/260838176423966.jpg,https://www.costco.com.tw/c/hot-buys?q=:relevance
2026-09-01,保健美容,Charmnap 女性漏尿墊 15cc 128片,$239,$299,$60,商品已折價$60 含運,https://www.costco.com.tw/Health-Beauty/Personal-Care/Adult-Diapers-Incontinence/Charmnap-Incontinence-Pad-15-cc-128-Piece/p/116342,https://www.costco.com.tw/medias/sys_master/images/h46/hd8/308411236941854.jpg,https://www.costco.com.tw/c/hot-buys?q=:relevance
2026-09-01,食品飲料,大成 冷凍炙烤雞肉串 480公克,$434,$529,$95,商品已折價 $95 含運,https://www.costco.com.tw/Food-Dining/Frozen-Fresh-Food/Frozen-Meals/Dachan-Frozen-Yakitori-480-g/p/8500806,https://www.costco.com.tw/medias/sys_master/images/h5c/h2e/242858086989854.jpg,https://www.costco.com.tw/c/hot-buys?q=:relevance
2026-09-01,食品飲料,冷凍薄鹽白腹鯖魚片 800公克,$425,$525,$100,商品已折價 $100 含運,https://www.costco.com.tw/Food-Dining/Frozen-Fresh-Food/Frozen-Seafood-Meat/Frozen-Lightly-Salted-Mackerel-800-g/p/463663,https://www.costco.com.tw/medias/sys_master/images/h8f/h3a/449275468152862.jpg,https://www.costco.com.tw/c/hot-buys?q=:relevance
2026-09-01,其他,茶屋樂將軍牛蒡茶 5公克 X 60入,$379,$479,$100,商品已折價$100 含運,https://www.costco.com.tw/Cha-Wu-Le/Cha-Wu-Le-Burdock-Tea-5-g-X-60-Count/p/106150,https://www.costco.com.tw/medias/sys_master/images/hc0/h1e/31569513316382.jpg,https://www.costco.com.tw/c/hot-buys?q=:relevance
2026-09-01,食品飲料,IF 純椰子汁 1公升 X 6入,$369,$449,$80,商品已折價 $80 含運,https://www.costco.com.tw/Food-Dining/Drinks/Beverages-Juice/IF-Pure-Coconut-Water-1-L-X-6-Count/p/145957,https://www.costco.com.tw/medias/sys_master/images/h30/hcb/240433864802334.jpg,https://www.costco.com.tw/c/hot-buys?q=:relevance
2026-09-01,其他,愛之味 純濃燕麥 340毫升 X 12入,$229,$289,$60,商品已折價$60 含運,https://www.costco.com.tw/c/AGV-100-Oatmeal-Drink-340-ml-X-12-Count/p/97313,https://www.costco.com.tw/medias/sys_master/images/h9f/hc7/223676730114078.jpg,https://www.costco.com.tw/c/hot-buys?q=:relevance
2026-09-01,日用品／母嬰／玩具,Ariel 極致雙效洗衣精補充包 1100公克 X 6 入,$749,$949,$200,商品已折價 $200 含運,https://www.costco.com.tw/Household-Baby-Toys/Household-Essentials/Laundry-Care/Ariel-Laundry-Detergent-Liquid-Refill-1100-g-X-6-Count/p/417455,https://www.costco.com.tw/medias/sys_master/images/h1a/hc8/438035520225310.jpg,https://www.costco.com.tw/c/hot-buys?q=:relevance
2026-09-01,保健美容,益節 加強型迷你錠 60錠,"$1,119","$1,399",$280,商品已折價 $280 含運,https://www.costco.com.tw/Health-Beauty/Supplements/Bone-Joint-Support/Schiff-Move-Free-Ultra-with-UC-II-60-Tablet/p/363985,https://www.costco.com.tw/medias/sys_master/images/he4/hee/62314531160094.jpg,https://www.costco.com.tw/c/hot-buys?q=:relevance
2026-09-01,日用品／母嬰／玩具,五月花 妙用綿柔抽取衛生紙 輕巧包 130抽 X 108入,$899,"$1,129",$230,商品已折價 $230 含運；商品已折價 $230；2026/07/20-08/02期間購買指定家具，買1件享85折，買2件享8折優惠。,https://www.costco.com.tw/Household-Baby-Toys/Household-Essentials/Toilet-Paper-Paper-Towels/Mayflower-Multi-Function-Mini-Interfold-Tissue-Paper-130-Sheet-X-108-Count/p/187901,https://www.costco.com.tw/medias/sys_master/images/h95/hdc/65294096039966.jpg,https://www.costco.com.tw/c/hot-buys?q=:relevance
2026-09-01,食品飲料,奇多 隨口脆玉米脆 28公克 X 25包 共700公克,$225,$275,$50,商品已折價$50 含運,https://www.costco.com.tw/Food-Dining/Snacks/Cookies-Chips/Cheetos-Shots-Multi-Pack-28-g-X-25-Pack/p/558988,https://www.costco.com.tw/medias/sys_master/images/h93/h56/434799002255390.jpg,https://www.costco.com.tw/c/hot-buys?q=:relevance
2026-09-01,保健美容,The Golden 大麥若葉粉末 3公克 X 176包,$749,$949,$200,商品已折價 $200 含運,https://www.costco.com.tw/Health-Beauty/Supplements/Supplements-Digestive-Support/The-Golden-Barley-Young-Leaves-3-g-X-176-Sachet/p/567872,https://www.costco.com.tw/medias/sys_master/images/h77/h5f/27131082145822.jpg,https://www.costco.com.tw/c/hot-buys?q=:relevance
2026-09-01,食品飲料,Tree Top 蘋果汁 320毫升 X 24入,$404,$499,$95,商品已折價$95 含運,https://www.costco.com.tw/Food-Dining/Drinks/Beverages-Juice/Tree-Top-Apple-Juice-320-ml-X-24-Count/p/140770,https://www.costco.com.tw/medias/sys_master/images/h02/hed/15234312437790.jpg,https://www.costco.com.tw/c/hot-buys?q=:relevance
2026-09-01,食品飲料,UCC 職人精選濾掛式咖啡 7公克 X 75入,$581,$725,$144,商品已折價 $144 含運,https://www.costco.com.tw/Food-Dining/Drinks/Coffee/UCC-Drip-Coffee-7-g-X-75-Count/p/398703,https://www.costco.com.tw/medias/sys_master/images/hd0/h0b/328848187523102.jpg,https://www.costco.com.tw/c/hot-buys?q=:relevance
2026-09-01,其他,來復易 輕快活力褲 內褲型成人紙尿褲 L號 80片,"$1,169","$1,469",$300,商品已折價$300 含運；商品已折價 $300；2026/07/20-08/02期間購買指定家具，買1件享85折，買2件享8折優惠。,https://www.costco.com.tw/c/Lifree-Lightweight-Adult-Diaper-Pants-L-Size-80-Piece/p/200967,https://www.costco.com.tw/medias/sys_master/images/h8a/hee/97209112821790.jpg,https://www.costco.com.tw/c/hot-buys?q=:relevance
2026-09-01,保健美容,天地合補 龜鹿雙寶飲 68毫升 X 30入,"$1,219","$1,529",$310,商品已折價 $310 含運,https://www.costco.com.tw/Health-Beauty/Supplements/Bone-Joint-Support/Essence-of-Guilu-68-ml-X-30-Count/p/103719,https://www.costco.com.tw/medias/sys_master/images/hc5/h54/203141574033438.jpg,https://www.costco.com.tw/c/hot-buys?q=:relevance
2026-09-01,食品飲料,北海 鱈魚香絲 青花椒辣味 600公克,$279,$349,$70,商品已折價$70 含運,https://www.costco.com.tw/Food-Dining/Snacks/Cookies-Chips/North-Sea-Fish-Snack-Sichuan-Green-Peppercorn-Spicy-Flavor-600-g/p/336249,https://www.costco.com.tw/medias/sys_master/images/h6a/h3e/382254248099870.jpg,https://www.costco.com.tw/c/hot-buys?q=:relevance
2026-09-01,其他,來復易 輕快活力褲 內褲型成人紙尿褲 LL號 72片,"$1,169","$1,469",$300,商品已折價$300 含運；商品已折價 $300；2026/07/20-08/02期間購買指定家具，買1件享85折，買2件享8折優惠。,https://www.costco.com.tw/c/Lifree-Lightweight-Adult-Diaper-Pants-LL-Size-72-Piece/p/200970,https://www.costco.com.tw/medias/sys_master/images/hd3/h11/97209114394654.jpg,https://www.costco.com.tw/c/hot-buys?q=:relevance
2026-09-01,食品飲料,科克蘭 無籽加州李乾 1.58公斤,$329,$369,,需一次購買活動組數才可享受此優惠 含運,https://www.costco.com.tw/Food-Dining/Snacks/Nuts-Jerky/Kirkland-Signature-Sunsweet-Dried-Plums-158-kg/p/583577,https://www.costco.com.tw/medias/sys_master/images/hc2/h94/167692471894046.jpg,https://www.costco.com.tw/c/hot-buys?q=:relevance
2026-09-01,保健美容,Youth Light 優識立新複方金盞花萃取葉黃素 130粒,$799,$999,$200,商品已折價 $200 含運,https://www.costco.com.tw/Health-Beauty/Supplements/Supplements-Digestive-Support/Youth-Light-New-Lutein-130-Softgel/p/998437,https://www.costco.com.tw/medias/sys_master/images/hb0/hca/383036656320542.jpg,https://www.costco.com.tw/c/hot-buys?q=:relevance
2026-09-01,其他,白蘭氏鷄精 68毫升 X 30入 + 41毫升 X 2入,"$1,179","$1,479",$300,商品已折價 $300 含運,https://www.costco.com.tw/c/Brands-Essence-of-Chicken-68-ml-X-30-Count-41-ml-X-2-Count/p/145184,https://www.costco.com.tw/medias/sys_master/images/hac/ha5/413801221193758.jpg,https://www.costco.com.tw/c/hot-buys?q=:relevance
2026-09-01,保健美容,Charmnap 女性漏尿墊 50cc 72片,$159,$205,$46,商品已折價$46 含運,https://www.costco.com.tw/Health-Beauty/Personal-Care/Adult-Diapers-Incontinence/Charmnap-Incontinence-Pad-50-cc-72-Piece/p/116343,https://www.costco.com.tw/medias/sys_master/images/hc2/h59/308411236548638.jpg,https://www.costco.com.tw/c/hot-buys?q=:relevance
2026-09-01,食品飲料,健達 繽紛樂 43公克 X 15入,$369,$459,$90,商品已折價 $90 含運,https://www.costco.com.tw/Food-Dining/Snacks/p/1168940,https://www.costco.com.tw/medias/sys_master/images/hdd/h0c/448868215488542.jpg,https://www.costco.com.tw/c/hot-buys?q=:relevance
2026-09-01,保健美容,威德 維生素 K2+D3 膠囊 120粒,$429,$529,$100,商品已折價 $100 含運,https://www.costco.com.tw/Health-Beauty/Supplements/Multi-Letter-Vitamins/Weider-Vitamin-K2-D3-120-Capsule/p/144635,https://www.costco.com.tw/medias/sys_master/images/h64/ha8/308062970740766.jpg,https://www.costco.com.tw/c/hot-buys?q=:relevance
2026-09-01,食品飲料,CJ 韓式醃烤調味醬 840公克 X 2入,$199,$249,$50,商品已折價$50 含運,https://www.costco.com.tw/Food-Dining/Groceries/Cooking-Oil-Sauces/CJ-Korean-Beef-Bulgogi-Marinade-840-g-X-2-Pack/p/39053,https://www.costco.com.tw/medias/sys_master/images/hac/h94/291632927473694.jpg,https://www.costco.com.tw/c/hot-buys?q=:relevance
2026-09-01,保健美容,Charmnap 女性漏尿墊 3 cc X 160片,$159,$205,$46,商品已折價$46 含運,https://www.costco.com.tw/Health-Beauty/Personal-Care/Adult-Diapers-Incontinence/Charmnap-Incontinence-Pad-3-cc-X-160-Piece/p/118786,https://www.costco.com.tw/medias/sys_master/images/hca/hed/308411236679710.jpg,https://www.costco.com.tw/c/hot-buys?q=:relevance
2026-09-01,食品飲料,日本手工黃金芝麻醬 405公克,$299,$389,$90,商品已折價$90 含運,https://www.costco.com.tw/Food-Dining/Groceries/Cooking-Oil-Sauces/Kingmori-Sesame-Dressing-405-g/p/76482,https://www.costco.com.tw/medias/sys_master/images/h1e/h2d/35053465305118.jpg,https://www.costco.com.tw/c/hot-buys?q=:relevance
2026-09-01,食品飲料,百奇 巧克力棒 40公克 X 12入,$325,$399,$74,商品已折價$74 含運,https://www.costco.com.tw/Food-Dining/Snacks/Candies-Chocolates/Pocky-Chocolate-Biscuit-Sticks-40-g-X-12-Pack/p/103454,https://www.costco.com.tw/medias/sys_master/images/h33/hc0/69511096762398.jpg,https://www.costco.com.tw/c/hot-buys?q=:relevance
2026-09-01,食品飲料,立頓 茗閒情台灣茶 活綠茶三角茶包 2.5公克 X 120入,$319,$399,$80,商品已折價$80 含運,https://www.costco.com.tw/Food-Dining/Drinks/Tea/Lipton-Taiwan-Green-Tea-Triangle-Tea-Bag-25-g-X-120-Piece/p/398704,https://www.costco.com.tw/medias/sys_master/images/h37/hba/116669445701662.jpg,https://www.costco.com.tw/c/hot-buys?q=:relevance
2026-09-01,食品飲料,大成 冷凍十三香烤雞翅 2公斤,$445,$559,$114,商品已折價 $114 含運,https://www.costco.com.tw/Food-Dining/Frozen-Fresh-Food/Frozen-Meals/Dachan-Frozen-BBQ-Chicken-Wings-with-13-Spices-2-kg/p/152230,https://www.costco.com.tw/medias/sys_master/images/h77/h0f/368495166652446.jpg,https://www.costco.com.tw/c/hot-buys?q=:relevance
2026-09-01,保健美容,老協珍 冷凍熬雞精 68毫升 X 30入,"$3,199","$3,999",$800,商品已折價$800 含運；商品已折價 $800；2026/07/20-08/02期間購買指定家具，買1件享85折，買2件享8折優惠。,https://www.costco.com.tw/Health-Beauty/Elderly-Care/Supplements/Lao-Xie-Zhen-Frozen-Chicken-Essence-68-ml-X-30-Pack/p/118552,https://www.costco.com.tw/medias/sys_master/images/hf8/h1e/34495710363678.jpg,https://www.costco.com.tw/c/hot-buys?q=:relevance
2026-09-01,其他,來復易 輕快活力褲 內褲型成人紙尿褲 M號 88片,"$1,119","$1,399",$280,商品已折價$280 含運；商品已折價 $280；2026/07/20-08/02期間購買指定家具，買1件享85折，買2件享8折優惠。,https://www.costco.com.tw/c/Lifree-Lightweight-Adult-Diaper-Pants-Size-M-88-Piece/p/143712,https://www.costco.com.tw/medias/sys_master/images/he7/hd0/206736909238302.jpg,https://www.costco.com.tw/c/hot-buys?q=:relevance
2026-09-01,保健美容,天地合補 玫瑰四物飲葡萄籽配方 120毫升 X 18入,$639,$799,$160,商品已折價 $160 含運,https://www.costco.com.tw/Health-Beauty/Elderly-Care/Supplements/Essence-of-Herbs-Grape-Seed-Rose-Flavor-120-ml-X-18-Count/p/83091,https://www.costco.com.tw/medias/sys_master/images/h1c/h77/26784627982366.jpg,https://www.costco.com.tw/c/hot-buys?q=:relevance
2026-09-01,其他,徠芬 高速吹風機 SE,"$2,119","$2,659",$540,商品已折價$540 含運,https://www.costco.com.tw/Hair-Skin-Care-Tools/p/156484,https://www.costco.com.tw/medias/sys_master/images/h00/h6f/401755812266014.jpg,https://www.costco.com.tw/c/hot-buys?q=:relevance
2026-09-01,保健美容,老協珍 人蔘精 GABA Plus 麥蘆卡蜂蜜口味 70毫升 X 33入,"$1,125","$1,399",$274,商品已折價 $274 含運,https://www.costco.com.tw/Health-Beauty/Elderly-Care/Supplements/Lao-Xie-Zhen-Ginseng-Essence-GABA-Plus-with-Manuka-Honey-70-ml-X-33-Count/p/241835,https://www.costco.com.tw/medias/sys_master/images/h22/hb0/261774602469406.jpg,https://www.costco.com.tw/c/hot-buys?q=:relevance
2026-09-01,保健美容,Redoxon 力度伸 維他命 C + D + 鈣 發泡錠 45錠(15錠 X 3條),$609,$769,$160,商品已折價 $160 含運,https://www.costco.com.tw/Health-Beauty/Supplements/Multi-Letter-Vitamins/Redoxon-C-D-Calcium-Effervescent-45-Tablet-15-Tablet-X-3-Pack/p/100762,https://www.costco.com.tw/medias/sys_master/images/hbc/ha8/386019903307806.jpg,https://www.costco.com.tw/c/hot-buys?q=:relevance
2026-09-01,保健美容,Ozi Choice A2牛奶鈣片咀嚼錠 288錠,$629,$779,$150,商品已折價 $150 含運,https://www.costco.com.tw/Health-Beauty/Supplements/Kids-Health/Ozi-Choice-A2-Australian-Milky-Bites-Vanilla-288-Tablet/p/505050,https://www.costco.com.tw/medias/sys_master/images/h5f/h28/298414611955742.jpg,https://www.costco.com.tw/c/hot-buys?q=:relevance
2026-09-01,家具家居,Brita Flow 桌上型濾水箱 8.2公升 附6入 Maxtra Pro 濾芯,"$1,645","$2,059",$414,商品已折價$414 含運,https://www.costco.com.tw/Furniture-Kitchen/Kitchen-Dining/Water-Filtration/Brita-Flow-Tabletop-82-L-with-Maxtra-Pro-Filters-X-6-Count/p/146057,https://www.costco.com.tw/medias/sys_master/images/h3c/h86/245391134031902.jpg,https://www.costco.com.tw/c/hot-buys?q=:relevance
2026-09-01,其他,3M 平單式雙人保潔墊 3件組 150公分 X 186公分 X 32公分,"$1,295","$1,679",$384,商品已折價$384 含運,https://www.costco.com.tw/Bedding/p/107147,https://www.costco.com.tw/medias/sys_master/images/h7f/hb0/175686347653150.jpg,https://www.costco.com.tw/c/hot-buys?q=:relevance
2026-09-01,家電 3C,SHOKZ OpenSwim Pro S710 水陸兩用專業藍牙運動耳機 頁岩灰,"$3,729","$4,669",$940,商品已折價$940 含運,https://www.costco.com.tw/Digital-Mobile/Wearables-Audio/Headphones-Audio-Devices/SHOKZ-OpenSwim-Pro-S710-Waterproof-and-Land-Compatible-Bluetooth-Sport-Headphones-Grey/p/150874,https://www.costco.com.tw/medias/sys_master/images/hef/hd0/312616231993374.jpg,https://www.costco.com.tw/c/hot-buys?q=:relevance
2026-09-01,家具家居,Revel 涼感記憶枕 45公分 X 71公分,$669,$839,$170,商品已折價$170 含運,https://www.costco.com.tw/Furniture-Kitchen/Bedding/Pillows-Comforters-Blankets/Revel-Cooling-Gel-Memory-Foam-Pillow-45-cm-X-71-cm/p/4957635,https://www.costco.com.tw/medias/sys_master/images/h42/h00/450418273484830.jpg,https://www.costco.com.tw/c/hot-buys?q=:relevance
2026-09-01,家具家居,3M 平單式雙人加大保潔墊 3件組 180公分 X 186公分 X 35公分,"$1,445","$1,829",$384,商品已折價$384 含運；商品已折價 $384；2026/07/20-08/02期間購買指定家具，買1件享85折，買2件享8折優惠。,https://www.costco.com.tw/Furniture-Kitchen/Bedding/Mattress-Toppers/3M-Protective-Pad-Bed-Cover-3-Piece-180-cm-X-186-cm-X-35-cm/p/107148,https://www.costco.com.tw/medias/sys_master/images/h9f/hc0/175686347718686.jpg,https://www.costco.com.tw/c/hot-buys?q=:relevance
2026-09-01,家電 3C,惠而浦 198公升臥式冷凍櫃 WCFZ2000W,"$7,199","$8,999","$1,800","商品已折價$1,800 含運；商品已折價 $1,800；2026/07/20-08/02期間購買指定家具，買1件享85折，買2件享8折優惠。",https://www.costco.com.tw/Televisions-Appliances/Large-Appliances/Fridges-Freezers/Overall-Capacity-100-200-L/Whirlpool-198-L-Chest-Freezer-WCFZ2000W/p/135448,https://www.costco.com.tw/medias/sys_master/images/h7c/he9/103644746842142.jpg,https://www.costco.com.tw/c/hot-buys?q=:relevance
2026-09-01,其他,樂歌 人體工學智慧電動升降桌 原木桌面 ET200-C,"$6,399","$7,999","$1,600","商品已折價$1,600 含運",https://www.costco.com.tw/p/154977,https://www.costco.com.tw/medias/sys_master/images/h8e/h10/366793429254174.jpg,https://www.costco.com.tw/c/hot-buys?q=:relevance
2026-09-01,服飾配件,SWISS MILITARY 24吋行李箱,"$2,399","$2,999",$600,商品已折價$600 含運,https://www.costco.com.tw/Clothing-Accessories/p/615812,https://www.costco.com.tw/medias/sys_master/images/h32/he6/188147733987358.jpg,https://www.costco.com.tw/c/hot-buys?q=:relevance
2026-09-01,服飾配件,Cole Haan 男短襪十入組,$439,$549,$110,商品已折價$110 含運,https://www.costco.com.tw/Clothing-Accessories/p/926341,https://www.costco.com.tw/medias/sys_master/images/hbe/h6e/471216592781342.jpg,https://www.costco.com.tw/c/hot-buys?q=:relevance
2026-09-01,日用品／母嬰／玩具,鱷魚 水性液體電蚊香 X6入 + 智能定時電蚊香器 X2入,$559,$699,$140,商品已折價$140 含運,https://www.costco.com.tw/Household-Baby-Toys/Household-Essentials/Pest-Control-Air-Care/-X6-X2/p/160721,https://www.costco.com.tw/medias/sys_master/images/h2f/h2f/454001846386718.jpg,https://www.costco.com.tw/c/hot-buys?q=:relevance
2026-09-01,其他,科克蘭 高爾夫鐵桿七件組,"$14,998","$18,999","$4,001","商品已折價$4,001 含運",https://www.costco.com.tw/Sports-Lifestyle/Sports-Fitness/Team-Sports/Kirkland-Signature-Players-Iron-Set/p/1740556,https://www.costco.com.tw/medias/sys_master/images/h6f/h11/256217804144670.jpg,https://www.costco.com.tw/c/hot-buys?q=:relevance
2026-09-01,食品飲料,Nu-Pure 泉水 250毫升 X 40瓶,$275,$315,$40,商品已折價$40 含運,https://www.costco.com.tw/Food-Dining/Drinks/Water-Sparkling-Water/Nu-Pure-Spring-Water-250-ml-X-40-Count/p/1498699,https://www.costco.com.tw/medias/sys_master/images/he5/h63/369280608927774.jpg,https://www.costco.com.tw/c/hot-buys?q=:relevance
2026-09-01,食品飲料,義美 厚絲絨奶茶 250毫升 X 24入,$264,$319,$55,商品已折價$55 含運,https://www.costco.com.tw/Food-Dining/Drinks/Tea/I-Mei-Milk-Tea-250-ml-X-24-Count/p/133087,https://www.costco.com.tw/medias/sys_master/images/h78/h3f/68834662809630.jpg,https://www.costco.com.tw/c/hot-buys?q=:relevance
2026-09-01,食品飲料,味滋康 雞昆布鰹魚高湯 1.8公升,$309,$399,$90,商品已折價$90 含運,https://www.costco.com.tw/Food-Dining/Groceries/Cooking-Oil-Sauces/Mizkan-Chicken-Stock-with-Kelp-and-Bonito-18-L/p/132561,https://www.costco.com.tw/medias/sys_master/images/h0c/hf5/67984469950494.jpg,https://www.costco.com.tw/c/hot-buys?q=:relevance
2026-09-01,食品飲料,好麗友 預感香烤洋芋片 洋蔥口味 64公克 X 12盒,$399,$489,$90,商品已折價$90 含運,https://www.costco.com.tw/Food-Dining/Snacks/Cookies-Chips/Orion-Baked-Potato-Chips-Onion-Flavor-64-g-X-12-Pack/p/333285,https://www.costco.com.tw/medias/sys_master/images/ha1/hd5/365715016974366.jpg,https://www.costco.com.tw/c/hot-buys?q=:relevance
2026-09-01,食品飲料,Richy 瑞奇 富裕蔬菜餅 960公克,$269,$329,$60,商品已折價$60 含運,https://www.costco.com.tw/Food-Dining/Snacks/Cookies-Chips/Richy-Kenju-Vegetable-Thin-Cracker-960-g/p/151283,https://www.costco.com.tw/medias/sys_master/images/h28/h32/344500441415710.jpg,https://www.costco.com.tw/c/hot-buys?q=:relevance
2026-09-01,食品飲料,千成堂 咖哩脆皮腰果 208公克,$235,$289,$54,商品已折價$54 含運,https://www.costco.com.tw/Food-Dining/Snacks/Nuts-Jerky/Sennarido-Curry-Cashew-208-g/p/154990,https://www.costco.com.tw/medias/sys_master/images/h5c/h66/396189709303838.jpg,https://www.costco.com.tw/c/hot-buys?q=:relevance
2026-09-01,食品飲料,興麥烘焙王國 牛奶醬菠蘿泡芙 576公克,$299,$369,$70,商品已折價$70 含運,https://www.costco.com.tw/Food-Dining/Snacks/Cookies-Chips/Ximai-Milk-Crumble-Skin-Puff-576-g/p/149528,https://www.costco.com.tw/medias/sys_master/images/hdb/h68/402145146437662.jpg,https://www.costco.com.tw/c/hot-buys?q=:relevance
2026-09-01,食品飲料,米森 醇黑可可一口酥 20公克 X 21包 X 2盒,$679,$849,$170,商品已折價$170 含運,https://www.costco.com.tw/Food-Dining/Snacks/Cookies-Chips/Vilson-Dark-Chocolate-Mini-Crackers-20-g-X-21-Pack-X-2-Case/p/960667,https://www.costco.com.tw/medias/sys_master/images/hd8/hf8/399197074554910.jpg,https://www.costco.com.tw/c/hot-buys?q=:relevance
2026-09-01,食品飲料,西雅圖 冰拿鐵 濃焦糖風味 30公克 X 40入,$379,$469,$90,商品已折價$90 含運,https://www.costco.com.tw/Food-Dining/Drinks/Coffee/Barista-Iced-Latte-Caramel-Flavor-30-g-X-40-Pack/p/146963,https://www.costco.com.tw/medias/sys_master/images/h9d/ha0/258345332637726.jpg,https://www.costco.com.tw/c/hot-buys?q=:relevance
2026-09-01,其他,大成 台灣冷凍雞清胸肉 2.7公斤 X 5入,"$2,349","$2,679",$330,商品已折價$330 含運,https://www.costco.com.tw/Business-Delivery/Food-Beverages-Pet-Supplies/Frozen-Food/Dachan-Taiwan-Frozen-Chicken-Breast-27-kg-X-5-Count/p/119169,https://www.costco.com.tw/medias/sys_master/images/hca/he5/168536086675486.jpg,https://www.costco.com.tw/c/hot-buys?q=:relevance
2026-09-01,食品飲料,味好美 大蒜黑胡椒調味料 620公克,$289,$399,$110,商品已折價$110 含運,https://www.costco.com.tw/Food-Dining/Groceries/Cooking-Oil-Sauces/McCormick-Garlic-Pepper-Seasoning-620-g/p/150605,https://www.costco.com.tw/medias/sys_master/images/h2d/h75/332442430832670.jpg,https://www.costco.com.tw/c/hot-buys?q=:relevance
2026-09-01,保健美容,舒特膚B5極致舒敏沐浴乳 1000毫升,$379,$479,$100,商品已折價$100 含運,https://www.costco.com.tw/Health-Beauty/Personal-Care/Bath-Body/Cetaphil-Ultra-Gentle-Body-Wash-1000-ml/p/125935,https://www.costco.com.tw/medias/sys_master/images/h31/h52/121040052879390.jpg,https://www.costco.com.tw/c/hot-buys?q=:relevance
2026-09-01,食品飲料,雀巢 西西里風檸檬咖啡 15公克 X 40入,$369,$469,$100,商品已折價$100 含運,https://www.costco.com.tw/Food-Dining/Drinks/Coffee/Nescafe-Sicily-Coffee-15-g-X-40-Pack/p/150636,https://www.costco.com.tw/medias/sys_master/images/hb6/he6/414650589544478.jpg,https://www.costco.com.tw/c/hot-buys?q=:relevance
2026-09-01,食品飲料,奧利奧 迷你奧利奧巧克力夾心餅乾香草口味 20.4公克 X 60入,$394,$519,,需一次購買活動組數才可享受此優惠 含運,https://www.costco.com.tw/Food-Dining/Snacks/Cookies-Chips/OREO-Mini-Chocolate-Sandwich-Cookies-with-Vanilla-flavored-Cream-204-g-X-60-Count/p/426451,https://www.costco.com.tw/medias/sys_master/images/h81/h17/351316711931934.jpg,https://www.costco.com.tw/c/hot-buys?q=:relevance
2026-09-01,服飾配件,Glacier 男平織運動短褲,$399,$499,$100,商品已折價$100 含運,https://www.costco.com.tw/Clothing-Accessories/p/146216,https://www.costco.com.tw/medias/sys_master/images/h48/h38/328848002154526.jpg,https://www.costco.com.tw/c/hot-buys?q=:relevance
2026-09-01,食品飲料,親愛的白咖啡 三合一 30公克 X 80入,$529,$659,$130,商品已折價$130 含運,https://www.costco.com.tw/Food-Dining/Drinks/Coffee/Darling-3-in-1-Coffee-30-g-X-80-Count/p/174199,https://www.costco.com.tw/medias/sys_master/images/hb9/h06/167692461277214.jpg,https://www.costco.com.tw/c/hot-buys?q=:relevance
2026-09-01,食品飲料,奇多 香辣起司分享箱 460公克,$289,$359,$70,商品已折價$70 含運,https://www.costco.com.tw/Food-Dining/Snacks/Cookies-Chips/Cheetos-Flamin-Hot-Cheese-Flavored-Crunchy-460-g/p/228588,https://www.costco.com.tw/medias/sys_master/images/h3b/h7a/259146864230430.jpg,https://www.costco.com.tw/c/hot-buys?q=:relevance
2026-09-01,其他,Lifetime 四呎折疊桌 2入,"$1,799","$2,249",$450,商品已折價$450 含運,https://www.costco.com.tw/Lawn-Garden/Patio-Furniture/Outdoor-Patio-Furniture/Lifetime-4-Foot-Adjustable-Height-Nesting-Table-2-Pack/p/1653371,https://www.costco.com.tw/medias/sys_master/images/h04/h61/308411254145054.jpg,https://www.costco.com.tw/c/hot-buys?q=:relevance
2026-09-01,服飾配件,Native 雷諾男休閒鞋,"$1,155","$1,455",$300,商品已折價$300 含運,https://www.costco.com.tw/Clothing-Accessories/p/160518,https://www.costco.com.tw/medias/sys_master/images/ha3/h63/489268224884766.jpg,https://www.costco.com.tw/c/hot-buys?q=:relevance
2026-09-01,日用品／母嬰／玩具,OzKleen 廚房清潔劑 清新橙香 750毫升 X 3入,$299,$369,$70,商品已折價$70 含運,https://www.costco.com.tw/Household-Baby-Toys/Household-Essentials/Cleaning-Supplies/Ozkleen-Kitchen-Power-Kitchen-Cleaner-Fresh-Orange-750-ml-X-3-Count/p/212384,https://www.costco.com.tw/medias/sys_master/images/had/he9/31388205645854.jpg,https://www.costco.com.tw/c/hot-buys?q=:relevance
2026-09-01,保健美容,正官庄 28D高麗蔘活力飲 100毫升 X 20瓶,$769,$969,$200,商品已折價 $200 含運,https://www.costco.com.tw/Health-Beauty/Supplements/Supplements-Digestive-Support/CKJ-Korean-Ginseng-Essence-100-ml-X-20-Bottle/p/86999,https://www.costco.com.tw/medias/sys_master/images/h90/h83/156752514383902.jpg,https://www.costco.com.tw/c/hot-buys?q=:relevance
2026-09-01,食品飲料,台畜肉鬆 1公斤,$315,$389,$74,商品已折價$74 含運,https://www.costco.com.tw/Food-Dining/Groceries/Baking-Dried-Goods/T-HAM-Fried-Pork-Floss-1-kg/p/1834,https://www.costco.com.tw/medias/sys_master/images/h7e/hce/32150066823198.jpg,https://www.costco.com.tw/c/hot-buys?q=:relevance
2026-09-01,服飾配件,New Balance 327 女復古慢跑鞋,"$1,399","$1,769",$370,商品已折價$370 含運,https://www.costco.com.tw/Clothing-Accessories/p/156467,https://www.costco.com.tw/medias/sys_master/images/hd9/h89/489268202471454.jpg,https://www.costco.com.tw/c/hot-buys?q=:relevance
2026-09-01,食品飲料,米森 有機黑芝麻餅 30公克 X 20包,$365,$449,$84,商品已折價$84 含運,https://www.costco.com.tw/Food-Dining/Snacks/Cookies-Chips/Vilson-Organic-Black-Sesame-Cracker-30-g-X-20-Pack/p/136724,https://www.costco.com.tw/medias/sys_master/images/h93/h47/118320178855966.jpg,https://www.costco.com.tw/c/hot-buys?q=:relevance
2026-09-01,其他,Vornado 渦流空氣循環扇 STRATA 8 OMNI-TW,"$2,199","$2,769",$570,商品已折價$570 含運,https://www.costco.com.tw/Cooling-Heating-Air-Treatment/Heating-Cooling/p/157119,https://www.costco.com.tw/medias/sys_master/images/hcb/h73/466198953852958.jpg,https://www.costco.com.tw/c/hot-buys?q=:relevance
2026-09-01,食品飲料,桂格 冰沖堅果脆麥片 奇亞籽酥片 & 堅果顆粒 31公克 X 50包,$379,$469,$90,商品已折價$90 含運,https://www.costco.com.tw/Food-Dining/Drinks/Powdered-Drink-Mix-Cereal-Oats/Quaker-Cold-Crunchy-Nut-Chia-Seeds-Cereal-31-g-X-50-Pack/p/140611,https://www.costco.com.tw/medias/sys_master/images/hf7/hba/154550946332702.jpg,https://www.costco.com.tw/c/hot-buys?q=:relevance
2026-09-01,食品飲料,三幸 杏仁起士米果 43.5公克 X 5包,$269,$329,$60,商品已折價$60 含運,https://www.costco.com.tw/Food-Dining/Snacks/Cookies-Chips/Sanko-Rice-Cracker-Cheese-Almond-435-g-X-5-Pack/p/353830,https://www.costco.com.tw/medias/sys_master/images/hcb/hda/400747769921566.jpg,https://www.costco.com.tw/c/hot-buys?q=:relevance
2026-09-01,服飾配件,Nike 女圓領短袖上衣,"$1,159",,,,https://www.costco.com.tw/Clothing-Accessories/p/1846414,https://www.costco.com.tw/medias/sys_master/images/hd7/h5f/484307072942110.jpg,https://www.costco.com.tw/c/hot-buys?q=:relevance
2026-09-01,家具家居,True Innovations 辦公椅,"$2,299","$2,899",$600,商品已折價$600 含運,https://www.costco.com.tw/Furniture-Kitchen/Furniture/Computer-Desk-Chair-Sets/True-Innovations-Office-Chair/p/1987669,https://www.costco.com.tw/medias/sys_master/images/h6b/h76/488919000842270.jpg,https://www.costco.com.tw/c/hot-buys?q=:relevance
2026-09-01,家具家居,Don Home 萊賽爾沁涼被 150公分 X 200公分 四季,$875,"$1,099",$224,商品已折價$224 含運,https://www.costco.com.tw/Furniture-Kitchen/Bedding/Pillows-Comforters-Blankets/Don-Home-Lyocell-Cooling-Quilt-150-cm-X-200-cm-Four-Seasons/p/158958,https://www.costco.com.tw/medias/sys_master/images/hdc/hff/450418090639390.jpg,https://www.costco.com.tw/c/hot-buys?q=:relevance
2026-09-01,食品飲料,源鮮智慧農場 綜合萵苣盒 200公克 X 4入,$619,$779,$160,商品已折價$160 含運,https://www.costco.com.tw/Food-Dining/Frozen-Fresh-Food/Chilled-Fresh-Food/YesHealth-iFarm-Mixed-Lettuce-Box-200-g-X-4-Count/p/960217,https://www.costco.com.tw/medias/sys_master/images/hbf/hfc/99943243055134.jpg,https://www.costco.com.tw/c/hot-buys?q=:relevance
2026-09-01,服飾配件,Roots 後背包,$749,$949,$200,商品已折價$200 含運,https://www.costco.com.tw/Clothing-Accessories/p/160670,https://www.costco.com.tw/medias/sys_master/images/hba/h4f/488918680109086.jpg,https://www.costco.com.tw/c/hot-buys?q=:relevance
2026-09-01,其他,旅行記憶頸枕 24公分 X 23公分 X 12公分,$269,$339,$70,商品已折價$70 含運,https://www.costco.com.tw/Bedding/p/665028,https://www.costco.com.tw/medias/sys_master/images/he8/hde/467458997616670.jpg,https://www.costco.com.tw/c/hot-buys?q=:relevance
2026-09-01,食品飲料,克寧 銀養高鈣全效奶粉 呵護配方 1.9公斤,$655,$815,$160,商品已折價$160 含運,https://www.costco.com.tw/Food-Dining/Drinks/Powdered-Drink-Mix-Cereal-Oats/KLIM-Senior-Milk-Powder-Multicare-19-kg/p/224757,https://www.costco.com.tw/medias/sys_master/images/h06/hba/434798989213726.jpg,https://www.costco.com.tw/c/hot-buys?q=:relevance
2026-09-01,其他,Backbone Nook desk 兒童成長調節桌 奶油色,"$1,899","$2,399",$500,商品已折價$500 含運,https://www.costco.com.tw/p/152653,https://www.costco.com.tw/medias/sys_master/images/h32/h68/364686848196638.jpg,https://www.costco.com.tw/c/hot-buys?q=:relevance
2026-09-01,食品飲料,味滋康柑橘醋醬汁 1公升,$145,$185,,需一次購買活動組數才可享受此優惠 含運,https://www.costco.com.tw/Food-Dining/Groceries/Cooking-Oil-Sauces/Mizkan-Ajipon-Citrus-Seasoned-Soy-Sauce-1-L/p/126820,https://www.costco.com.tw/medias/sys_master/images/h2d/h99/67984461299742.jpg,https://www.costco.com.tw/c/hot-buys?q=:relevance
2026-09-01,服飾配件,Teva 男戶外機能涼鞋,"$1,149","$1,449",$300,商品已折價$300 含運,https://www.costco.com.tw/Clothing-Accessories/p/157325,https://www.costco.com.tw/medias/sys_master/images/he2/h24/485340754739230.jpg,https://www.costco.com.tw/c/hot-buys?q=:relevance
2026-09-01,其他,Anda Seat 皮革電競椅 黑,"$5,199","$6,599","$1,400","商品已折價$1,400 含運",https://www.costco.com.tw/p/151431,https://www.costco.com.tw/medias/sys_master/images/h32/hd5/344500466122782.jpg,https://www.costco.com.tw/c/hot-buys?q=:relevance
2026-09-01,食品飲料,麥提莎 麥芽脆心牛奶巧克力分享包 528公克,$399,$499,$100,商品已折價$100 含運,https://www.costco.com.tw/Food-Dining/Snacks/Candies-Chocolates/MALTESERS-Milk-Chocolate-Bag-528-g/p/137722,https://www.costco.com.tw/medias/sys_master/images/h39/h48/263832345378846.jpg,https://www.costco.com.tw/c/hot-buys?q=:relevance
2026-09-01,其他,Thermatec 涼感被 180公分 X 210公分,$749,$945,$196,商品已折價$196 含運,https://www.costco.com.tw/Bedding/p/159001,https://www.costco.com.tw/medias/sys_master/images/h1c/h92/467794274123806.jpg,https://www.costco.com.tw/c/hot-buys?q=:relevance
2026-09-01,服飾配件,Berkemann Allexis 女休閒運動鞋,"$3,759","$5,059","$1,300","商品已折價$1,300 含運",https://www.costco.com.tw/Clothing-Accessories/p/1846415,https://www.costco.com.tw/medias/sys_master/images/h0a/h48/468935674658846.jpg,https://www.costco.com.tw/c/hot-buys?q=:relevance
2026-09-01,服飾配件,超人力霸王 兒童短袖上衣,$279,$349,$70,商品已折價$70 含運,https://www.costco.com.tw/Clothing-Accessories/p/160703,https://www.costco.com.tw/medias/sys_master/images/h34/h05/484306922569758.jpg,https://www.costco.com.tw/c/hot-buys?q=:relevance
2026-09-01,家具家居,Don Home 萊賽爾沁涼被 150公分 X 200公分 微光,$875,"$1,099",$224,商品已折價$224 含運,https://www.costco.com.tw/Furniture-Kitchen/Bedding/Pillows-Comforters-Blankets/Don-Home-Lyocell-Cooling-Quilt-150-cm-X-200-cm-Shimmer/p/158960,https://www.costco.com.tw/medias/sys_master/images/h44/h4e/450418095423518.jpg,https://www.costco.com.tw/c/hot-buys?q=:relevance
2026-09-01,家具家居,Don Home 萊賽爾沁涼被 150公分 X 200公分 協奏,$875,"$1,099",$224,商品已折價$224 含運,https://www.costco.com.tw/Furniture-Kitchen/Bedding/Pillows-Comforters-Blankets/Don-Home-Lyocell-Cooling-Quilt-150-cm-X-200-cm-Concerto/p/158961,https://www.costco.com.tw/medias/sys_master/images/h4a/h57/450418099683358.jpg,https://www.costco.com.tw/c/hot-buys?q=:relevance
2026-09-01,服飾配件,Teva 女戶外機能涼鞋,"$1,149","$1,449",$300,商品已折價$300 含運,https://www.costco.com.tw/Clothing-Accessories/p/157326,https://www.costco.com.tw/medias/sys_master/images/h10/h25/485750833971230.jpg,https://www.costco.com.tw/c/hot-buys?q=:relevance
2026-09-01,保健美容,牛乳石鹼 自然派洗顏皂 (綠茶) 80公克 X 4入,$469,$589,$120,商品已折價$120 含運,https://www.costco.com.tw/Health-Beauty/Personal-Care/Bath-Body/Cow-Brand-Facial-Soap-Green-Tea-80-g-X-4-Pack/p/145242,https://www.costco.com.tw/medias/sys_master/images/hfd/h37/327562331947038.jpg,https://www.costco.com.tw/c/hot-buys?q=:relevance
2026-09-01,其他,Don Home 萊賽爾沁涼被 150公分 X 200公分 同頻,$875,"$1,099",$224,商品已折價$224 含運,https://www.costco.com.tw/Bedding/p/158959,https://www.costco.com.tw/medias/sys_master/images/h3b/h27/450418091032606.jpg,https://www.costco.com.tw/c/hot-buys?q=:relevance
2026-09-01,家電 3C,飛利浦 55吋 4K Google TV 顯示器 55PUH7630/96,"$10,958","$13,699","$2,741","商品已折價$2,741 含運",https://www.costco.com.tw/Televisions-Appliances/TV-Home-Entertainment/Televisions-TV-Accessories/50-59-TVs/Philips-55-inch-4K-Google-TV-Monitor-55PUH763096/p/153519,https://www.costco.com.tw/medias/sys_master/images/h4a/ha3/438072169037854.jpg,https://www.costco.com.tw/c/hot-buys?q=:relevance
2026-09-01,其他,百靈 5系列電鬍刀 5010S,"$3,039","$3,779",$740,商品已折價$740 含運,https://www.costco.com.tw/Hair-Skin-Care-Tools/p/151116,https://www.costco.com.tw/medias/sys_master/images/h14/hbd/332150606233630.jpg,https://www.costco.com.tw/c/hot-buys?q=:relevance
2026-09-01,服飾配件,Camper 男皮革休閒鞋,"$1,299",,,,https://www.costco.com.tw/Clothing-Accessories/p/1846399,https://www.costco.com.tw/medias/sys_master/images/h64/h40/485751259430942.jpg,https://www.costco.com.tw/c/hot-buys?q=:relevance
2026-09-01,食品飲料,鬼金棒 辣麻味噌拉麵 138公克 X 10入,$505,$625,$120,商品已折價$120 含運,https://www.costco.com.tw/Food-Dining/Groceries/Rice-Noodles/KIKANBO-Spicy-Miso-Ramen-138-g-X-10-Pack/p/158083,https://www.costco.com.tw/medias/sys_master/images/h22/hb5/415043989471262.jpg,https://www.costco.com.tw/c/hot-buys?q=:relevance
2026-09-01,其他,Ello 不鏽鋼保冷保溫瓶 946毫升 X 2件組,$519,$659,$140,商品已折價$140 含運,https://www.costco.com.tw/p/153155,https://www.costco.com.tw/medias/sys_master/images/hc7/hf1/366001869455390.jpg,https://www.costco.com.tw/c/hot-buys?q=:relevance
2026-09-01,服飾配件,Tommy Hilfiger 女踝襪 5入組,$469,$589,$120,商品已折價$120 含運,https://www.costco.com.tw/Clothing-Accessories/p/157487,https://www.costco.com.tw/medias/sys_master/images/h24/h90/454769474109470.jpg,https://www.costco.com.tw/c/hot-buys?q=:relevance
2026-09-01,其他,Anda Seat 布面電競椅 黑,"$5,199","$6,599","$1,400","商品已折價$1,400 含運",https://www.costco.com.tw/p/151432,https://www.costco.com.tw/medias/sys_master/images/h23/h95/344500474445854.jpg,https://www.costco.com.tw/c/hot-buys?q=:relevance
2026-09-01,其他,Riviera Home 浴室地墊 2入 40公分 X 60公分,$439,$549,$110,商品已折價$110 含運,https://www.costco.com.tw/Bedding/p/1909188,https://www.costco.com.tw/medias/sys_master/images/had/hda/451293673750558.jpg,https://www.costco.com.tw/c/hot-buys?q=:relevance
2026-09-01,服飾配件,Polo Ralph Lauren 男短袖Polo衫,"$2,949",,,,https://www.costco.com.tw/Clothing-Accessories/p/1846551,https://www.costco.com.tw/medias/sys_master/images/h27/ha7/484307084345374.jpg,https://www.costco.com.tw/c/hot-buys?q=:relevance
2026-09-01,食品飲料,冷凍龍虎石斑下巴 3公斤,$979,"$1,129",$150,商品已折價$150 含運,https://www.costco.com.tw/Food-Dining/Frozen-Fresh-Food/Frozen-Seafood-Meat/Frozen-Tiger-Grouper-Jaw-3Kg/p/486793,https://www.costco.com.tw/medias/sys_master/images/ha4/hcd/61645677527070.jpg,https://www.costco.com.tw/c/hot-buys?q=:relevance
2026-09-01,服飾配件,Puma 男復古休閒鞋,"$1,149","$1,449",$300,商品已折價$300 含運,https://www.costco.com.tw/Clothing-Accessories/p/156471,https://www.costco.com.tw/medias/sys_master/images/h8f/h41/487710999347230.jpg,https://www.costco.com.tw/c/hot-buys?q=:relevance
2026-09-01,其他,Anda Seat 布面電競椅 灰,"$5,199","$6,599","$1,400","商品已折價$1,400 含運",https://www.costco.com.tw/p/151433,https://www.costco.com.tw/medias/sys_master/images/h62/h65/344500471300126.jpg,https://www.costco.com.tw/c/hot-buys?q=:relevance
2026-09-01,保健美容,刷樂 全效護理漱口水攜帶包 12毫升 X 90入,$439,$549,,需一次購買活動組數才可享受此優惠 含運,https://www.costco.com.tw/Health-Beauty/Personal-Care/Oral-Care/Shallop-Pro-Care-Mouthwash-12-ml-X-90-Pack/p/157254,https://www.costco.com.tw/medias/sys_master/images/hef/hc4/402145281966110.jpg,https://www.costco.com.tw/c/hot-buys?q=:relevance
2026-09-01,服飾配件,Jeep 男短袖Polo衫,$519,$649,$130,商品已折價$130 含運,https://www.costco.com.tw/Clothing-Accessories/p/147310,https://www.costco.com.tw/medias/sys_master/images/h30/hb8/366248877883422.jpg,https://www.costco.com.tw/c/hot-buys?q=:relevance
2026-09-01,服飾配件,Champion 男短袖上衣,$459,$569,$110,商品已折價$110 含運,https://www.costco.com.tw/Clothing-Accessories/p/148105,https://www.costco.com.tw/medias/sys_master/images/he3/h15/362186405150750.jpg,https://www.costco.com.tw/c/hot-buys?q=:relevance
2026-09-01,家電 3C,TCL 65吋 C8L 頂級 SQD-Mini LED 量子智能連網液晶顯示器 不含視訊盒 65C8L,"$39,999","$49,999","$10,000","商品已折價$10,000 含運",https://www.costco.com.tw/Televisions-Appliances/TV-Home-Entertainment/Televisions-TV-Accessories/60-69-TVs/TCL-65-inch-C8L-Premium-SQD-Mini-LED-Smart-Monitor-without-Tuner-Box-65C8L/p/161707,https://www.costco.com.tw/medias/sys_master/images/hfb/h71/490097883185182.jpg,https://www.costco.com.tw/c/hot-buys?q=:relevance
2026-09-01,食品飲料,A5 日本冷凍和牛肩胛火鍋片 200公克,$549,$629,$80,商品已折價$80 含運,https://www.costco.com.tw/Food-Dining/Frozen-Fresh-Food/Frozen-Seafood-Meat/p/158783,https://www.costco.com.tw/medias/sys_master/images/haa/h1d/418236569518110.jpg,https://www.costco.com.tw/c/hot-buys?q=:relevance
2026-09-01,其他,Multy Home 門前腳踏墊,$419,$519,$100,商品已折價$100 含運,https://www.costco.com.tw/Bedding/p/1510146,https://www.costco.com.tw/medias/sys_master/images/ha4/hec/483939905306654.jpg,https://www.costco.com.tw/c/hot-buys?q=:relevance
2026-09-01,家電 3C,Sony PlayStation Portal 遙控遊玩機 + PULSE Explore 無線耳塞式耳機 白,"$11,999","$13,399","$1,400","商品已折價$1,400 含運",https://www.costco.com.tw/Digital-Mobile/Wearables-Audio/p/150376,https://www.costco.com.tw/medias/sys_master/images/hb6/h12/315743918751774.jpg,https://www.costco.com.tw/c/hot-buys?q=:relevance
2026-09-01,服飾配件,Nepa 女休閒短褲,$679,$849,$170,商品已折價$170 含運,https://www.costco.com.tw/Clothing-Accessories/p/1956391,https://www.costco.com.tw/medias/sys_master/images/h86/h63/466558838046750.jpg,https://www.costco.com.tw/c/hot-buys?q=:relevance
2026-09-01,其他,歐司朗 晶朗20W 4呎 LED支架燈 8入,"$1,469","$1,849",$380,商品已折價$380 含運,https://www.costco.com.tw/p/162046-B,https://www.costco.com.tw/medias/sys_master/images/h49/hc4/484307062816798.jpg,https://www.costco.com.tw/c/hot-buys?q=:relevance
2026-09-01,食品飲料,AQUAGEN 奢華果香三部曲 沁樣氣泡飲組 330毫升 X 9瓶,$399,$489,$90,商品已折價$90 含運,https://www.costco.com.tw/Food-Dining/Drinks/Beverages-Juice/p/158555,https://www.costco.com.tw/medias/sys_master/images/h25/h97/438875972567070.jpg,https://www.costco.com.tw/c/hot-buys?q=:relevance
2026-09-01,服飾配件,United Colors of Benetton 男卡其長褲,$679,$849,$170,商品已折價$170 含運,https://www.costco.com.tw/Clothing-Accessories/p/152215,https://www.costco.com.tw/medias/sys_master/images/h28/h9f/472591330508830.jpg,https://www.costco.com.tw/c/hot-buys?q=:relevance
2026-09-01,服飾配件,Brush Finch 女短袖毛衣,$679,$849,$170,商品已折價$170 含運,https://www.costco.com.tw/Clothing-Accessories/p/2010488,https://www.costco.com.tw/medias/sys_master/images/he4/h72/483940833755166.jpg,https://www.costco.com.tw/c/hot-buys?q=:relevance
2026-09-01,服飾配件,Steve Madden 女針織拖鞋,$679,$859,$180,商品已折價$180 含運,https://www.costco.com.tw/Clothing-Accessories/p/1953732,https://www.costco.com.tw/medias/sys_master/images/h3f/h6f/488918996779038.jpg,https://www.costco.com.tw/c/hot-buys?q=:relevance
2026-09-01,其他,WildLand 速開帳篷,"$1,099","$1,699",$600,商品已折價$600 含運,https://www.costco.com.tw/p/1872089,https://www.costco.com.tw/medias/sys_master/images/h1b/h9e/455116857606174.jpg,https://www.costco.com.tw/c/hot-buys?q=:relevance
2026-09-01,家電 3C,JBL Clip 5 超可攜式防水藍牙喇叭,"$1,659","$2,079",$420,商品已折價$420 含運,https://www.costco.com.tw/Digital-Mobile/Wearables-Audio/p/151419,https://www.costco.com.tw/medias/sys_master/images/h89/h1e/344500443578398.jpg,https://www.costco.com.tw/c/hot-buys?q=:relevance
2026-09-01,服飾配件,Timberland 男工裝口袋長褲,$989,"$1,239",$250,商品已折價$250 含運,https://www.costco.com.tw/Clothing-Accessories/p/117881,https://www.costco.com.tw/medias/sys_master/images/hfe/hd9/471660175294494.jpg,https://www.costco.com.tw/c/hot-buys?q=:relevance
2026-09-01,其他,經典卡通涼感被附收納袋 150公分 X 180公分 史努比 星際領航員,"$1,029","$1,289",$260,商品已折價$260 含運,https://www.costco.com.tw/Bedding/p/749366,https://www.costco.com.tw/medias/sys_master/images/he5/hc8/466199242965022.jpg,https://www.costco.com.tw/c/hot-buys?q=:relevance
2026-09-01,其他,Torriden 5D微分子玻尿酸保濕凝霜組,"$1,039","$1,299",$260,商品已折價$260 含運,https://www.costco.com.tw/p/1966407,https://www.costco.com.tw/medias/sys_master/images/hfc/hd7/437687662149662.jpg,https://www.costco.com.tw/c/hot-buys?q=:relevance
2026-09-01,其他,INFINITY X1 500流明 充電式串燈 2入,$569,$769,$200,商品已折價$200 含運,https://www.costco.com.tw/p/1872149,https://www.costco.com.tw/medias/sys_master/images/h72/h4a/454001916543006.jpg,https://www.costco.com.tw/c/hot-buys?q=:relevance
2026-09-01,其他,Don Home 萊賽爾雙人兩用被套六件組 152公分 X 190公分 迪南,"$2,079","$2,599",$520,商品已折價$520 含運,https://www.costco.com.tw/Bedding/p/158941,https://www.costco.com.tw/medias/sys_master/images/h3e/hfb/454001588142110.jpg,https://www.costco.com.tw/c/hot-buys?q=:relevance
2026-09-01,食品飲料,A5 日本冷凍和牛肩小排燒烤片 200 公克,$629,$719,$90,商品已折價$90 含運,https://www.costco.com.tw/Food-Dining/Frozen-Fresh-Food/Frozen-Seafood-Meat/p/158727,https://www.costco.com.tw/medias/sys_master/images/hcf/hb6/418236564930590.jpg,https://www.costco.com.tw/c/hot-buys?q=:relevance
2026-09-01,保健美容,麗奇 亮彩護齦牙刷 10入組,$355,$445,$90,商品已折價$90 含運,https://www.costco.com.tw/Health-Beauty/Personal-Care/Oral-Care/REACH-Color-Burst-Toothbrush-10-Pack-Set/p/686388,https://www.costco.com.tw/medias/sys_master/images/h84/h26/436453834260510.jpg,https://www.costco.com.tw/c/hot-buys?q=:relevance
2026-09-01,其他,經典卡通涼感被附收納袋 150公分 X 180公分 布丁狗 X 大耳狗 一起做烘焙,"$1,029","$1,289",$260,商品已折價$260 含運,https://www.costco.com.tw/Bedding/p/649366,https://www.costco.com.tw/medias/sys_master/images/hd5/h6e/466199236476958.jpg,https://www.costco.com.tw/c/hot-buys?q=:relevance
2026-09-01,服飾配件,Nautica 男長袖襯衫,$599,$749,$150,商品已折價$150 含運,https://www.costco.com.tw/Clothing-Accessories/p/1970225,https://www.costco.com.tw/medias/sys_master/images/hca/h60/471660428787742.jpg,https://www.costco.com.tw/c/hot-buys?q=:relevance
2026-09-01,其他,Blackstone 36吋鐵板烤肉爐 附上蓋及折疊側架,"$10,399","$12,999","$2,600","商品已折價$2,600 含運",https://www.costco.com.tw/p/1934226,https://www.costco.com.tw/medias/sys_master/images/h0a/h07/502266482130974.jpg,https://www.costco.com.tw/c/hot-buys?q=:relevance
2026-09-01,其他,Don Home 萊賽爾雙人加大兩用被套六件組 182公分 X 190公分 羅森,"$2,339","$2,925",$586,商品已折價$586 含運,https://www.costco.com.tw/Bedding/p/158954,https://www.costco.com.tw/medias/sys_master/images/h01/h31/451293294526494.jpg,https://www.costco.com.tw/c/hot-buys?q=:relevance
2026-09-01,其他,Don Home 萊賽爾雙人加大兩用被套六件組 182公分 X 190公分 夏果,"$2,339","$2,925",$586,商品已折價$586 含運,https://www.costco.com.tw/Bedding/p/158953,https://www.costco.com.tw/medias/sys_master/images/h88/hab/451293293445150.jpg,https://www.costco.com.tw/c/hot-buys?q=:relevance
2026-09-01,家電 3C,艾美特 12吋 AC桌扇 FD30247,$979,"$1,229",$250,商品已折價$250 含運,https://www.costco.com.tw/Televisions-Appliances/Cooling-Heating-Air-Treatment/Heating-Cooling/Airmate-12-inch-AC-Table-Fan-FD30247/p/149658,https://www.costco.com.tw/medias/sys_master/images/hb5/h44/333377658519582.jpg,https://www.costco.com.tw/c/hot-buys?q=:relevance
2026-09-01,家電 3C,Soundcore Liberty 4 主動降噪真無線藍牙耳機,"$2,049","$2,569",$520,商品已折價$520 含運,https://www.costco.com.tw/Digital-Mobile/Wearables-Audio/p/146926,https://www.costco.com.tw/medias/sys_master/images/ha4/h78/329850355318814.jpg,https://www.costco.com.tw/c/hot-buys?q=:relevance
2026-09-01,服飾配件,Advent 女牛仔裙,$549,$699,$150,商品已折價$150 含運,https://www.costco.com.tw/Clothing-Accessories/p/8518035,https://www.costco.com.tw/medias/sys_master/images/h4f/hd9/487711290982430.jpg,https://www.costco.com.tw/c/hot-buys?q=:relevance
2026-09-01,家具家居,經典卡通涼感被附收納袋 150公分 X 180公分 吉伊卡哇 星夜款,"$1,029","$1,289",$260,商品已折價$260 含運,https://www.costco.com.tw/Furniture-Kitchen/Bedding/Pillows-Comforters-Blankets/Licensed-Cooling-Quilt-with-Storage-Bag-150-cm-X-180-cm-Chiikawa/p/449366,https://www.costco.com.tw/medias/sys_master/images/hd3/hbc/471216562765854.jpg,https://www.costco.com.tw/c/hot-buys?q=:relevance
2026-09-01,其他,Henredon 布面弧形沙發 4件組,"$22,999","$28,999","$6,000","商品已折價$6,000 含運",https://www.costco.com.tw/p/1987571,https://www.costco.com.tw/medias/sys_master/images/h5d/h83/485340891840542.jpg,https://www.costco.com.tw/c/hot-buys?q=:relevance
2026-09-01,其他,Town & Country 長型抗汙地墊 50公分 X 99公分,$339,$425,$86,商品已折價$86 含運,https://www.costco.com.tw/Bedding/p/1909218,https://www.costco.com.tw/medias/sys_master/images/h84/h63/468935675576350.jpg,https://www.costco.com.tw/c/hot-buys?q=:relevance
2026-09-01,服飾配件,Berkemann Allegra 女休閒鞋,"$1,139",,,,https://www.costco.com.tw/Clothing-Accessories/p/1846422,https://www.costco.com.tw/medias/sys_master/images/h0c/hf6/488918753673246.jpg,https://www.costco.com.tw/c/hot-buys?q=:relevance
2026-09-01,家具家居,ARTIKA Ridley LED 吸頂燈,$849,"$1,099",$250,商品已折價$250 含運,https://www.costco.com.tw/Furniture-Kitchen/Hardware-DIY/Lighting-Light-Bulbs/ARTIKA-Ridley-LED-Flush-Mount-Light/p/1834442,https://www.costco.com.tw/medias/sys_master/images/h4b/h1a/437687427170334.jpg,https://www.costco.com.tw/c/hot-buys?q=:relevance
2026-09-01,其他,Don Home 萊賽爾雙人加大兩用被套六件組 182公分 X 190公分 索瓦,"$2,339","$2,925",$586,商品已折價$586 含運,https://www.costco.com.tw/Bedding/p/158952,https://www.costco.com.tw/medias/sys_master/images/hbb/hae/451293287415838.jpg,https://www.costco.com.tw/c/hot-buys?q=:relevance
2026-09-01,其他,Don Home 萊賽爾雙人兩用被套六件組 152公分 X 190公分 奇遇,"$2,079","$2,599",$520,商品已折價$520 含運,https://www.costco.com.tw/Bedding/p/158942,https://www.costco.com.tw/medias/sys_master/images/h2f/h61/454001589846046.jpg,https://www.costco.com.tw/c/hot-buys?q=:relevance
2026-09-01,其他,Don Home 萊賽爾雙人兩用被套六件組 152公分 X 190公分 靜水,"$2,079","$2,599",$520,商品已折價$520 含運,https://www.costco.com.tw/Bedding/p/158940,https://www.costco.com.tw/medias/sys_master/images/h67/h20/454001582637086.jpg,https://www.costco.com.tw/c/hot-buys?q=:relevance
2026-09-01,保健美容,潘婷 白茶牡丹香氛洗護組 洗髮露 440公克 + 護髮素 440公克,$525,$659,$134,商品已折價$134 含運,https://www.costco.com.tw/Health-Beauty/Personal-Care/Shampoo-Conditioner/Pantene-White-Tea-Peony-Fine-Fragrance-Set-Shampoo-440-g-Conditioner-440-g/p/158905,https://www.costco.com.tw/medias/sys_master/images/hd1/h15/452308888223774.jpg,https://www.costco.com.tw/c/hot-buys?q=:relevance
2026-09-01,其他,Siroca DC 直流大風量循環塔扇 SF-T1710,"$2,399","$2,999",$600,商品已折價$600 含運,https://www.costco.com.tw/Cooling-Heating-Air-Treatment/Heating-Cooling/p/157020,https://www.costco.com.tw/medias/sys_master/images/h54/hcf/402145258111006.jpg,https://www.costco.com.tw/c/hot-buys?q=:relevance
2026-09-01,其他,歐司朗 朗德萬斯 20W 4呎 星皓LED支架燈 8入,"$1,519","$1,899",$380,商品已折價$380 含運,https://www.costco.com.tw/p/146853-B,https://www.costco.com.tw/medias/sys_master/images/h74/h50/259146770481182.jpg,https://www.costco.com.tw/c/hot-buys?q=:relevance
2026-09-01,其他,Attic & Base 日本製輕量陶瓷義大利麵碗 4件組,$759,$959,$200,商品已折價$200 含運,https://www.costco.com.tw/p/684891,https://www.costco.com.tw/medias/sys_master/images/h72/h6f/448868566925342.jpg,https://www.costco.com.tw/c/hot-buys?q=:relevance
2026-09-01,其他,西雅圖 二合一咖啡 21公克 X 100入 X 120組,"$72,519","$90,879","$18,360","商品已折價$18,360 含運",https://www.costco.com.tw/Water-Beverages/p/209399,https://www.costco.com.tw/medias/sys_master/images/h33/hc7/168536158896158.jpg,https://www.costco.com.tw/c/hot-buys?q=:relevance
2026-09-01,食品飲料,產銷履歷文旦 6公斤 (10-12入),$549,$699,$150,商品已折價$150 含運,https://www.costco.com.tw/Food-Dining/Frozen-Fresh-Food/Chilled-Fresh-Food/Tap-Pomelo-6-kg-10-12-Count/p/184283,https://www.costco.com.tw/medias/sys_master/images/h41/hd1/79615101239326.jpg,https://www.costco.com.tw/c/hot-buys?q=:relevance
2026-09-01,其他,Don Home 萊賽爾雙人兩用被套六件組 152公分 X 190公分 淺草,"$2,079","$2,599",$520,商品已折價$520 含運,https://www.costco.com.tw/Bedding/p/158943,https://www.costco.com.tw/medias/sys_master/images/h88/hd8/454001595613214.jpg,https://www.costco.com.tw/c/hot-buys?q=:relevance
2026-09-01,其他,曼秀雷敦 極致濃潤乳霜潤唇膏 無香料 2.4克 X 2入 + 蜂蜜花香 2.4克 X 2入,$559,$699,$140,商品已折價$140 含運,https://www.costco.com.tw/p/152932,https://www.costco.com.tw/medias/sys_master/images/h62/h82/450418069995550.jpg,https://www.costco.com.tw/c/hot-buys?q=:relevance
2026-09-01,其他,九陽 多功能鴛鴦電火鍋 M95,"$2,399","$3,059",$660,商品已折價$660 含運,https://www.costco.com.tw/p/147021,https://www.costco.com.tw/medias/sys_master/images/h60/h52/330166855696414.jpg,https://www.costco.com.tw/c/hot-buys?q=:relevance
2026-09-01,其他,正負零 3D DC直流循環風扇 XQS-G630,"$3,679","$4,599",$920,商品已折價$920 含運,https://www.costco.com.tw/Cooling-Heating-Air-Treatment/Heating-Cooling/p/138455,https://www.costco.com.tw/medias/sys_master/images/h06/h12/132201976528926.jpg,https://www.costco.com.tw/c/hot-buys?q=:relevance
2026-09-01,家電 3C,象印 土鍋風鐵板萬用鍋 3.7公升 EP-PXF20,"$2,399","$2,999",$600,商品已折價$600 含運,https://www.costco.com.tw/Televisions-Appliances/Kitchen-Appliances/Cookers-Oven-Microwaves-Food-Waste-Machine/ZOJIRUSHI-Grill-and-Hot-Pot-Set-37-L-EP-PXF20/p/129020,https://www.costco.com.tw/medias/sys_master/images/hc8/h01/99525450989598.jpg,https://www.costco.com.tw/c/hot-buys?q=:relevance
2026-09-01,其他,Evian 天然礦泉水 1500毫升 X 12瓶 X 44箱,"$23,099","$28,899","$5,800","商品已折價$5,800 含運",https://www.costco.com.tw/Water-Beverages/p/1217407,https://www.costco.com.tw/medias/sys_master/images/h6a/h3b/79974746423326.webp,https://www.costco.com.tw/c/hot-buys?q=:relevance
2026-09-01,食品飲料,科克蘭 初榨橄欖油 1 公升,$399,$419,$20,含運,https://www.costco.com.tw/Food-Dining/Groceries/Cooking-Oil-Sauces/Kirkland-Signature-Siurana-Arbequina-Extra-Virgin-Olive-Oil-1L/p/891831,https://www.costco.com.tw/medias/sys_master/images/h16/ha9/471660454969374.jpg,https://www.costco.com.tw/c/hot-buys?q=:relevance
2026-09-01,食品飲料,科克蘭 冷萃特級初榨橄欖油 2公升,$729,$879,$150,含運,https://www.costco.com.tw/Food-Dining/Groceries/Cooking-Oil-Sauces/p/1058619,https://www.costco.com.tw/medias/sys_master/images/hf8/h7f/472591303573534.jpg,https://www.costco.com.tw/c/hot-buys?q=:relevance
2026-09-01,日用品／母嬰／玩具,喜躍 豪華海鮮拼盤湯包綜合組 43.9公克 X 24包入,$197,,,含運,https://www.costco.com.tw/Household-Baby-Toys/Pet-Supplies/Pet-Dry-Wet-Food/Friskies-Seafood-Faves-Variety-Pack-439-g-X-24-Pack/p/155123,https://www.costco.com.tw/medias/sys_master/images/h97/h95/384001257177118.jpg,https://www.costco.com.tw/c/hot-buys?q=:relevance
2026-09-01,保健美容,Tryall 無調味水解乳清蛋白 2.5公斤,"$2,439","$2,659",$220,含運,https://www.costco.com.tw/Health-Beauty/Supplements/Sports-Performance/Tryall-Whey-Protein-Hydrolysate-Unflavored-25-kg/p/155647,https://www.costco.com.tw/medias/sys_master/images/he4/h16/397422709243934.jpg,https://www.costco.com.tw/c/hot-buys?q=:relevance
2026-09-01,食品飲料,健達 倍多 21公克 X 36條,$327,,,含運,https://www.costco.com.tw/Food-Dining/Snacks/p/106522,https://www.costco.com.tw/medias/sys_master/images/hb3/h36/65826714714142.jpg,https://www.costco.com.tw/c/hot-buys?q=:relevance
2026-09-01,日用品／母嬰／玩具,Playgo 玩沙樂園 18件組 / 18個月以上,$347,,,含運,https://www.costco.com.tw/Household-Baby-Toys/Toys/Outdoor-Play/Playgo-Sand-Bucket-18-Piece-Set-Ages-18-Months-and-Up/p/689192,https://www.costco.com.tw/medias/sys_master/images/h64/h83/466559007359006.jpg,https://www.costco.com.tw/c/hot-buys?q=:relevance
2026-09-01,家具家居,Over & Back 彩繪花紋馬克杯 414毫升 X 6件組,$457,,,含運,https://www.costco.com.tw/Furniture-Kitchen/Kitchen-Dining/Coffee-Accessories-Drinkware/Over-Back-Floral-Mugs-414-ml-X-6-Piece-Set/p/1324688,https://www.costco.com.tw/medias/sys_master/images/h18/he9/433249360478238.jpg,https://www.costco.com.tw/c/hot-buys?q=:relevance
2026-09-01,服飾配件,Freeworld 男人字夾腳拖鞋,$547,,,含運,https://www.costco.com.tw/Clothing-Accessories/p/1660944,https://www.costco.com.tw/medias/sys_master/images/hfd/h42/438876238774302.jpg,https://www.costco.com.tw/c/hot-buys?q=:relevance
2026-09-01,食品飲料,冷凍龍虎石斑魚片 1公斤,$929,$979,$50,含運,https://www.costco.com.tw/Food-Dining/Frozen-Fresh-Food/Frozen-Seafood-Meat/p/186793,https://www.costco.com.tw/medias/sys_master/images/h49/hb7/115203741548574.jpg,https://www.costco.com.tw/c/hot-buys?q=:relevance
2026-09-01,服飾配件,KANGOL 印花女短袖Logo上衣,$347,,,含運,https://www.costco.com.tw/Clothing-Accessories/p/160488,https://www.costco.com.tw/medias/sys_master/images/hc8/h3f/473819884945438.jpg,https://www.costco.com.tw/c/hot-buys?q=:relevance
2026-09-01,服飾配件,Adidas 男戶外涼鞋,$837,,,含運,https://www.costco.com.tw/Clothing-Accessories/p/154890,https://www.costco.com.tw/medias/sys_master/images/h24/hae/466558437228574.jpg,https://www.costco.com.tw/c/hot-buys?q=:relevance
2026-09-01,服飾配件,GAP 女九分褲,$799,,,,https://www.costco.com.tw/Clothing-Accessories/p/1971848,https://www.costco.com.tw/medias/sys_master/images/h75/h8f/451293719953438.jpg,https://www.costco.com.tw/c/hot-buys?q=:relevance
2026-09-01,服飾配件,Banana Republic 女長袖襯衫,"$1,159",,,,https://www.costco.com.tw/Clothing-Accessories/p/1974301,https://www.costco.com.tw/medias/sys_master/images/hd6/he7/453636849991710.jpg,https://www.costco.com.tw/c/hot-buys?q=:relevance
2026-09-01,服飾配件,Juicy Couture 女短袖上衣,$347,,,含運,https://www.costco.com.tw/Clothing-Accessories/p/156551,https://www.costco.com.tw/medias/sys_master/images/he7/h19/420739560636446.jpg,https://www.costco.com.tw/c/hot-buys?q=:relevance
2026-09-01,其他,Signature 動物圖案馬克杯 503毫升 X 6件組,$447,,,含運,https://www.costco.com.tw/p/157177,https://www.costco.com.tw/medias/sys_master/images/h63/hb7/403520140345374.jpg,https://www.costco.com.tw/c/hot-buys?q=:relevance
2026-09-01,服飾配件,Aeropostale 女短袖上衣,$247,,,含運,https://www.costco.com.tw/Clothing-Accessories/p/520715,https://www.costco.com.tw/medias/sys_master/images/hea/h29/453636935254046.jpg,https://www.costco.com.tw/c/hot-buys?q=:relevance
2026-09-01,其他,Samsung 655公升 美式對開 AI 冰箱 星空灰 RS70F65Q4TTW,"$43,999","$52,999","$9,000",含運,https://www.costco.com.tw/Large-Appliances/p/155431,https://www.costco.com.tw/medias/sys_master/images/hb6/hac/396189713563678.jpg,https://www.costco.com.tw/c/hot-buys?q=:relevance
2026-09-01,其他,Sunstar 三詩達 巧虎幼兒牙刷 X 12入,$397,,,含運,https://www.costco.com.tw/p/147720,https://www.costco.com.tw/medias/sys_master/images/h79/he5/291632791879710.jpg,https://www.costco.com.tw/c/hot-buys?q=:relevance
2026-09-01,食品飲料,Annie’s Home Grown 有機起司通心粉 12入組合包,$427,,,含運,https://www.costco.com.tw/Food-Dining/Groceries/Baking-Dried-Goods/Annies-Home-Grown-Organic-Macaroni-Cheese-12-Pack-Assorted-Set/p/145777,https://www.costco.com.tw/medias/sys_master/images/h51/h2a/383236912185374.jpg,https://www.costco.com.tw/c/hot-buys?q=:relevance
2026-09-01,食品飲料,得意的一天 蜆精蒜頭熬雞湯,$517,,,含運,https://www.costco.com.tw/Food-Dining/Groceries/Canned-Prepared-Food/Great-Day-Garlic-Chicken-Soup-with-Clam-Essence/p/152078,https://www.costco.com.tw/medias/sys_master/images/h84/h2a/350052591206430.jpg,https://www.costco.com.tw/c/hot-buys?q=:relevance
2026-09-01,食品飲料,空運日本長野縣麝香葡萄 1.75公斤/ 5入裝,"$2,299","$2,499",$200,含運,https://www.costco.com.tw/Food-Dining/Frozen-Fresh-Food/Chilled-Fresh-Food/p/806826,https://www.costco.com.tw/medias/sys_master/images/h75/hb1/274784263995422.jpg,https://www.costco.com.tw/c/hot-buys?q=:relevance
2026-09-01,服飾配件,Nautica 女休閒短褲,$497,,,含運,https://www.costco.com.tw/Clothing-Accessories/p/142040,https://www.costco.com.tw/medias/sys_master/images/h05/h13/448868221681694.jpg,https://www.costco.com.tw/c/hot-buys?q=:relevance
2026-09-01,服飾配件,Tailor Vintage 男短褲,$447,,,含運,https://www.costco.com.tw/Clothing-Accessories/p/1956435,https://www.costco.com.tw/medias/sys_master/images/h6d/h13/452308916764702.jpg,https://www.costco.com.tw/c/hot-buys?q=:relevance
2026-09-01,食品飲料,空運日本山梨縣麝香葡萄 1.75公斤/ 5入裝,"$2,299","$2,499",$200,含運,https://www.costco.com.tw/Food-Dining/Frozen-Fresh-Food/Chilled-Fresh-Food/p/156434,https://www.costco.com.tw/medias/sys_master/images/hed/hbb/380783691890718.jpg,https://www.costco.com.tw/c/hot-buys?q=:relevance
2026-09-01,保健美容,SUISAI 淨透酵素粉N 32顆 X 2入,$759,$845,$86,含運,https://www.costco.com.tw/Health-Beauty/Beauty-Skin-Care/Skin-Care/SUISAI-Beauty-Clear-Powder-Wash-32-Count-X-2-Pack/p/158825,https://www.costco.com.tw/medias/sys_master/images/h83/h74/432046532296734.jpg,https://www.costco.com.tw/c/hot-buys?q=:relevance
2026-09-01,其他,Hedgehog Dryer 多用途烘物機,"$1,747",,,含運,https://www.costco.com.tw/p/151322,https://www.costco.com.tw/medias/sys_master/images/h01/h28/346355756269598.jpg,https://www.costco.com.tw/c/hot-buys?q=:relevance
2026-09-01,其他,Riviera Home 花邊柔軟浴室地墊 2入 40公分 X 60公分,$447,,,含運,https://www.costco.com.tw/Bedding/p/669807,https://www.costco.com.tw/medias/sys_master/images/h98/hb9/401756180119582.jpg,https://www.costco.com.tw/c/hot-buys?q=:relevance
2026-09-01,服飾配件,Advent 女寬直筒褲,$347,,,含運,https://www.costco.com.tw/Clothing-Accessories/p/156457,https://www.costco.com.tw/medias/sys_master/images/had/haf/422090897227806.jpg,https://www.costco.com.tw/c/hot-buys?q=:relevance
2026-09-01,服飾配件,Levi's 男內褲四入組,$347,,,含運,https://www.costco.com.tw/Clothing-Accessories/p/156158,https://www.costco.com.tw/medias/sys_master/images/h9d/h87/437686995386398.jpg,https://www.costco.com.tw/c/hot-buys?q=:relevance
2026-09-01,家電 3C,飛利浦 50吋 4K QLED Google TV 顯示器 50PQT8530/96,"$11,999","$13,699","$1,700",含運,https://www.costco.com.tw/Televisions-Appliances/TV-Home-Entertainment/Televisions-TV-Accessories/50-59-TVs/Philips-50-inch-4K-QLED-Google-TV-Monitor-50PQT853096/p/153544,https://www.costco.com.tw/medias/sys_master/images/h77/hcd/438072214323230.jpg,https://www.costco.com.tw/c/hot-buys?q=:relevance
2026-09-01,服飾配件,Nautica 女短版短袖上衣,$397,,,含運,https://www.costco.com.tw/Clothing-Accessories/p/155245,https://www.costco.com.tw/medias/sys_master/images/hb6/hb9/454001500749854.jpg,https://www.costco.com.tw/c/hot-buys?q=:relevance
2026-09-01,服飾配件,Adidas 女戶外涼鞋,$837,,,含運,https://www.costco.com.tw/Clothing-Accessories/p/154891,https://www.costco.com.tw/medias/sys_master/images/h6e/h85/466558441881630.jpg,https://www.costco.com.tw/c/hot-buys?q=:relevance
2026-09-01,家電 3C,ASUS Vivobook Go 15 15.6吋 筆記型電腦,"$15,999","$18,999","$3,000",含運,https://www.costco.com.tw/Digital-Mobile/Laptops-Computers/p/161254,https://www.costco.com.tw/medias/sys_master/images/h7c/h8d/467794329665566.jpg,https://www.costco.com.tw/c/hot-buys?q=:relevance
2026-09-01,家電 3C,TP-Link Tapo C425 電池式戶外安全攝影機,"$2,289","$2,899",$610,含運,https://www.costco.com.tw/Digital-Mobile/Cameras/Security-Cameras-Drones/TP-Link-Tapo-C425-Smart-Wire-Free-Security-Camera/p/158488,https://www.costco.com.tw/medias/sys_master/images/hf5/h95/448868354785310.jpg,https://www.costco.com.tw/c/hot-buys?q=:relevance
2026-09-01,服飾配件,GAP 女鬆緊腰短褲,"$1,159",,,,https://www.costco.com.tw/Clothing-Accessories/p/1959301,https://www.costco.com.tw/medias/sys_master/images/hc0/h5c/451293697409054.jpg,https://www.costco.com.tw/c/hot-buys?q=:relevance
2026-09-01,其他,三麗鷗 兒童不鏽鋼保冷保溫瓶 700毫升,$377,,,含運,https://www.costco.com.tw/p/8524812,https://www.costco.com.tw/medias/sys_master/images/h86/h63/382254260322334.jpg,https://www.costco.com.tw/c/hot-buys?q=:relevance
2026-09-01,其他,Tramontina 廚房烹飪用具 4件組,$527,,,含運,https://www.costco.com.tw/p/8525857,https://www.costco.com.tw/medias/sys_master/images/ha2/h17/432046597931038.jpg,https://www.costco.com.tw/c/hot-buys?q=:relevance
2026-09-01,其他,日本製雙層冷水壺 1.2公升,$799,"$1,049",$250,含運,https://www.costco.com.tw/p/144408,https://www.costco.com.tw/medias/sys_master/images/hc9/ha4/224529148641310.jpg,https://www.costco.com.tw/c/hot-buys?q=:relevance
2026-09-01,服飾配件,Well Worn 女牛仔休閒褲,$587,,,含運,https://www.costco.com.tw/Clothing-Accessories/p/1956376,https://www.costco.com.tw/medias/sys_master/images/h4a/haa/439234223702046.jpg,https://www.costco.com.tw/c/hot-buys?q=:relevance
2026-09-01,其他,Mon Chateau 仿動物毛圓形抱枕 30公分 X 30公分 X 30公分,$247,,,含運,https://www.costco.com.tw/Bedding/p/1909180,https://www.costco.com.tw/medias/sys_master/images/h22/h0c/378823389052958.jpg,https://www.costco.com.tw/c/hot-buys?q=:relevance
2026-09-01,其他,Disney 造型桌椅組,"$1,397",,,含運,https://www.costco.com.tw/p/175717,https://www.costco.com.tw/medias/sys_master/images/h81/hbe/413421508526110.jpg,https://www.costco.com.tw/c/hot-buys?q=:relevance
2026-09-01,其他,Disney 萌萌抱枕,$297,,,含運,https://www.costco.com.tw/Bedding/p/152481,https://www.costco.com.tw/medias/sys_master/images/h11/hff/421140480393246.jpg,https://www.costco.com.tw/c/hot-buys?q=:relevance
2026-09-01,服飾配件,Max & Mia 女無袖連身洋裝,$647,,,含運,https://www.costco.com.tw/Clothing-Accessories/p/1912115,https://www.costco.com.tw/medias/sys_master/images/h19/h3f/379632630693918.jpg,https://www.costco.com.tw/c/hot-buys?q=:relevance
2026-09-01,服飾配件,Gerry 男運動休閒短褲,$297,,,含運,https://www.costco.com.tw/Clothing-Accessories/p/1555147,https://www.costco.com.tw/medias/sys_master/images/h1e/h3d/139880318763038.jpg,https://www.costco.com.tw/c/hot-buys?q=:relevance
2026-09-01,其他,Bestway 充氣飛鏢盤,$497,,,含運,https://www.costco.com.tw/p/8523339,https://www.costco.com.tw/medias/sys_master/images/hc2/h7d/420739777822750.jpg,https://www.costco.com.tw/c/hot-buys?q=:relevance
2026-09-01,其他,Hunter 可攜式萬用墊 152公分 X 183公分,$657,,,含運,https://www.costco.com.tw/Bedding/p/1909192,https://www.costco.com.tw/medias/sys_master/images/hc2/h62/437687435264030.jpg,https://www.costco.com.tw/c/hot-buys?q=:relevance
2026-09-01,服飾配件,Adidas 多功能運動包,"$1,147",,,含運,https://www.costco.com.tw/Clothing-Accessories/p/157722,https://www.costco.com.tw/medias/sys_master/images/h02/h1f/450045201448990.jpg,https://www.costco.com.tw/c/hot-buys?q=:relevance
2026-09-01,家電 3C,Sony PlayStation 5 無線控制器 午夜黑+ 無線控制器 充電座,"$2,925","$3,199",$274,含運,https://www.costco.com.tw/Digital-Mobile/Wearables-Audio/p/157702,https://www.costco.com.tw/medias/sys_master/images/h46/hea/415043988488222.jpg,https://www.costco.com.tw/c/hot-buys?q=:relevance
2026-09-01,服飾配件,Body Blue 女細肩帶背心2入組,$697,,,含運,https://www.costco.com.tw/Clothing-Accessories/p/157012,https://www.costco.com.tw/medias/sys_master/images/h84/h7e/449275355365406.jpg,https://www.costco.com.tw/c/hot-buys?q=:relevance
2026-09-01,日用品／母嬰／玩具,環形電動軟球槍 / 14歲以上,$467,,,含運,https://www.costco.com.tw/Household-Baby-Toys/Toys/Outdoor-Play/Spiral-Power-Popper-Ages-14-and-Up/p/155749,https://www.costco.com.tw/medias/sys_master/images/h33/hd6/386411412520990.jpg,https://www.costco.com.tw/c/hot-buys?q=:relevance
2026-09-01,服飾配件,Nepa 男休閒多口袋短褲,$647,,,含運,https://www.costco.com.tw/Clothing-Accessories/p/658226,https://www.costco.com.tw/medias/sys_master/images/h63/h13/467794425020446.jpg,https://www.costco.com.tw/c/hot-buys?q=:relevance
2026-09-01,服飾配件,Kate Spade 太陽眼鏡 FRIDA/G/S 8079O 黑色,"$1,297",,,含運,https://www.costco.com.tw/Clothing-Accessories/p/251674,https://www.costco.com.tw/medias/sys_master/images/he7/hcc/433626125172766.jpg,https://www.costco.com.tw/c/hot-buys?q=:relevance
2026-09-01,其他,Cascade Mountain Tech 水上浮力板,$447,,,含運,https://www.costco.com.tw/p/1740616,https://www.costco.com.tw/medias/sys_master/images/h2f/h5c/470130482610206.jpg,https://www.costco.com.tw/c/hot-buys?q=:relevance
2026-09-01,日用品／母嬰／玩具,Sunlemon 動物絨毛玩偶 / 6歲以上,$357,,,含運,https://www.costco.com.tw/Household-Baby-Toys/Toys/p/172984,https://www.costco.com.tw/medias/sys_master/images/h22/hdc/421141119827998.jpg,https://www.costco.com.tw/c/hot-buys?q=:relevance
2026-09-01,其他,Duralex 玻璃餐碗盤 6件組,$447,,,含運,https://www.costco.com.tw/p/169311,https://www.costco.com.tw/medias/sys_master/images/h16/h3c/332442820509726.jpg,https://www.costco.com.tw/c/hot-buys?q=:relevance
2026-09-01,家電 3C,DJI Osmo Pocket 3 旅拍套裝組 附續航手柄+收納包,"$11,799","$12,599",$800,含運,https://www.costco.com.tw/Digital-Mobile/Cameras/p/159980,https://www.costco.com.tw/medias/sys_master/images/hc8/h3f/466558645567518.jpg,https://www.costco.com.tw/c/hot-buys?q=:relevance
2026-09-01,其他,惠而浦 16公斤變頻蒸氣溫水洗衣機 VWHD1611BG,"$18,199","$19,999","$1,800",含運,https://www.costco.com.tw/Large-Appliances/p/145751,https://www.costco.com.tw/medias/sys_master/images/h80/h27/239550149591070.jpg,https://www.costco.com.tw/c/hot-buys?q=:relevance
2026-09-01,其他,Korhani Studio 編織質感地墊 60公分 X 90公分 X 1.8公分,$697,,,含運,https://www.costco.com.tw/Bedding/p/1997001,https://www.costco.com.tw/medias/sys_master/images/hd1/h73/437687668768798.jpg,https://www.costco.com.tw/c/hot-buys?q=:relevance
2026-09-01,其他,FIFA 足球造型抱枕 周長 124.4公分,$347,,,含運,https://www.costco.com.tw/Bedding/p/1991360,https://www.costco.com.tw/medias/sys_master/images/h49/hf5/451293833920542.jpg,https://www.costco.com.tw/c/hot-buys?q=:relevance
2026-09-01,服飾配件,New Balance 男經典 Logo 短袖上衣,"$1,159",,,,https://www.costco.com.tw/Clothing-Accessories/p/1846538,https://www.costco.com.tw/medias/sys_master/images/ha8/h90/434798860697630.jpg,https://www.costco.com.tw/c/hot-buys?q=:relevance
2026-09-01,其他,Panasonic 碳鋅2號電池 24入組,$397,,,含運,https://www.costco.com.tw/p/152790,https://www.costco.com.tw/medias/sys_master/images/h2c/hf7/363341288079390.jpg,https://www.costco.com.tw/c/hot-buys?q=:relevance
2026-09-01,服飾配件,Fila 兒童毛圈布長褲,$197,,,含運,https://www.costco.com.tw/Clothing-Accessories/p/152413,https://www.costco.com.tw/medias/sys_master/images/he4/had/400499317571614.jpg,https://www.costco.com.tw/c/hot-buys?q=:relevance
2026-09-01,其他,Hotel Grand 雙人白鵝絨可水洗子母被 180公分 X 210公分,"$6,997",,,含運,https://www.costco.com.tw/Bedding/p/152368,https://www.costco.com.tw/medias/sys_master/images/h99/hb8/379632076062750.jpg,https://www.costco.com.tw/c/hot-buys?q=:relevance
2026-09-01,服飾配件,Kate Spade 太陽眼鏡 KS FLYNNIE/G/S 1EIIR 黑色,"$1,297",,,含運,https://www.costco.com.tw/Clothing-Accessories/p/251677,https://www.costco.com.tw/medias/sys_master/images/h73/ha9/433626130481182.jpg,https://www.costco.com.tw/c/hot-buys?q=:relevance
2026-09-01,服飾配件,Kate Spade 太陽眼鏡 KS EMALIE 2/G/S HT83X 粉紅色,"$1,297",,,含運,https://www.costco.com.tw/Clothing-Accessories/p/251676,https://www.costco.com.tw/medias/sys_master/images/h43/h25/433626130939934.jpg,https://www.costco.com.tw/c/hot-buys?q=:relevance
2026-09-01,服飾配件,Tailor Vintage 男短褲,$397,,,含運,https://www.costco.com.tw/Clothing-Accessories/p/1956454,https://www.costco.com.tw/medias/sys_master/images/h52/hec/438876318466078.jpg,https://www.costco.com.tw/c/hot-buys?q=:relevance
2026-09-01,其他,夏普 55吋 4K QLED 144HZ 顯示器 4T-C55HN70CST,"$21,299","$22,999","$1,700",含運,https://www.costco.com.tw/Televisions-TV-Accessories/p/153545,https://www.costco.com.tw/medias/sys_master/images/haf/h45/438072181489694.jpg,https://www.costco.com.tw/c/hot-buys?q=:relevance
2026-09-01,日用品／母嬰／玩具,LEGO Ideas 家族樹 21346 / 18歲以上,"$1,767",,,含運,https://www.costco.com.tw/Household-Baby-Toys/Toys/p/153156,https://www.costco.com.tw/medias/sys_master/images/h4c/h0e/361110047948830.jpg,https://www.costco.com.tw/c/hot-buys?q=:relevance
2026-09-01,家具家居,日本製雙層冷水壺 1.7公升,$899,"$1,129",$230,含運,https://www.costco.com.tw/Furniture-Kitchen/Kitchen-Dining/Coffee-Accessories-Drinkware/Double-Layer-Water-Pitcher-17-L/p/143526,https://www.costco.com.tw/medias/sys_master/images/hf8/h7a/224528993058846.jpg,https://www.costco.com.tw/c/hot-buys?q=:relevance
2026-09-01,家電 3C,TP-Link Tapo D210 智慧門鈴,"$1,599","$1,869",$270,含運,https://www.costco.com.tw/Digital-Mobile/Cameras/p/158484,https://www.costco.com.tw/medias/sys_master/images/h79/h36/448868347772958.jpg,https://www.costco.com.tw/c/hot-buys?q=:relevance
2026-09-01,其他,Samsung Serif 55吋 智慧顯示器 QA55LS01DAXXZW,"$32,999","$34,999","$2,000",含運,https://www.costco.com.tw/Televisions-TV-Accessories/p/148435,https://www.costco.com.tw/medias/sys_master/images/hc6/h60/438072151670814.jpg,https://www.costco.com.tw/c/hot-buys?q=:relevance
2026-09-01,服飾配件,Canada Goose 男連帽外套,"$1,159",,,,https://www.costco.com.tw/Clothing-Accessories/p/772994,https://www.costco.com.tw/medias/sys_master/images/he7/ha0/418530817572894.jpg,https://www.costco.com.tw/c/hot-buys?q=:relevance
2026-09-01,其他,Gallery Neyland Green 牛皮扶手椅,"$8,999","$9,599",$600,含運,https://www.costco.com.tw/p/473489,https://www.costco.com.tw/medias/sys_master/images/h91/he0/366002090901534.jpg,https://www.costco.com.tw/c/hot-buys?q=:relevance
2026-09-01,服飾配件,Buffalo 女短丹寧洋裝,$547,,,含運,https://www.costco.com.tw/Clothing-Accessories/p/2046573,https://www.costco.com.tw/medias/sys_master/images/h7f/hc7/453636861952030.jpg,https://www.costco.com.tw/c/hot-buys?q=:relevance
2026-09-01,服飾配件,Scotch & Soda 女無袖連身洋裝,$547,,,含運,https://www.costco.com.tw/Clothing-Accessories/p/1956396,https://www.costco.com.tw/medias/sys_master/images/h53/h80/400800676511774.jpg,https://www.costco.com.tw/c/hot-buys?q=:relevance
2026-09-01,服飾配件,RVCA 女無袖連身洋裝,$347,,,含運,https://www.costco.com.tw/Clothing-Accessories/p/1956389,https://www.costco.com.tw/medias/sys_master/images/h08/h83/448868549623838.jpg,https://www.costco.com.tw/c/hot-buys?q=:relevance
2026-09-01,日用品／母嬰／玩具,FIFA 世界盃 8吋 絨毛玩偶,$357,,,含運,https://www.costco.com.tw/Household-Baby-Toys/Toys/p/1851571,https://www.costco.com.tw/medias/sys_master/images/h42/hd0/467794339168286.jpg,https://www.costco.com.tw/c/hot-buys?q=:relevance
2026-09-01,其他,Samsung 85吋 4K 晶彩智慧顯示器 UA85U8500FXXZW,"$59,999","$69,999","$10,000",含運,https://www.costco.com.tw/Televisions-TV-Accessories/p/153748,https://www.costco.com.tw/medias/sys_master/images/h33/h67/438072218976286.jpg,https://www.costco.com.tw/c/hot-buys?q=:relevance
2026-09-01,日用品／母嬰／玩具,Step2 汽車造型戲水桌 / 3歲以上,"$1,997",,,含運,https://www.costco.com.tw/Household-Baby-Toys/Toys/p/152880,https://www.costco.com.tw/medias/sys_master/images/h8d/hd9/381454866710558.jpg,https://www.costco.com.tw/c/hot-buys?q=:relevance
2026-09-01,日用品／母嬰／玩具,緊急救援機動玩具車 多種款式選擇 / 3歲以上,$397,,,含運,https://www.costco.com.tw/Household-Baby-Toys/Toys/p/146995,https://www.costco.com.tw/medias/sys_master/images/hd7/h5c/273678039744542.jpg,https://www.costco.com.tw/c/hot-buys?q=:relevance
2026-09-01,其他,2.03克拉 鉑金 圓形鑽石戒指 VVS2/E,"$1,349,997",,,含運,https://www.costco.com.tw/p/967585,https://www.costco.com.tw/medias/sys_master/images/hf9/hee/30241882865694.jpg,https://www.costco.com.tw/c/hot-buys?q=:relevance
2026-09-01,其他,Water Buddies 20吋 浮板,$247,,,含運,https://www.costco.com.tw/p/678571,https://www.costco.com.tw/medias/sys_master/images/h1f/hdc/329850820296734.jpg,https://www.costco.com.tw/c/hot-buys?q=:relevance
2026-09-01,其他,1.11克拉 鉑金 圓形鑽石戒指 VVS2/E,"$439,997",,,含運,https://www.costco.com.tw/p/672472,https://www.costco.com.tw/medias/sys_master/images/h77/h71/30241881391134.jpg,https://www.costco.com.tw/c/hot-buys?q=:relevance
2026-09-01,其他,1.09克拉 鉑金 圓形鑽石戒指 VVS1/F,"$456,997",,,含運,https://www.costco.com.tw/Jewelry-Gold/Diamond/Diamond-Rings/109-ct-Platinum-Round-Diamond-Ring-VVS1F/p/651049,https://www.costco.com.tw/medias/sys_master/images/h7d/h96/30241880211486.jpg,https://www.costco.com.tw/c/hot-buys?q=:relevance
2026-09-01,其他,1.63克拉 鉑金 圓形鑽石戒指 VS2/G,"$558,997",,,含運,https://www.costco.com.tw/p/648495,https://www.costco.com.tw/medias/sys_master/images/hcf/h4a/30241880670238.jpg,https://www.costco.com.tw/c/hot-buys?q=:relevance
2026-09-01,其他,2.24克拉 鉑金 圓形鑽石戒指 VS1/G,"$1,149,997",,,含運,https://www.costco.com.tw/p/644495,https://www.costco.com.tw/medias/sys_master/products/h76/h8a/8826152583198.jpg,https://www.costco.com.tw/c/hot-buys?q=:relevance
2026-09-01,其他,1.75克拉 鉑金 圓形鑽石戒指 VS1/G,"$679,997",,,含運,https://www.costco.com.tw/p/630894,https://www.costco.com.tw/medias/sys_master/products/h76/h8a/8826152583198.jpg,https://www.costco.com.tw/c/hot-buys?q=:relevance
2026-09-01,其他,2.01克拉 鉑金 圓形鑽石戒指 VVS2/D,"$1,599,997",,,含運,https://www.costco.com.tw/p/630832,https://www.costco.com.tw/medias/sys_master/products/h76/h8a/8826152583198.jpg,https://www.costco.com.tw/c/hot-buys?q=:relevance
2026-09-01,其他,Gallery Reliant 亞麻布扶手椅,"$8,999","$9,499",$500,含運,https://www.costco.com.tw/p/535616,https://www.costco.com.tw/medias/sys_master/images/h81/h22/346356079656990.jpg,https://www.costco.com.tw/c/hot-buys?q=:relevance
2026-09-01,日用品／母嬰／玩具,24吋 彩虹熊絨毛玩偶 多種顏色選擇 / 4歲以上,$497,,,含運,https://www.costco.com.tw/Household-Baby-Toys/Toys/p/450607,https://www.costco.com.tw/medias/sys_master/images/ha7/h17/291292503572510.jpg,https://www.costco.com.tw/c/hot-buys?q=:relevance
2026-09-01,其他,1.42克拉 鉑金 圓形鑽石戒指 VS2/I,"$239,997",,,含運,https://www.costco.com.tw/p/440592,https://www.costco.com.tw/medias/sys_master/products/h2a/h39/8825179111454.jpg,https://www.costco.com.tw/c/hot-buys?q=:relevance
2026-09-01,其他,1.61克拉 鉑金 圓形鑽石戒指 VS1/E,"$639,997",,,含運,https://www.costco.com.tw/p/228782,https://www.costco.com.tw/medias/sys_master/images/h48/he9/30241877131294.jpg,https://www.costco.com.tw/c/hot-buys?q=:relevance
2026-09-01,其他,Aiden & Ivy 布面單人椅,"$7,499","$7,999",$500,含運,https://www.costco.com.tw/p/1862170,https://www.costco.com.tw/medias/sys_master/images/ha7/h8b/449275418738718.jpg,https://www.costco.com.tw/c/hot-buys?q=:relevance
2026-09-01,其他,Harbour 戶外休閒沙發四件組,"$59,997",,,含運,https://www.costco.com.tw/Patio-Furniture/p/1768196,https://www.costco.com.tw/medias/sys_master/images/he2/h57/206972366389278.jpg,https://www.costco.com.tw/c/hot-buys?q=:relevance
2026-09-01,其他,普利司通 215/60 R17 96H ALENZA 001 輪胎,"$3,498",,,,https://www.costco.com.tw/Tire/Bridgestone-21560-R17-96H-ALENZA-001-Tire/tire/p/163252,https://www.costco.com.tw/medias/sys_master/images/h53/h92/34195790299166.jpg,https://www.costco.com.tw/c/hot-buys?q=:relevance
2026-09-01,其他,普利司通 195/65 R15 91V ECOPIA EP300 輪胎,"$2,899",,,,https://www.costco.com.tw/tire/p/161232,https://www.costco.com.tw/medias/sys_master/images/h78/hb0/455933833805854.jpg,https://www.costco.com.tw/c/hot-buys?q=:relevance
2026-09-01,其他,Bentley Designs Athena 咖啡桌 114公分,"$5,997",,,含運,https://www.costco.com.tw/p/157435,https://www.costco.com.tw/medias/sys_master/images/h4a/h4b/401755900674078.jpg,https://www.costco.com.tw/c/hot-buys?q=:relevance
2026-09-01,其他,普利司通 205/55 R17 95W Turanza 6 輪胎,"$4,299",,,,https://www.costco.com.tw/tire/p/153718,https://www.costco.com.tw/medias/sys_master/images/hbf/hf5/350548647477278.jpg,https://www.costco.com.tw/c/hot-buys?q=:relevance
2026-09-01,其他,Bentley Designs Indus Rustic 橡木 & 胡椒色 電視櫃 133公分,"$9,997",,,含運,https://www.costco.com.tw/p/152773,https://www.costco.com.tw/medias/sys_master/images/hf8/h0c/362804824768542.jpg,https://www.costco.com.tw/c/hot-buys?q=:relevance
2026-09-01,日用品／母嬰／玩具,三麗鷗 抱抱球 / 3歲以上,$687,,,含運,https://www.costco.com.tw/Household-Baby-Toys/Toys/p/151564,https://www.costco.com.tw/medias/sys_master/images/h2c/ha1/344774106316830.jpg,https://www.costco.com.tw/c/hot-buys?q=:relevance
2026-09-01,其他,日本製雙層冷水壺 1.2公升 X 6件組,"$4,499","$5,749","$1,250",含運,https://www.costco.com.tw/p/144402,https://www.costco.com.tw/medias/sys_master/images/h43/h04/224529141891102.jpg,https://www.costco.com.tw/c/hot-buys?q=:relevance
2026-09-01,其他,日本製雙層冷水壺 1.7公升 X 6件組,"$5,099","$6,199","$1,100",含運,https://www.costco.com.tw/p/143524,https://www.costco.com.tw/medias/sys_master/images/h41/hfd/224528978116638.jpg,https://www.costco.com.tw/c/hot-buys?q=:relevance
2026-09-01,其他,2.02克拉18K白K金 圓形鑽石項鍊 VVS1/D,"$1,599,997",,,含運,https://www.costco.com.tw/p/1024902,https://www.costco.com.tw/medias/sys_master/images/h85/hbe/10520064950302.jpg,https://www.costco.com.tw/c/hot-buys?q=:relevance
2026-09-01,保健美容,Sports Research Omega-3 濃縮魚油 1250mg 150粒,"$1,109","$1,379",$270,商品已折價 $270 含運,https://www.costco.com.tw/Health-Beauty/Supplements/Supplements-Digestive-Support/Sports-Research-Omega-3-Fish-Oil-Triple-Strength-1250mg-150-Softgel/p/240666,https://www.costco.com.tw/medias/sys_master/images/hf2/h84/275802915995678.jpg,https://www.costco.com.tw/c/hot-buys?q=:relevance
2026-09-01,其他,桂格 即沖即食大燕麥片隨身包 37.5公克 X 44入,$459,$569,$110,商品已折價$110 含運,https://www.costco.com.tw/c/Quaker-Instant-Whole-Oats-375-g-X-44-Pack/p/204989,https://www.costco.com.tw/medias/sys_master/images/hcf/h9a/362805000110110.jpg,https://www.costco.com.tw/c/hot-buys?q=:relevance
2026-09-01,其他,科克蘭 超細纖維擦拭布藍色 36入,$389,$489,$100,商品已折價$100 含運,https://www.costco.com.tw/Sports-Lifestyle/Automotive/Exterior-Car-Care/Kirkland-Signature-Microfiber-Towels-Blue-36-Count/p/133839,https://www.costco.com.tw/medias/sys_master/images/h5a/h46/84259972939806.jpg,https://www.costco.com.tw/c/hot-buys?q=:relevance
2026-09-01,食品飲料,蜜蜂工坊 Beelove 高山蜂蜜禮盒 700公克 X 2入,$669,$849,$180,商品已折價$180 含運,https://www.costco.com.tw/Food-Dining/Groceries/Baking-Dried-Goods/BeeTouched-Beelove-Taiwan-Mountains-Honey-Gift-Pack-700-g-X-2-Pack/p/307304,https://www.costco.com.tw/medias/sys_master/images/h56/h00/361386815160350.jpg,https://www.costco.com.tw/c/hot-buys?q=:relevance
2026-09-01,食品飲料,鮮一杯 曼特寧濾掛咖啡 11公克 X 50入,$475,$615,$140,商品已折價$140 含運,https://www.costco.com.tw/Food-Dining/Drinks/Coffee/Onefreshcup-Gayo-Mandheling-Drip-Coffee-11-g-X-50-Count/p/101329,https://www.costco.com.tw/medias/sys_master/images/h15/hae/33329112743966.jpg,https://www.costco.com.tw/c/hot-buys?q=:relevance
2026-09-01,食品飲料,灣仔碼頭 冷凍金選高麗菜豬肉水餃 750公克 X 4包,$519,$639,$120,商品已折價$120 含運,https://www.costco.com.tw/Food-Dining/Frozen-Fresh-Food/Frozen-Meals/Wanchai-Ferry-Frozen-Golden-Selected-Cabbage-Pork-Dumplings-750-g-X-4-Pack/p/435364,https://www.costco.com.tw/medias/sys_master/images/h6a/h8b/471216559325214.jpg,https://www.costco.com.tw/c/hot-buys?q=:relevance
2026-09-01,家具家居,飛利浦 A2S 軒恆全桌護眼檯燈,"$2,729","$3,429",$700,商品已折價$700 含運,https://www.costco.com.tw/Furniture-Kitchen/Hardware-DIY/Lighting-Light-Bulbs/Philips-A2S-LED-Desk-Light/p/160725,https://www.costco.com.tw/medias/sys_master/images/hd0/h49/468935628521502.jpg,https://www.costco.com.tw/c/hot-buys?q=:relevance
2026-09-01,其他,Xterra 跑步機 TRX4500,"$24,799","$30,999","$6,200","商品已折價$6,200 含運",https://www.costco.com.tw/Sports-Lifestyle/Sports-Fitness/Fitness-Equipment-Accessories/Xterra-Treadmill-TRX4500/p/132978,https://www.costco.com.tw/medias/sys_master/images/h67/hb1/80619447877662.webp,https://www.costco.com.tw/c/hot-buys?q=:relevance
2026-09-01,食品飲料,ASC 冷凍吳郭魚片 1.3公斤,$599,$739,$140,商品已折價 $140 含運,https://www.costco.com.tw/Food-Dining/Frozen-Fresh-Food/Frozen-Seafood-Meat/p/484596,https://www.costco.com.tw/medias/sys_master/images/h0e/h0d/363705051938846.jpg,https://www.costco.com.tw/c/hot-buys?q=:relevance
2026-09-01,食品飲料,KOPIKO 咖啡糖隨身包分享盒 32公克 X 24入,$254,$319,,需一次購買活動組數才可享受此優惠 含運,https://www.costco.com.tw/Food-Dining/Snacks/Candies-Chocolates/KOPIKO-Coffee-Candy-Blister-Box-32-g-X-24-Pack/p/555552,https://www.costco.com.tw/medias/sys_master/images/hd7/hd4/308063198281758.jpg,https://www.costco.com.tw/c/hot-buys?q=:relevance
2026-09-01,其他,科克蘭 超細纖維擦拭布 36入,$389,$489,$100,商品已折價$100 含運,https://www.costco.com.tw/Sports-Lifestyle/Automotive/Exterior-Car-Care/Kirkland-Signature-Microfiber-Towels-36-Count/p/713160,https://www.costco.com.tw/medias/sys_master/images/h69/h78/69177221251102.jpg,https://www.costco.com.tw/c/hot-buys?q=:relevance
2026-09-01,其他,麗聲鐘自動夜燈掛鐘 #CMG633BR03,$899,"$1,099",$200,商品已折價$200 含運,https://www.costco.com.tw/Bedding/p/155791,https://www.costco.com.tw/medias/sys_master/images/ha8/haa/397422723235870.jpg,https://www.costco.com.tw/c/hot-buys?q=:relevance
2026-09-01,保健美容,Fiesta Pure Shine 洗臉洗手慕絲 280毫升 + 2公升補充瓶,$529,$669,,需一次購買活動組數才可享受此優惠 含運,https://www.costco.com.tw/Health-Beauty/Personal-Care/Facial-Cleansers-Hand-Washes/Fiesta-Pure-Shine-Face-Hand-Foam-280-ml-and-2-L-Refill/p/125194,https://www.costco.com.tw/medias/sys_master/images/hc9/h9a/117828151541790.jpg,https://www.costco.com.tw/c/hot-buys?q=:relevance
2026-09-01,其他,Alpine Mountain Gear 不鏽鋼咖啡杯壺組,$769,"$1,569",$800,商品已折價$800 含運,https://www.costco.com.tw/p/1906999,https://www.costco.com.tw/medias/sys_master/images/h39/h7e/454001922474014.jpg,https://www.costco.com.tw/c/hot-buys?q=:relevance
2026-09-01,其他,Chevron SN 5W-40 Euro 全合成機油 946毫升 X 6瓶,"$1,319","$1,659",$340,商品已折價$340 含運,https://www.costco.com.tw/Automotive/p/1034335,https://www.costco.com.tw/medias/sys_master/images/h36/hac/167144459927582.jpg,https://www.costco.com.tw/c/hot-buys?q=:relevance
2026-09-01,家具家居,Backbone Hippo 兒童成長椅,"$2,699","$3,399",$700,商品已折價$700 含運,https://www.costco.com.tw/Furniture-Kitchen/Furniture/Computer-Desk-Chair-Sets/Backbone-Hippo-Kids-Chair/p/152649,https://www.costco.com.tw/medias/sys_master/images/h0f/h32/363835041710110.jpg,https://www.costco.com.tw/c/hot-buys?q=:relevance
2026-09-01,服飾配件,CAT 泡芙兩用側背包,$759,,,含運,https://www.costco.com.tw/Clothing-Accessories/p/160502,https://www.costco.com.tw/medias/sys_master/images/h71/ha0/473819893825566.jpg,https://www.costco.com.tw/c/hot-buys?q=:relevance
2026-09-01,其他,LG 21公斤 AI DD 蒸氣滾筒 蒸洗脫洗衣機 WD-S21VB,"$30,599","$35,999","$5,400","商品已折價$5,400 含運",https://www.costco.com.tw/Large-Appliances/p/145619,https://www.costco.com.tw/medias/sys_master/images/hdb/hd9/239741827055646.jpg,https://www.costco.com.tw/c/hot-buys?q=:relevance
2026-09-01,服飾配件,Puma 女性內褲五入組,$629,,,含運,https://www.costco.com.tw/Clothing-Accessories/p/156903,https://www.costco.com.tw/medias/sys_master/images/hc7/h72/451293261430814.jpg,https://www.costco.com.tw/c/hot-buys?q=:relevance
2026-09-01,其他,G.U.M 牙周護理牙刷 #166軟毛 X 12入,$675,,,含運,https://www.costco.com.tw/p/153744,https://www.costco.com.tw/medias/sys_master/images/h93/h1a/398741508653086.jpg,https://www.costco.com.tw/c/hot-buys?q=:relevance
2026-09-01,家電 3C,TP-Link Tapo C510W 戶外旋轉式防護 WiFi 攝影機,"$1,299","$1,499",$200,含運,https://www.costco.com.tw/Digital-Mobile/Cameras/Security-Cameras-Drones/TP-Link-Tapo-C510W-Pan-Tilt-Security-Wi-Fi-Camera/p/158487,https://www.costco.com.tw/medias/sys_master/images/h72/h49/448868354719774.jpg,https://www.costco.com.tw/c/hot-buys?q=:relevance
2026-09-01,其他,飛利浦 65吋 4K Google TV 顯示器 65PUH7650/96,"$16,399","$19,999","$3,600",含運,https://www.costco.com.tw/Televisions-TV-Accessories/p/153543,https://www.costco.com.tw/medias/sys_master/images/h36/h3b/438072177950750.jpg,https://www.costco.com.tw/c/hot-buys?q=:relevance
2026-09-01,其他,蜜唇之吻迪士尼系列潤唇膏,$297,,,含運,https://www.costco.com.tw/p/8521030,https://www.costco.com.tw/medias/sys_master/images/hd6/h0d/399197064855582.jpg,https://www.costco.com.tw/c/hot-buys?q=:relevance
2026-09-01,其他,California Board Company 41吋 沙板,$447,,,含運,https://www.costco.com.tw/p/1872087,https://www.costco.com.tw/medias/sys_master/images/h8f/hcf/454769529028638.jpg,https://www.costco.com.tw/c/hot-buys?q=:relevance
2026-09-01,保健美容,Thinkbaby 新寶貝純物理防曬霜 SPF 50 89毫升 X 2入,$397,,,含運,https://www.costco.com.tw/Health-Beauty/Beauty-Skin-Care/Sun-Care/Thinkbaby-Sunscreen-SPF-50-89-ml-X-2-Pack/p/117096,https://www.costco.com.tw/medias/sys_master/images/h5a/h67/138405416140830.jpg,https://www.costco.com.tw/c/hot-buys?q=:relevance
2026-09-01,家電 3C,Apple MagSafe 充電器 1公尺,"$1,029","$1,149",$120,含運,https://www.costco.com.tw/Digital-Mobile/Mobile-Tablets/p/155889,https://www.costco.com.tw/medias/sys_master/images/h96/h39/489125933580318.jpg,https://www.costco.com.tw/c/hot-buys?q=:relevance
2026-09-01,其他,Thinksport 新寶貝 純物理防曬霜 SPF 50 (運動款) 89毫升 X 2入,$397,,,含運,https://www.costco.com.tw/p/145875,https://www.costco.com.tw/medias/sys_master/images/hb6/h35/238946522071070.jpg,https://www.costco.com.tw/c/hot-buys?q=:relevance
2026-09-01,其他,Thinksport 新寶貝 純物理防曬霜 SPF 50 (兒童款) 89毫升 X 2入,$397,,,含運,https://www.costco.com.tw/p/145877,https://www.costco.com.tw/medias/sys_master/images/hdd/hd1/238946525741086.jpg,https://www.costco.com.tw/c/hot-buys?q=:relevance
2026-09-01,食品飲料,樂天 巧克力派 北海道生焦糖乳酪蛋糕風味 30公克 X 6入 X 5盒,$297,,,含運,https://www.costco.com.tw/Food-Dining/Snacks/p/159840,https://www.costco.com.tw/medias/sys_master/images/h14/h76/450418239078430.jpg,https://www.costco.com.tw/c/hot-buys?q=:relevance
2026-09-01,其他,科克蘭 三層抽取衛生紙 120抽 X 72入,"$1,159",,,,https://www.costco.com.tw/c/Kirkland-Signature-3-Ply-Interfold-Bath-Tissue-120-Sheet-X-72-Count/p/189999,https://www.costco.com.tw/medias/sys_master/images/hf5/h5e/228120348950558.jpg,https://www.costco.com.tw/c/hot-buys?q=:relevance
2026-09-01,家電 3C,伊萊克斯 700系列 346公升 AI變頻獨立式上冷藏下冷凍雙門冰箱 EBM3402L-W,"$22,999",,,,https://www.costco.com.tw/Televisions-Appliances/Large-Appliances/Fridges-Freezers/Overall-Capacity-350-500-L/Electrolux-346-L-700-Series-AI-CoolAssist-2-Door-Fridge-EBM3402L-W/p/160928,https://www.costco.com.tw/medias/sys_master/images/hec/h2b/470130459672606.jpg,https://www.costco.com.tw/c/hot-buys?q=:relevance
2026-09-01,家具家居,Glad 佳能 PE 保鮮膜 300公尺 X 33公分 X 2入,$599,,,,https://www.costco.com.tw/Furniture-Kitchen/Kitchen-Dining/Food-Preservation/Glad-PE-Food-Wrap-Caterer-300-m-X-33-cm-X-2-Pack/p/210732,https://www.costco.com.tw/medias/sys_master/images/he0/h08/454002078842910.jpg,https://www.costco.com.tw/c/hot-buys?q=:relevance
2026-09-01,日用品／母嬰／玩具,五月花 極萃厚棒抽取式衛生紙 100抽 X 60入,"$1,149",,,,https://www.costco.com.tw/Household-Baby-Toys/Household-Essentials/Toilet-Paper-Paper-Towels/MayFlower-Interfold-Tissue-100-Sheet-X-60-Count/p/154795,https://www.costco.com.tw/medias/sys_master/images/hd7/h90/432345221234718.jpg,https://www.costco.com.tw/c/hot-buys?q=:relevance
2026-09-01,家具家居,愛惠浦 Vita 全戶型淨水設備組 替換濾芯,"$5,199",,,指定夏日涼感商品：買2件享8.5折，買3件享8折（結帳時依活動條件計算）,https://www.costco.com.tw/Furniture-Kitchen/Kitchen-Dining/Water-Filtration/Everpure-Vita-Family-Water-Purifier-Filter-Set/p/134964,https://www.costco.com.tw/medias/sys_master/images/ha1/hc1/86343450329118.jpg,https://www.costco.com.tw/voucher4
2026-09-01,家具家居,愛惠浦 Vita 全戶型淨水設備組,"$29,999",,,指定夏日涼感商品：買2件享8.5折，買3件享8折（結帳時依活動條件計算）,https://www.costco.com.tw/Furniture-Kitchen/Kitchen-Dining/Water-Filtration/Everpure-Vita-Family-Water-Purifier-Set/p/134963,https://www.costco.com.tw/medias/sys_master/images/h11/h5b/86343450263582.jpg,https://www.costco.com.tw/voucher4
2026-09-01,家具家居,愛惠浦 EF6000 櫥下型三道式淨水器,"$11,999",,,指定夏日涼感商品：買2件享8.5折，買3件享8折（結帳時依活動條件計算）,https://www.costco.com.tw/Furniture-Kitchen/Kitchen-Dining/Water-Filtration/Everpure-EF6000-Purvive-Trio-Water-Purifier/p/134956,https://www.costco.com.tw/medias/sys_master/images/hf6/h14/86343381057566.jpg,https://www.costco.com.tw/voucher4
2026-09-01,家具家居,愛惠浦 Soho-AC2 淨水器 替換濾芯組 (一年份),"$2,769",,,指定夏日涼感商品：買2件享8.5折，買3件享8折（結帳時依活動條件計算）,https://www.costco.com.tw/Furniture-Kitchen/Kitchen-Dining/Water-Filtration/Everpure-Soho-AC2-Water-Purifier-Filter-Set-One-Year/p/134960,https://www.costco.com.tw/medias/sys_master/images/ha8/h21/86343448231966.jpg,https://www.costco.com.tw/voucher4
2026-09-01,家具家居,愛惠浦 EF6000 櫥下型三道式淨水器 替換濾芯組 (一年份),"$5,999",,,指定夏日涼感商品：買2件享8.5折，買3件享8折（結帳時依活動條件計算）,https://www.costco.com.tw/Furniture-Kitchen/Kitchen-Dining/Water-Filtration/Everpure-EF6000-Purvive-Trio-Water-Purifier-Filter-Set-One-Year/p/134958,https://www.costco.com.tw/medias/sys_master/images/h16/hab/86343447511070.jpg,https://www.costco.com.tw/voucher4
2026-09-01,食品飲料,紅龍 冷凍雞塊 3公斤,$539,,,指定夏日涼感商品：買2件享8.5折，買3件享8折（結帳時依活動條件計算）,https://www.costco.com.tw/Food-Dining/Frozen-Fresh-Food/Frozen-Meals/Red-Dragon-Frozen-Chicken-Nuggets-3-kg/p/18382,https://www.costco.com.tw/medias/sys_master/images/h3f/h3b/12693292253214.jpg,https://www.costco.com.tw/voucher4
2026-09-01,食品飲料,紅龍 冷凍純牛肉漢堡片 2.7公斤,$849,,,指定夏日涼感商品：買2件享8.5折，買3件享8折（結帳時依活動條件計算）,https://www.costco.com.tw/Food-Dining/Frozen-Fresh-Food/Frozen-Meals/Red-Dragon-Frozen-Beef-Patties-27-kg/p/48696,https://www.costco.com.tw/medias/sys_master/images/he7/h6c/98334948950046.jpg,https://www.costco.com.tw/voucher4
2026-09-01,食品飲料,紅龍 冷凍紅燒牛肉麵 820公克 X 4入,$729,,,指定夏日涼感商品：買2件享8.5折，買3件享8折（結帳時依活動條件計算）,https://www.costco.com.tw/Food-Dining/Frozen-Fresh-Food/Frozen-Meals/Red-Dragon-Frozen-Braised-Beef-Noodle-820-g-X-4-Pack/p/91855,https://www.costco.com.tw/medias/sys_master/images/he6/h7f/30573425491998.jpg,https://www.costco.com.tw/voucher4
2026-09-01,食品飲料,鮮煮藝 冷凍清燉羊肉鍋 1.2 公斤 X 2 包,$799,,,指定夏日涼感商品：買2件享8.5折，買3件享8折（結帳時依活動條件計算）,https://www.costco.com.tw/Food-Dining/Frozen-Fresh-Food/Frozen-Meals/Delicious-Idea-Frozen-Stewed-Sheep-Pot-12-kg-X-2-Pack/p/161487,https://www.costco.com.tw/medias/sys_master/images/h33/ha2/434798808203294.jpg,https://www.costco.com.tw/voucher4
2026-09-01,家具家居,Trinity 多功能三層置物架,"$1,649",,,2026/07/20-08/02期間購買指定家具，買1件享85折，買2件享8折優惠。,https://www.costco.com.tw/Furniture-Kitchen/Storage-Organization/Shelving/Trinity-3-Tier-Wire-Cart/p/403516,https://www.costco.com.tw/medias/sys_master/images/hac/hd0/9955561111582.jpg,https://www.costco.com.tw/voucher2
2026-09-01,家具家居,Trinity 移動式雙面多功能收納架,"$4,599",,,2026/07/20-08/02期間購買指定家具，買1件享85折，買2件享8折優惠。,https://www.costco.com.tw/Furniture-Kitchen/Storage-Organization/Shelving/Trinity-Mobile-Double-Sided-Bin-Rack/p/910051,https://www.costco.com.tw/medias/sys_master/products/h44/h6e/8827467235358.jpg,https://www.costco.com.tw/voucher2
2026-09-01,家具家居,Trinity 五層多功能大型置物架 黑色,"$3,429",,,2026/07/20-08/02期間購買指定家具，買1件享85折，買2件享8折優惠。,https://www.costco.com.tw/Furniture-Kitchen/Storage-Organization/Shelving/Trinity-5-Tier-NSF-Wire-Rack-with-Wheels-Black/p/106816,https://www.costco.com.tw/medias/sys_master/products/h8f/hc2/8825996050462.jpg,https://www.costco.com.tw/voucher2
2026-09-01,家具家居,Trinity 六層多功能置物架 黑色,"$2,949",,,2026/07/20-08/02期間購買指定家具，買1件享85折，買2件享8折優惠。,https://www.costco.com.tw/Furniture-Kitchen/Storage-Organization/Shelving/Trinity-6-Tier-NSF-Wire-Rack-With-Wheels-Black/p/106817,https://www.costco.com.tw/medias/sys_master/products/hea/ha8/8825997951006.jpg,https://www.costco.com.tw/voucher2
2026-09-01,家具家居,Trinity 五層多功能置物架 黑色,"$1,415",,,2026/07/20-08/02期間購買指定家具，買1件享85折，買2件享8折優惠。,https://www.costco.com.tw/Furniture-Kitchen/Storage-Organization/Shelving/Trinity-5-Tier-NSF-Wire-Rack-With-Wheels-Black/p/106818,https://www.costco.com.tw/medias/sys_master/products/h5e/h2a/8825999327262.jpg,https://www.costco.com.tw/voucher2
2026-09-01,家具家居,樂歌 人體工學智慧電動升降桌 原木桌面 ET200-C,"$6,399","$7,999","$1,600","商品已折價 $1,600；2026/07/20-08/02期間購買指定家具，買1件享85折，買2件享8折優惠。",https://www.costco.com.tw/Furniture-Kitchen/Furniture/Computer-Desk-Chair-Sets/Loctek-Adjustable-Desk-Wood-ET200-C/p/154977,https://www.costco.com.tw/medias/sys_master/images/h8e/h10/366793429254174.jpg,https://www.costco.com.tw/voucher2
2026-09-01,家電 3C,徠芬 高速吹風機 SE,"$2,119","$2,659",$540,商品已折價 $540；2026/07/20-08/02期間購買指定家具，買1件享85折，買2件享8折優惠。,https://www.costco.com.tw/Televisions-Appliances/Small-Appliances/Hair-Skin-Care-Tools/Laifen-High-Speed-Hair-Dryer-SE/p/156484,https://www.costco.com.tw/medias/sys_master/images/h00/h6f/401755812266014.jpg,https://www.costco.com.tw/voucher2
2026-09-01,家具家居,3M 平單式雙人保潔墊 3件組 150公分 X 186公分 X 32公分,"$1,295","$1,679",$384,商品已折價 $384；2026/07/20-08/02期間購買指定家具，買1件享85折，買2件享8折優惠。,https://www.costco.com.tw/Furniture-Kitchen/Bedding/Mattress-Toppers/3M-Protective-Pad-Bed-Cover-3-Piece-150-cm-X-186-cm-X-32-cm/p/107147,https://www.costco.com.tw/medias/sys_master/images/h7f/hb0/175686347653150.jpg,https://www.costco.com.tw/voucher2
2026-09-01,服飾配件,Cole Haan 男短襪十入組,$439,$549,$110,商品已折價 $110；2026/07/20-08/02期間購買指定家具，買1件享85折，買2件享8折優惠。,https://www.costco.com.tw/Clothing-Accessories/Mens-Clothing/Mens-Socks-Underwear/Cole-Haan-Mens-Dress-Socks-10-Pack-Set/p/926341,https://www.costco.com.tw/medias/sys_master/images/hbe/h6e/471216592781342.jpg,https://www.costco.com.tw/voucher2
2026-09-01,家具家居,席伊麗 美姿系列 Colorado雙人加大床墊 183公分 X 190公分,"$50,299","$51,099",$800,商品已折價 $800；2026/07/20-08/02期間購買指定家具，買1件享85折，買2件享8折優惠。,https://www.costco.com.tw/Furniture-Kitchen/Bedding/Mattress-Toppers/Sealy-Colorado-Posturepedic-Mattress-183-X-190-cm/p/133225,https://www.costco.com.tw/medias/sys_master/images/h34/h5e/87953865998366.jpg,https://www.costco.com.tw/voucher2
2026-09-01,家具家居,Ergoking 網布人體工學椅 171 S Plus系列,"$50,299","$51,099",$800,商品已折價 $800；2026/07/20-08/02期間購買指定家具，買1件享85折，買2件享8折優惠。,https://www.costco.com.tw/Furniture-Kitchen/Furniture/Computer-Desk-Chair-Sets/Ergoking-Mesh-Chair-171-S-Plus/p/132324,https://www.costco.com.tw/medias/sys_master/images/h34/h5e/87953865998366.jpg,https://www.costco.com.tw/voucher2
2026-09-01,家具家居,幻知曲 R450 標準雙人睡眠系統 贈保潔墊 150公分 X 200公分,"$50,299","$51,099",$800,商品已折價 $800；2026/07/20-08/02期間購買指定家具，買1件享85折，買2件享8折優惠。,https://www.costco.com.tw/Furniture-Kitchen/Furniture/Bedroom-Furniture-Sets/Reverie-R450-Sleep-System-with-Protector-150-cm-X-200-cm/p/141096,https://www.costco.com.tw/medias/sys_master/images/h34/h5e/87953865998366.jpg,https://www.costco.com.tw/voucher2
2026-09-01,家電 3C,Beats Studio Pro 無線頭戴式耳機,"$50,299","$51,099",$800,商品已折價 $800；2026/07/20-08/02期間購買指定家具，買1件享85折，買2件享8折優惠。,https://www.costco.com.tw/Digital-Mobile/Wearables-Audio/Headphones-Audio-Devices/Beats-Studio-Pro-Wireless-Headphones/p/141447-B,https://www.costco.com.tw/medias/sys_master/images/h34/h5e/87953865998366.jpg,https://www.costco.com.tw/voucher2
2026-09-01,家具家居,台達電子 多功能循環涼暖風機 標準型300系列 遙控型,"$50,299","$51,099",$800,商品已折價 $800；2026/07/20-08/02期間購買指定家具，買1件享85折，買2件享8折優惠。,https://www.costco.com.tw/Furniture-Kitchen/Hardware-DIY/KitchenBathroom-Hardware/Delta-Fan-Heater-Classic-300-Series-Remote-Control/p/135409-B,https://www.costco.com.tw/medias/sys_master/images/h34/h5e/87953865998366.jpg,https://www.costco.com.tw/voucher2
2026-09-01,家具家居,席伊麗 護背系列 Sunshine 標準雙人床墊 152公分 X 190公分,"$50,299","$51,099",$800,商品已折價 $800；2026/07/20-08/02期間購買指定家具，買1件享85折，買2件享8折優惠。,https://www.costco.com.tw/Furniture-Kitchen/Bedding/Mattress-Toppers/Sealy-Sunshine-Backsaver-Mattress-152-cm-X-190-cm/p/133226,https://www.costco.com.tw/medias/sys_master/images/h34/h5e/87953865998366.jpg,https://www.costco.com.tw/voucher2
2026-09-01,食品飲料,冷凍龍虎石斑下巴 3公斤,$979,"$1,129",$150,商品已折價$150 含運,https://www.costco.com.tw/Food-Dining/Frozen-Fresh-Food/Frozen-Seafood-Meat/p/486793,https://www.costco.com.tw/medias/sys_master/images/ha4/hcd/61645677527070.jpg,https://www.costco.com.tw/Deals/c/Coupon
2026-09-01,家電 3C,艾美特 14吋DC 直流遙控立扇 FS35150R,"$2,099",,,含運,https://www.costco.com.tw/Televisions-Appliances/Cooling-Heating-Air-Treatment/Heating-Cooling/Airmate-14-inch-DC-Inverter-Stand-Fan-FS35150R/p/149335,https://www.costco.com.tw/medias/sys_master/images/h27/hee/333377589444638.jpg,https://www.costco.com.tw/c/Hero_Cool
2026-09-01,其他,東元 快速自動製冰塊機,"$2,899",,,含運,https://www.costco.com.tw/p/146687,https://www.costco.com.tw/medias/sys_master/images/h1d/hca/255087840395294.jpg,https://www.costco.com.tw/c/Hero_Cool
2026-09-01,家具家居,Downlite 涼感舒眠枕 2入 51公分 X 71公分,$669,,,含運,https://www.costco.com.tw/Furniture-Kitchen/Bedding/Pillows-Comforters-Blankets/Downlite-Ultimate-Freeze-Sleep-Pillow-2-Pack-51-cm-X-71-cm/p/688672,https://www.costco.com.tw/medias/sys_master/images/h6b/he5/450418277122078.jpg,https://www.costco.com.tw/c/Hero_Cool
2026-09-01,其他,Blender Bottle 不鏽鋼隨行搖搖杯 740毫升 X 2件組,$999,,,含運,https://www.costco.com.tw/p/2738416,https://www.costco.com.tw/medias/sys_master/images/h42/h90/399197041852446.jpg,https://www.costco.com.tw/c/Hero_Cool
2026-09-01,家電 3C,IRIS Woozoo 空氣循環扇 PCF-SC15T-CT,"$1,269",,,含運,https://www.costco.com.tw/Televisions-Appliances/Cooling-Heating-Air-Treatment/Heating-Cooling/IRIS-Woozoo-Circulator-Fan-PCF-SC15T-CT/p/2354207,https://www.costco.com.tw/medias/sys_master/images/ha5/h9d/329850798506014.jpg,https://www.costco.com.tw/c/Hero_Cool
2026-09-01,其他,La Belle 素色涼感被 150公分 X 200公分 抹茶,"$1,259",,,含運,https://www.costco.com.tw/Bedding/p/358611,https://www.costco.com.tw/medias/sys_master/images/h61/had/433626148208670.jpg,https://www.costco.com.tw/c/Hero_Cool
2026-09-01,其他,ThermoFlask 不鏽鋼保冷保溫瓶 1.2公升 X 2件組,$759,,,含運,https://www.costco.com.tw/p/158977,https://www.costco.com.tw/medias/sys_master/images/hf3/h66/451293301112862.jpg,https://www.costco.com.tw/c/Hero_Cool
2026-09-01,其他,La Belle 素色涼感被 150公分 X 200公分 水藍,"$1,259",,,含運,https://www.costco.com.tw/Bedding/p/258611,https://www.costco.com.tw/medias/sys_master/images/h29/h68/433626147586078.jpg,https://www.costco.com.tw/c/Hero_Cool
2026-09-01,其他,樂扣樂扣 Tritan 大容量彈蓋提帶冷水壺 2.2公升,$649,,,含運,https://www.costco.com.tw/p/159317,https://www.costco.com.tw/medias/sys_master/images/hc0/h86/433249572290590.jpg,https://www.costco.com.tw/c/Hero_Cool
2026-09-01,其他,Lustroware 冷水壺 2.2公升 X 2件組,$649,,,含運,https://www.costco.com.tw/p/149213,https://www.costco.com.tw/medias/sys_master/images/hfa/hcb/311441770086430.jpg,https://www.costco.com.tw/c/Hero_Cool
2026-09-01,其他,La Belle 素色涼感被 150公分 X 200公分 柔粉,"$1,259",,,含運,https://www.costco.com.tw/Bedding/p/158611,https://www.costco.com.tw/medias/sys_master/images/h61/h2c/433626094731294.jpg,https://www.costco.com.tw/c/Hero_Cool
2026-09-01,其他,La Belle 素色涼感被 150公分 X 200公分 杏色,"$1,259",,,含運,https://www.costco.com.tw/Bedding/p/458611,https://www.costco.com.tw/medias/sys_master/images/h83/hdf/433626153353246.jpg,https://www.costco.com.tw/c/Hero_Cool
2026-09-01,其他,聲寶 16吋 機械式立扇 SK-GF16X,"$1,359",,,含運,https://www.costco.com.tw/Cooling-Heating-Air-Treatment/Heating-Cooling/p/158738,https://www.costco.com.tw/medias/sys_master/images/h97/h2d/454769487413278.jpg,https://www.costco.com.tw/c/Hero_Cool
2026-09-01,家具家居,幻知曲 涼感舒眠枕 66公分 X 38公分 X 11公分,$985,,,含運,https://www.costco.com.tw/Furniture-Kitchen/Bedding/Pillows-Comforters-Blankets/Reverie-Cooling-Pillow-66-cm-X-38-cm-X-11-cm/p/156890,https://www.costco.com.tw/medias/sys_master/images/ha6/h87/418530686533662.jpg,https://www.costco.com.tw/c/Hero_Cool
2026-09-01,其他,Sea Breeze 雙人涼感墊 152公分 X 195公分,$929,,,含運,https://www.costco.com.tw/Bedding/p/143514,https://www.costco.com.tw/medias/sys_master/images/h52/h68/450045165928478.jpg,https://www.costco.com.tw/c/Hero_Cool
2026-09-01,其他,SodaStream Terra 自動扣瓶氣泡水機,"$3,499",,,含運,https://www.costco.com.tw/p/159693,https://www.costco.com.tw/medias/sys_master/images/h4e/h0d/437687257825310.jpg,https://www.costco.com.tw/c/Hero_Cool
2026-09-01,其他,艾美特 DC 遙控大廈扇 FT89R,"$2,999",,,含運,https://www.costco.com.tw/Cooling-Heating-Air-Treatment/Heating-Cooling/p/150625,https://www.costco.com.tw/medias/sys_master/images/h07/hdc/361109992177694.jpg,https://www.costco.com.tw/c/Hero_Cool
2026-09-01,其他,IRIS OHYAMA 桌上迷你型空氣循環扇 TAF-MKM10N,$589,,,含運,https://www.costco.com.tw/Cooling-Heating-Air-Treatment/Heating-Cooling/p/145560,https://www.costco.com.tw/medias/sys_master/images/h11/h96/238306256551966.jpg,https://www.costco.com.tw/c/Hero_Cool
2026-09-01,家電 3C,樂司科 赤色風暴渦輪風扇 #X12900TW,"$3,399",,,含運,https://www.costco.com.tw/Televisions-Appliances/Cooling-Heating-Air-Treatment/Heating-Cooling/Lasko-X-Blower-Multi-Position-Utility-Blower-Fan-X12900TW/p/137007,https://www.costco.com.tw/medias/sys_master/images/hdb/h0b/115073010171934.jpg,https://www.costco.com.tw/c/Hero_Cool
2026-09-01,其他,Hario 日本製冷萃茶壺 1.2公升,$669,,,含運,https://www.costco.com.tw/p/158984,https://www.costco.com.tw/medias/sys_master/images/h6a/h4c/433626099417118.jpg,https://www.costco.com.tw/c/Hero_Cool
2026-09-01,其他,樂扣樂扣 Tritan 彈蓋提帶冷水壺 650毫升 + 1000毫升,$849,,,含運,https://www.costco.com.tw/p/155277,https://www.costco.com.tw/medias/sys_master/images/h63/h8a/378303654690846.jpg,https://www.costco.com.tw/c/Hero_Cool
2026-09-01,其他,艾美特 7吋DC直流遙控循環扇 FB1861R,"$2,499",,,含運,https://www.costco.com.tw/Cooling-Heating-Air-Treatment/Heating-Cooling/p/138212,https://www.costco.com.tw/medias/sys_master/images/he3/hb8/139437267550238.jpg,https://www.costco.com.tw/c/Hero_Cool
2026-09-01,其他,艾美特 12吋USB充電式摺疊電扇 UD3052R,"$2,549",,,含運,https://www.costco.com.tw/Cooling-Heating-Air-Treatment/Heating-Cooling/p/143497,https://www.costco.com.tw/medias/sys_master/images/hc2/hc7/223144341307422.jpg,https://www.costco.com.tw/c/Hero_Cool
2026-09-01,其他,艾美特 12吋DC電扇 FS30253R,"$1,899",,,含運,https://www.costco.com.tw/Cooling-Heating-Air-Treatment/Heating-Cooling/p/157027,https://www.costco.com.tw/medias/sys_master/images/h6c/h38/450418078515230.jpg,https://www.costco.com.tw/c/Hero_Cool
2026-09-01,其他,Caliphil PrimaLoft 長纖涼夏被 150公分 X 210公分,"$1,499",,,含運,https://www.costco.com.tw/Bedding/p/121518,https://www.costco.com.tw/medias/sys_master/images/ha1/hbb/12196925538334.jpg,https://www.costco.com.tw/c/Hero_Cool
2026-09-01,其他,Thermoflask 不鏽鋼保冷保溫瓶 946毫升 X 2件組,$659,,,含運,https://www.costco.com.tw/p/1901817,https://www.costco.com.tw/medias/sys_master/images/hc3/h42/451293661429790.jpg,https://www.costco.com.tw/c/Hero_Cool
2026-09-01,其他,Studio TU 玻璃飲料桶 8.3公升 含木製桶架 & 上蓋,$715,,,含運,https://www.costco.com.tw/p/1796162,https://www.costco.com.tw/medias/sys_master/images/h1a/h6b/449275417952286.jpg,https://www.costco.com.tw/c/Hero_Cool
2026-09-01,其他,艾美特 USB 桌/夾式充電風扇 2入組 UD703S,"$1,129",,,含運,https://www.costco.com.tw/Cooling-Heating-Air-Treatment/Heating-Cooling/p/157028,https://www.costco.com.tw/medias/sys_master/images/h38/hf0/417417232580638.jpg,https://www.costco.com.tw/c/Hero_Cool
2026-09-01,其他,艾美特 DC直流無扇葉塔扇 BF01R,"$4,999",,,含運,https://www.costco.com.tw/Cooling-Heating-Air-Treatment/Heating-Cooling/p/136601,https://www.costco.com.tw/medias/sys_master/images/h49/he3/100759962026014.jpg,https://www.costco.com.tw/c/Hero_Cool
2026-09-01,其他,Lustroware 冷水壺 2.1公升 X 2件組 附濾網,$679,,,含運,https://www.costco.com.tw/p/135210,https://www.costco.com.tw/medias/sys_master/images/hd2/h8e/97634191769630.jpg,https://www.costco.com.tw/c/Hero_Cool
2026-09-01,其他,HOUSUXI 舒希 迪士尼 不鏽鋼保冷保溫瓶 1.2公升 X 2件組,"$1,229",,,含運,https://www.costco.com.tw/p/160483,https://www.costco.com.tw/medias/sys_master/images/ha7/hac/450045415981086.jpg,https://www.costco.com.tw/c/Hero_Cool
2026-09-01,其他,妙管家 全自動極速製冰機 HKCV-22C,"$2,199",,,含運,https://www.costco.com.tw/p/151052,https://www.costco.com.tw/medias/sys_master/images/h1f/h54/364686749138974.jpg,https://www.costco.com.tw/c/Hero_Cool
2026-09-01,其他,WOKY 沃廚 ECOZEN 純透渾圓隨行杯 880毫升 X 2件組,$879,,,含運,https://www.costco.com.tw/p/150702,https://www.costco.com.tw/medias/sys_master/images/h50/he5/311830114598942.jpg,https://www.costco.com.tw/c/Hero_Cool
2026-09-01,其他,艾美特 14吋 DC 直流立扇 (FS35C005R),"$2,999",,,含運,https://www.costco.com.tw/Cooling-Heating-Air-Treatment/Heating-Cooling/p/135005,https://www.costco.com.tw/medias/sys_master/images/h43/h94/66800260513822.jpg,https://www.costco.com.tw/c/Hero_Cool
2026-09-01,其他,Allertect 涼感抱枕 20公分 X 100公分,$859,,,含運,https://www.costco.com.tw/p/642617,https://www.costco.com.tw/medias/sys_master/images/he9/h71/467794401132574.jpg,https://www.costco.com.tw/c/Hero_Cool
2026-09-01,其他,Don Home 300織萊賽爾雙人加大兩用被套六件組 182公分 X 190公分 微光,"$2,999",,,含運,https://www.costco.com.tw/Bedding/p/159774,https://www.costco.com.tw/medias/sys_master/images/hc0/hd4/455116822806558.jpg,https://www.costco.com.tw/c/Hero_Cool
2026-09-01,其他,Don Home 300織萊賽爾雙人兩用被套六件組 152公分 X 190公分 同頻,"$2,599",,,含運,https://www.costco.com.tw/Bedding/p/159769,https://www.costco.com.tw/medias/sys_master/images/hd7/hb9/455116809633822.jpg,https://www.costco.com.tw/c/Hero_Cool
2026-09-01,其他,Don Home 300織萊賽爾雙人兩用被套六件組 152公分 X 190公分 四季,"$2,599",,,含運,https://www.costco.com.tw/Bedding/p/159768,https://www.costco.com.tw/medias/sys_master/images/h84/ha8/455116805701662.jpg,https://www.costco.com.tw/c/Hero_Cool
2026-09-01,家電 3C,艾美特 9吋DC直流馬達空氣循環扇 FB2393DR,"$3,799",,,含運,https://www.costco.com.tw/Televisions-Appliances/Cooling-Heating-Air-Treatment/Heating-Cooling/Airmate-9-inch-DC-Inverter-Air-Circulator-FB2393DR/p/149328,https://www.costco.com.tw/medias/sys_master/images/h90/h0d/333377583120414.jpg,https://www.costco.com.tw/c/Hero_Cool
2026-09-01,其他,艾美特 USB手持充電風扇 2入組 (UD802),$999,,,含運,https://www.costco.com.tw/Cooling-Heating-Air-Treatment/Heating-Cooling/p/133802,https://www.costco.com.tw/medias/sys_master/images/h7c/h84/69412028284958.jpg,https://www.costco.com.tw/c/Hero_Cool
2026-09-01,其他,艾美特 16吋DC直流立扇 FS40125R,"$3,359",,,含運,https://www.costco.com.tw/Cooling-Heating-Air-Treatment/Heating-Cooling/p/126487,https://www.costco.com.tw/medias/sys_master/images/h05/h35/27585205338142.jpg,https://www.costco.com.tw/c/Hero_Cool
2026-09-01,家具家居,LAV 土耳其製玻璃杯 16件組,$659,,,含運,https://www.costco.com.tw/Furniture-Kitchen/Kitchen-Dining/Coffee-Accessories-Drinkware/LAV-Glass-Tumbler-16-Piece-Set/p/1933543,https://www.costco.com.tw/medias/sys_master/images/h60/h04/380918085189662.jpg,https://www.costco.com.tw/c/Hero_Cool
2026-09-01,其他,Don Home 300織萊賽爾雙人加大兩用被套六件組 182公分 X 190公分 協奏,"$2,999",,,含運,https://www.costco.com.tw/Bedding/p/159775,https://www.costco.com.tw/medias/sys_master/images/h8b/h9e/455116826804254.jpg,https://www.costco.com.tw/c/Hero_Cool
2026-09-01,其他,Don Home 300織萊賽爾雙人加大兩用被套六件組 182公分 X 190公分 同頻,"$2,999",,,含運,https://www.costco.com.tw/Bedding/p/159773,https://www.costco.com.tw/medias/sys_master/images/hf0/h31/455116822478878.jpg,https://www.costco.com.tw/c/Hero_Cool
2026-09-01,其他,Don Home 300織萊賽爾雙人加大兩用被套六件組 182公分 X 190公分 四季,"$2,999",,,含運,https://www.costco.com.tw/Bedding/p/159772,https://www.costco.com.tw/medias/sys_master/images/h64/h94/455116818350110.jpg,https://www.costco.com.tw/c/Hero_Cool
2026-09-01,其他,Don Home 300織萊賽爾雙人兩用被套 6件組 152公分 X 190公分 協奏,"$2,599",,,含運,https://www.costco.com.tw/Bedding/p/159771,https://www.costco.com.tw/medias/sys_master/images/h27/h2b/455116814090270.jpg,https://www.costco.com.tw/c/Hero_Cool
2026-09-01,其他,Don Home 300織萊賽爾雙人兩用被套六件組 152公分 X 190公分 微光,"$2,599",,,含運,https://www.costco.com.tw/Bedding/p/159770,https://www.costco.com.tw/medias/sys_master/images/hb1/hb9/455116810223646.jpg,https://www.costco.com.tw/c/Hero_Cool
2026-09-01,家電 3C,Life on Products 手持扇 2入組 LCAF004,"$1,399",,,含運,https://www.costco.com.tw/Televisions-Appliances/Cooling-Heating-Air-Treatment/Heating-Cooling/Life-on-Products-Handheld-Fan-2-Pack-Set-LCAF004/p/157178,https://www.costco.com.tw/medias/sys_master/images/h3e/h44/450045188669470.jpg,https://www.costco.com.tw/c/Hero_Cool
2026-09-01,其他,向物 高速手持風扇 引擎PRO DSHJ-S-2324,$969,,,含運,https://www.costco.com.tw/Cooling-Heating-Air-Treatment/Heating-Cooling/p/152999,https://www.costco.com.tw/medias/sys_master/images/h2a/h8e/379074342223902.jpg,https://www.costco.com.tw/c/Hero_Cool
2026-09-01,其他,Boutique Living 400織萊賽爾床包 6件組 雙人尺寸,"$2,199",,,含運,https://www.costco.com.tw/Bedding/p/150460,https://www.costco.com.tw/medias/sys_master/images/hd0/h4d/471660175360030.jpg,https://www.costco.com.tw/c/Hero_Cool
